title,company,location,type,skills_required,salary_min,salary_max,category
Senior Business Intelligence Analyst,Ashford Advisory Group,"Austin, TX",Full-time,"Time Management, KPI Development, Financial Analysis, Tableau, SAP, P&L Management",128621,141270,Data & Analytics
Senior Revenue Analyst,Rivergate Analytics,"New York, NY",Part-time,"P&L Management, Business Development, Negotiation, Investment Analysis",100223,115945,"Business, Finance & Analytics"
Staff Controller,Thornwood Ledger Co.,"Boston, MA",Full-time,"Investment Analysis, Accounting Principles, Excel Financial Modeling",160892,172576,"Business, Finance & Analytics"
Principal BI Developer,Rivergate Financial Services,"Chicago, IL",Contract,"NetSuite, Financial Modeling, Pricing Strategy, Presentation Skills, SQL",148857,165792,Data & Analytics
Senior Compliance Analyst,Oakhaven Consulting,"Seattle, WA",Full-time,"Excel Financial Modeling, Accounting Principles, Investment Analysis, Business Development, KPI Development, Competitive Intelligence, Procurement",116244,135302,"Business, Finance & Analytics"
Senior Business Intelligence Analyst,Harborline Holdings,"Atlanta, GA",Full-time,"Procurement, Supply Chain Analysis, KPI Development, QuickBooks, Risk Management, SQL, P&L Management, Vendor Management",112946,120676,Data & Analytics
Auditor,Redwood Wealth Partners,"Boston, MA",Full-time,"Procurement, Contract Negotiation, Cost-Benefit Analysis, Investment Analysis",78359,92086,"Business, Finance & Analytics"
Lead Risk Analyst,Brambleton Holdings,Remote,Contract,"Excel, P&L Management, Accounting Principles, Excel Financial Modeling, Contract Negotiation",136649,148371,"Business, Finance & Analytics"
Strategy Analyst Intern,Redwood Wealth Partners,Remote,Internship,"Risk Management, Excel Financial Modeling, Accounting Principles, Contract Negotiation, Vendor Management, P&L Management, Procurement, Competitive Intelligence",31981,37823,"Business, Finance & Analytics"
Internal Auditor Intern,Foxglen Advisory Group,"Austin, TX",Internship,"KPI Development, Excel Financial Modeling, Accounting Principles, Cost-Benefit Analysis",23772,31110,"Business, Finance & Analytics"
Treasury Analyst,Granite Ledger Co.,Remote,Full-time,"Contract Negotiation, Excel Financial Modeling, Financial Analysis, P&L Management, Supply Chain Analysis",95446,109627,"Business, Finance & Analytics"
Finance Manager,Rivergate Wealth Partners,Remote,Full-time,"Contract Negotiation, Investment Analysis, Supply Chain Analysis",132329,141082,"Business, Finance & Analytics"
Senior Business Analyst,Palisade Ventures,"Charlotte, NC",Contract,"Competitive Intelligence, SAP, Contract Negotiation, Investment Analysis, Procurement, SQL",119819,132506,"Business, Finance & Analytics"
Accounting Manager,Rivergate Analytics,"Boston, MA",Full-time,"Budgeting & Forecasting, NetSuite, Vendor Management,  Cost-Benefit Analysis , Procurement, Supply Chain Analysis, Risk Management, Communication",72836,80018,"Business, Finance & Analytics"
Business Intelligence Analyst Intern,Cobalt Trust Group,"Austin, TX",Internship,"Pricing Strategy, NetSuite, Tableau, Financial Modeling, Financial Analysis",34518,40480,Data & Analytics
Senior Business Intelligence Analyst,Cobalt Capital Group,Remote,Full-time,"Excel, Competitive Intelligence, Tableau, Financial Analysis, Business Development, Power BI, Financial Modeling, KPI Development",108587,117428,Data & Analytics
Treasury Analyst Manager,Brambleton Solutions Group,"Dallas, TX",Full-time,"Git, Contract Negotiation, Investment Analysis, Accounting Principles, Cost-Benefit Analysis, P&L Management",140397,155853,"Business, Finance & Analytics"
Staff Procurement Analyst,Redwood Capital Group,"San Francisco, CA",Full-time,"NetSuite, QuickBooks, Pricing Strategy, Business Development, Data-Driven Decision Making, Contract Negotiation, Supply Chain Analysis, SAP",140952,150979,"Business, Finance & Analytics"
Senior Finance Manager,Falcon Ridge Financial Group,"Chicago, IL",Full-time,"KPI Development, NetSuite, QuickBooks, Investment Analysis, Procurement, VENDOR MANAGEMENT, Budgeting & Forecasting",103219,120268,"Business, Finance & Analytics"
Revenue Analyst,Brightpath Trust Group,"Charlotte, NC",Part-time,"Investment Analysis, QuickBooks, Accounting Principles, Vendor Management, Pricing Strategy, Risk Management, Presentation Skills, Excel Financial Modeling",98052,103717,"Business, Finance & Analytics"
Principal Strategy Analyst,Summit Solutions Group,Remote,Full-time,"NetSuite, Pricing Strategy, Budgeting & Forecasting",164735,177581,"Business, Finance & Analytics"
Senior Risk Analyst,Falcon Ridge Ledger Co.,Remote,Full-time,"Accounting Principles, KPI Development, Vendor Management, Git, Supply Chain Analysis",107411,116414,"Business, Finance & Analytics"
Senior Payroll Specialist,Brightpath Solutions Group,"Charlotte, NC",Full-time,"Competitive Intelligence, SAP, Accounting Principles, Financial Analysis, Supply Chain Analysis",111060,125942,"Business, Finance & Analytics"
Business Analyst Intern,Bluepeak Investment Partners,Remote,Internship,"Investment Analysis, NetSuite, Cost-Benefit Analysis, SAP, Supply Chain Analysis, Pricing Strategy, Vendor Management",25471,29948,"Business, Finance & Analytics"
Lead Procurement Analyst,Northfield Ventures,"Dallas, TX",Full-time,"Risk Management, SAP, Business Development, Data-Driven Decision Making, Accounting Principles",139772,148034,"Business, Finance & Analytics"
Treasury Analyst Intern,Highfield Investment Partners,"Dallas, TX",Internship,"Accounting Principles, SAP, Data-Driven Decision Making, Communication, QuickBooks, Excel Financial Modeling",33799,37008,"Business, Finance & Analytics"
Data Analyst Manager,Lakeshore Ledger Co.,"Dublin, Ireland",Full-time,"Salesforce, Vendor Management, KPI Development",126347,146830,Data & Analytics
Senior Accountant,Palisade Capital Group,"Dublin, Ireland",Full-time,"Financial Analysis, SAP, Data-Driven Decision Making, Contract Negotiation, Supply Chain Analysis, Critical Thinking, Pricing Strategy, Risk Management",127816,137676,"Business, Finance & Analytics"
Data Analyst,Brightpath Trust Group,Remote,Contract,"Risk Management, Financial Modeling, SAP, Stakeholder Management, Data-Driven Decision Making, Vendor Management, Salesforce",96306,103159,Data & Analytics
Risk Manager,Skyline Strategy Group,Remote,Part-time,"Budgeting & Forecasting, Cost-Benefit Analysis, KPI Development, QuickBooks, NetSuite, Excel Financial Modeling, Procurement, Business Development",97541,109632,"Business, Finance & Analytics"
Risk Analyst Intern,Rivergate Wealth Partners,Remote,Internship,"Investment Analysis, Budgeting & Forecasting, KPI Development, Accounting Principles, Risk Management, Data-Driven Decision Making, Supply Chain Analysis, Vendor Management",28377,32789,"Business, Finance & Analytics"
Credit Analyst,Bluepeak Investment Partners,Remote,Full-time,"QuickBooks, KPI Development, P&L Management, Vendor Management, SAP",80367,93827,"Business, Finance & Analytics"
Supply Chain Analyst,Brightpath Solutions Group,"Boston, MA",Full-time,"Procurement, Business Development, Accounting Principles, Data-Driven Decision Making, Supply Chain Analysis, Budgeting & Forecasting, Excel, Risk Management",99037,107399,Business Operations
Lead Supply Chain Analyst,Sterling Financial Partners,"Dallas, TX",Part-time,"Financial Analysis, Cost-Benefit Analysis, Procurement, Accounting Principles, Pricing Strategy, KPI Development, Data-Driven Decision Making",150651,158611,Business Operations
Financial Analyst Intern,Ravenscroft Strategy Group,"Denver, CO",Internship,"Vendor Management, Procurement, Competitive Intelligence, P&L Management, SAP",23004,29043,"Business, Finance & Analytics"
Revenue Analyst Manager,Brambleton Holdings,"Chicago, IL",Full-time,"Business Development, Investment Analysis, Procurement, Data-Driven Decision Making, SQL, QuickBooks, Cost-Benefit Analysis, Stakeholder Management",143198,152785,"Business, Finance & Analytics"
Junior Financial Analyst,Hollowbrook Wealth Partners,Remote,Full-time,"Procurement, Data-Driven Decision Making, Accounting Principles, Cost-Benefit Analysis, Contract Negotiation, Problem Solving",61487,69056,"Business, Finance & Analytics"
BI Developer,Brambleton Solutions Group,"Atlanta, GA",Contract,"Excel, Presentation Skills, Risk Management, Financial Modeling, Data-Driven Decision Making, Supply Chain Analysis",92918,102975,Data & Analytics
Business Analyst Intern,Ashford Advisory Group,Remote,Internship,"Accounting Principles, Contract Negotiation, SAP, P&L Management, Investment Analysis, Excel, NetSuite, Financial Analysis",31076,36550,"Business, Finance & Analytics"
Senior Accounting Manager,Palisade Ventures,"Atlanta, GA",Full-time,"Contract Negotiation, Pricing Strategy, Cost-Benefit Analysis, Vendor Management, SAP, Financial Analysis, Problem Solving, Risk Management",126985,136049,"Business, Finance & Analytics"
Junior Financial Analyst,Harborline & Associates,"Dublin, Ireland",Full-time,"NetSuite, Competitive Intelligence, Financial Modeling, Business Development, P&L Management, Risk Management, Data-Driven Decision Making, Vendor Management",55674,62005,"Business, Finance & Analytics"
Risk Analyst,Oakhaven Investment Partners,"Austin, TX",Full-time,"Data-Driven Decision Making, Business Development, Vendor Management",72269,79086,"Business, Finance & Analytics"
Senior Finance Manager,Sterling Capital Group,Remote,Part-time,"Vendor Management, Risk Management, Contract Negotiation, KPI Development, Budgeting & Forecasting",101927,110299,"Business, Finance & Analytics"
Compliance Analyst Intern,Sterling Strategy Group,Remote,Internship,"Pricing Strategy, Financial Analysis, KPI Development",22818,28075,"Business, Finance & Analytics"
Senior Investment Analyst,Brambleton Trust Group,Remote,Full-time,"Budgeting & Forecasting, NetSuite, Financial Modeling, Vendor Management",123641,135038,"Business, Finance & Analytics"
Lead Business Analyst,Silverbrook Financial Group,"San Francisco, CA",Full-time,"SAP, KPI Development, Competitive Intelligence, Pricing Strategy, Vendor Management,  Critical Thinking , Vendor Management",158661,170964,"Business, Finance & Analytics"
Senior Financial Analyst,Oakhaven Investment Partners,Remote,Full-time,"Budgeting & Forecasting, KPI Development, Financial Analysis, Contract Negotiation",130308,144547,"Business, Finance & Analytics"
Payroll Specialist Manager,Ironwood Financial Group,"Dallas, TX",Full-time,"Investment Analysis, Excel Financial Modeling, Financial Analysis, QuickBooks, Supply Chain Analysis",116288,128854,"Business, Finance & Analytics"
Procurement Analyst,Oakhaven Investment Partners,"Austin, TX",Full-time,"Excel Financial Modeling, Critical Thinking, Investment Analysis, Pricing Strategy, Vendor Management, Supply Chain Analysis, Competitive Intelligence",84863,99020,"Business, Finance & Analytics"
Junior Internal Auditor,Cobalt Trust Group,"Chicago, IL",Full-time,"NetSuite, Excel Financial Modeling, Budgeting & Forecasting, SAP, Supply Chain Analysis, Excel, Contract Negotiation, KPI Development",63396,71088,"Business, Finance & Analytics"
Junior Risk Manager,Highfield Financial Group,"San Francisco, CA",Full-time,"Pricing Strategy, Excel Financial Modeling, Budgeting & Forecasting, Supply Chain Analysis, QuickBooks, Data-Driven Decision Making",58587,64950,"Business, Finance & Analytics"
Treasury Analyst,Sterling Strategy Group,Remote,Contract,"Budgeting & Forecasting, Accounting Principles, Supply Chain Analysis",79276,86652,"Business, Finance & Analytics"
Lead Treasury Analyst,Rivergate Financial Services,"Charlotte, NC",Full-time,"Cost-Benefit Analysis, Contract Negotiation, Risk Management, Agile Methodology, Pricing Strategy, Procurement",143399,157855,"Business, Finance & Analytics"
Treasury Analyst Intern,Rivergate Analytics,Singapore,Internship,"QuickBooks, Accounting Principles, SAP, Vendor Management, Supply Chain Analysis, Excel Financial Modeling, NetSuite",36396,44000,"Business, Finance & Analytics"
Senior BI Developer,Silverbrook Financial Group,Remote,Full-time,"P&L Management, KPI Development, Cost-Benefit Analysis, Vendor Management, SQL",118236,128361,Data & Analytics
Operations Analyst Intern,Ironwood Financial Group,"Denver, CO",Internship,"Excel, KPI Development, Investment Analysis, Excel Financial Modeling, Vendor Management, SQL, Financial Analysis",34839,42711,Business Operations
Junior Procurement Analyst,Thornwood Ledger Co.,"Austin, TX",Full-time,"Contract Negotiation, Competitive Intelligence, SAP, Budgeting & Forecasting, Business Development",71755,80482,"Business, Finance & Analytics"
Financial Planning Analyst Intern,Harborline Ledger Co.,"Seattle, WA",Internship,"Contract Negotiation, Data-Driven Decision Making, Supply Chain Analysis, Financial Analysis, QuickBooks, Cost-Benefit Analysis",37475,43534,"Business, Finance & Analytics"
Senior Controller,Fernbrook Solutions Group,Remote,Full-time,"Business Development, Budgeting & Forecasting, Cost-Benefit Analysis",114925,132734,"Business, Finance & Analytics"
Tax Analyst Intern,Brambleton Trust Group,"Austin, TX",Internship,"Investment Analysis, QuickBooks, SAP, Excel Financial Modeling, KPI Development, Budgeting & Forecasting, Competitive Intelligence",37323,40962,"Business, Finance & Analytics"
Business Intelligence Analyst Intern,Thornwood Ledger Co.,"Austin, TX",Internship,"QuickBooks, Business Development, Tableau, Stakeholder Management, Competitive Intelligence, Data-Driven Decision Making, Accounting Principles",23334,30415,Data & Analytics
Accountant,Crestline Advisory Group,"Charlotte, NC",Contract,"Critical Thinking, KPI Development, Accounting Principles, Investment Analysis, Budgeting & Forecasting, P&L Management, Contract Negotiation",78952,84562,"Business, Finance & Analytics"
Data Analyst,Redwood Advisory Group,"New York, NY",Full-time,"Negotiation, NetSuite, Contract Negotiation, Tableau, SQL, Data-Driven Decision Making",77665,91048,Data & Analytics
Senior Staff Accountant,Meridian Financial Partners,Remote,Full-time,"Budgeting & Forecasting, NetSuite, Excel Financial Modeling",121979,136705,"Business, Finance & Analytics"
Compliance Analyst Manager,Pinecrest Advisory Group,"Sydney, Australia",Full-time,"Contract Negotiation, P&L Management, Competitive Intelligence, Procurement, Accounting Principles, Budgeting & Forecasting, Data-Driven Decision Making",139879,159065,"Business, Finance & Analytics"
Investment Analyst Intern,Cobalt Capital Group,"Atlanta, GA",Internship,"Accounting Principles, Critical Thinking, Procurement, Financial Analysis",35078,40546,"Business, Finance & Analytics"
Lead Business Intelligence Analyst,Brambleton Holdings,Remote,Full-time,"Budgeting & Forecasting, Pricing Strategy, Financial Analysis, Contract Negotiation",130084,139264,Data & Analytics
Principal Business Intelligence Analyst,Northfield Ventures,"Austin, TX",Part-time,"Business Development, SQL, Financial Analysis, Tableau, competitive intelligence, Power BI, Salesforce, NetSuite",161913,176798,Data & Analytics
Junior Risk Manager,Thornwood Ledger Co.,"Seattle, WA",Full-time,"Excel Financial Modeling, KPI Development, Pricing Strategy",65346,71878,"Business, Finance & Analytics"
Data Analyst Manager,Redwood Financial Group,"Dallas, TX",Full-time,"Power BI, KPI Development, Competitive Intelligence, Procurement, Excel Financial Modeling, Financial Modeling, QuickBooks, Contract Negotiation",155306,172052,Data & Analytics
Junior Payroll Specialist,Bluepeak Strategy Group,Remote,Full-time,"Business Development, Excel, NetSuite, Contract Negotiation",58081,62353,"Business, Finance & Analytics"
Senior Supply Chain Analyst,Brambleton Solutions Group,"Sydney, Australia",Full-time,"Vendor Management, Business Development, QuickBooks, Investment Analysis, Accounting Principles, NetSuite, P&L Management, Financial Analysis",116723,124761,Business Operations
Senior Financial Planning Analyst,Summit Insights,Remote,Part-time,"Budgeting & Forecasting, NetSuite, Cost-Benefit Analysis, Data-Driven Decision Making",135073,145994,"Business, Finance & Analytics"
Senior Investment Analyst,Rivergate Analytics,"Sydney, Australia",Contract,"Pricing Strategy, Accounting Principles, Excel Financial Modeling",132550,148059,"Business, Finance & Analytics"
Lead Investment Analyst,Ironwood Strategy Group,"Chicago, IL",Full-time,"QuickBooks, Financial Modeling, Competitive Intelligence, Presentation Skills",160021,175760,"Business, Finance & Analytics"
Junior Procurement Analyst,Stonebridge Advisory Group,"Atlanta, GA",Full-time,"Investment Analysis, Risk Management, Business Development, Vendor Management, Data-Driven Decision Making, KPI Development",63499,71321,"Business, Finance & Analytics"
Treasury Analyst,Onyx Trust Group,"Chicago, IL",Full-time,"Budgeting & Forecasting, Git, Risk Management, Cost-Benefit Analysis, Financial Analysis, Procurement, KPI Development",87095,93584,"Business, Finance & Analytics"
Tax Analyst Manager,Meridian Financial Partners,"Denver, CO",Full-time,"Financial Analysis, QuickBooks, Risk Management, Pricing Strategy, KPI Development, Data-Driven Decision Making, SAP, Cost-Benefit Analysis",132595,147853,"Business, Finance & Analytics"
Junior Procurement Analyst,Ironwood Strategy Group,Remote,Full-time,"Risk Management, Investment Analysis, Vendor Management",63762,72014,"Business, Finance & Analytics"
Staff Internal Auditor,Palisade Ventures,"Austin, TX",Full-time,"Time Management, Competitive Intelligence, SAP, Business Development, P&L Management",161243,178270,"Business, Finance & Analytics"
Tax Analyst Intern,Redwood Capital Group,"Seattle, WA",Internship,"Time Management, Budgeting & Forecasting, Competitive Intelligence, Excel Financial Modeling, QuickBooks, Risk Management",36724,42516,"Business, Finance & Analytics"
Risk Manager,Onyx Strategy Group,"Dublin, Ireland",Part-time,"QuickBooks, Pricing Strategy, Supply Chain Analysis, Accounting Principles",95895,102076,"Business, Finance & Analytics"
Credit Analyst Intern,Highfield Investment Partners,"Denver, CO",Internship,"Risk Management, Cost-Benefit Analysis, Competitive Intelligence, Procurement, Excel Financial Modeling, Excel",37259,42812,"Business, Finance & Analytics"
Auditor,Cobalt Trust Group,"Chicago, IL",Contract,"Competitive Intelligence, Investment Analysis, NetSuite, Budgeting & Forecasting, Excel, P&L Management, Business Development",76911,88950,"Business, Finance & Analytics"
Treasury Analyst Intern,Hollowbrook Wealth Partners,"Boston, MA",Internship,"Competitive Intelligence, P&L Management, SAP, NetSuite, Excel Financial Modeling, Cost-Benefit Analysis, Financial Analysis, QuickBooks",31415,37440,"Business, Finance & Analytics"
Junior Risk Manager,Crestline Advisory Group,"Charlotte, NC",Part-time,"Competitive Intelligence, Accounting Principles, Budgeting & Forecasting, P&L Management, NetSuite, KPI Development, Vendor Management, Cost-Benefit Analysis",56081,64696,"Business, Finance & Analytics"
Revenue Analyst Intern,Ravenscroft Strategy Group,"Boston, MA",Internship,"Cost-Benefit Analysis, P&L Management, Communication, Pricing Strategy, Vendor Management, Budgeting & Forecasting, Data-Driven Decision Making, Excel Financial Modeling",33165,40145,"Business, Finance & Analytics"
Principal Supply Chain Analyst,Brambleton Trust Group,Remote,Full-time,"Contract Negotiation, Budgeting & Forecasting, Risk Management, Business Development, Data-Driven Decision Making, Cost-Benefit Analysis, NetSuite",176540,190442,Business Operations
Financial Planning Analyst,Onyx Trust Group,"Sydney, Australia",Full-time,"P&L Management, Financial Analysis, Data-Driven Decision Making, Business Development, Vendor Management, Pricing Strategy",74870,85752,"Business, Finance & Analytics"
Senior Revenue Analyst,Lakeshore Holdings,"Chicago, IL",Full-time,"Investment Analysis, Accounting Principles, Pricing Strategy, P&L Management, Risk Management, SAP, KPI Development, Cost-Benefit Analysis",108543,119896,"Business, Finance & Analytics"
Senior Data Analyst,Elmgate Advisory Group,"New York, NY",Full-time,"Salesforce, Contract Negotiation, Financial Modeling, QuickBooks, Excel, Pricing Strategy, Cost-Benefit Analysis, Excel Financial Modeling",124722,141589,Data & Analytics
Bookkeeper,Pinecrest Advisory Group,"Austin, TX",Full-time,"Excel, Accounting Principles, Business Development, Investment Analysis, Agile Methodology, Contract Negotiation",78722,92112,"Business, Finance & Analytics"
Risk Manager,Fernbrook Solutions Group,"Atlanta, GA",Full-time,"Budgeting & Forecasting, Risk Management, Financial Analysis, Contract Negotiation, SAP, Business Development, Investment Analysis, Procurement",94236,106137,"Business, Finance & Analytics"
Controller,Oakhaven Accounting Partners,"Atlanta, GA",Full-time,"Investment Analysis, Excel Financial Modeling, Supply Chain Analysis, Business Development, P&L Management, Vendor Management, Pricing Strategy, Competitive Intelligence",98688,104700,"Business, Finance & Analytics"
Senior Staff Accountant,Oakhaven Investment Partners,"Chicago, IL",Full-time,"Contract Negotiation, Excel, Vendor Management, NetSuite",98681,118667,"Business, Finance & Analytics"
Junior Internal Auditor,Highfield Investment Partners,"Austin, TX",Full-time,"Pricing Strategy, Budgeting & Forecasting, QuickBooks, Accounting Principles, P&L Management, Data-Driven Decision Making, Contract Negotiation, Excel Financial Modeling",71306,75447,"Business, Finance & Analytics"
Lead Revenue Analyst,Foxglen Advisory Group,"San Francisco, CA",Full-time,"Procurement, Business Development, Risk Management, Investment Analysis, Vendor Management, Negotiation, SQL, SAP",162567,169175,"Business, Finance & Analytics"
Internal Auditor,Ironwood Financial Group,Remote,Full-time,"P&L Management, Pricing Strategy, Cost-Benefit Analysis, Financial Analysis, Business Development, SAP",90138,95657,"Business, Finance & Analytics"
Junior Business Intelligence Analyst,Brambleton Solutions Group,"Toronto, ON",Full-time,"Data-Driven Decision Making, Contract Negotiation, Communication, Risk Management, KPI Development, Tableau, Accounting Principles, Pricing Strategy",69902,76374,Data & Analytics
Supply Chain Analyst,Ashford Advisory Group,Remote,Full-time,"Excel, Data-Driven Decision Making, Supply Chain Analysis, Investment Analysis, Pricing Strategy, Risk Management, SAP",86305,91712,Business Operations
Pricing Analyst,Brambleton Solutions Group,"Chicago, IL",Full-time,"Investment Analysis, Contract Negotiation, Pricing Strategy, Time Management",76784,89762,"Business, Finance & Analytics"
Finance Manager,Thornwood Ledger Co.,"Denver, CO",Part-time,"Cost-Benefit Analysis, SAP, Contract Negotiation, Procurement, Investment Analysis",82928,90885,"Business, Finance & Analytics"
Staff Financial Planning Analyst,Oakhaven Accounting Partners,"Atlanta, GA",Full-time,"ACCOUNTING PRINCIPLES, P&L Management, KPI Development, SAP, Budgeting & Forecasting, Supply Chain Analysis",163460,174218,"Business, Finance & Analytics"
Principal Bookkeeper,Highfield Investment Partners,"London, UK",Full-time,"Supply Chain Analysis, SAP, Accounting Principles, Competitive Intelligence, Investment Analysis, Data-Driven Decision Making",153930,165488,"Business, Finance & Analytics"
Junior Investment Analyst,Onyx Solutions Group,"Chicago, IL",Full-time,"P&L Management, Investment Analysis, Pricing Strategy, Procurement, NetSuite, Competitive Intelligence",59353,64436,"Business, Finance & Analytics"
Business Intelligence Analyst Intern,Ironwood Financial Group,"San Francisco, CA",Internship,"Cost-Benefit Analysis, Budgeting & Forecasting, Contract Negotiation, Risk Management",26354,34134,Data & Analytics
Financial Analyst,Redwood Advisory Group,"San Francisco, CA",Contract,"Financial Analysis, QuickBooks, SAP, Cost-Benefit Analysis, Data-Driven Decision Making, P&L Management",95032,103147,"Business, Finance & Analytics"
Junior Business Analyst,Rivergate Wealth Partners,"New York, NY",Full-time,"Supply Chain Analysis, Time Management, Accounting Principles, Data-Driven Decision Making",57807,63377,"Business, Finance & Analytics"
Senior Data Analyst,Brambleton Solutions Group,"Seattle, WA",Full-time,"Financial Analysis, Investment Analysis, Contract Negotiation, Accounting Principles, Cost-Benefit Analysis, Financial Modeling, KPI Development, Excel",134737,143668,Data & Analytics
Financial Analyst,Oakhaven Accounting Partners,Remote,Full-time,"Business Development, P&L Management, SAP, Git, Pricing Strategy",91294,99483,"Business, Finance & Analytics"
Staff Accountant,Palisade Investment Partners,"Charlotte, NC",Full-time,"Supply Chain Analysis, Data-Driven Decision Making, Accounting Principles, Competitive Intelligence, Cost-Benefit Analysis, Vendor Management, P&L Management",79727,87914,"Business, Finance & Analytics"
Procurement Analyst,Oakhaven Accounting Partners,"Austin, TX",Part-time,"NetSuite, Competitive Intelligence, Budgeting & Forecasting, Stakeholder Management",97001,108339,"Business, Finance & Analytics"
Senior Financial Planning Analyst,Skyline Consulting,"Chicago, IL",Part-time,"Critical Thinking, Excel Financial Modeling, Business Development, SAP, NetSuite, Contract Negotiation",126460,141050,"Business, Finance & Analytics"
Staff Accountant,Palisade Ventures,"Boston, MA",Full-time,"KPI Development, Investment Analysis, NetSuite, Risk Management",96488,102237,"Business, Finance & Analytics"
Revenue Analyst Intern,Redwood Financial Group,Remote,Internship,"Negotiation, Financial Analysis, Contract Negotiation, Cost-Benefit Analysis, Data-Driven Decision Making, NetSuite",36897,43565,"Business, Finance & Analytics"
Auditor Intern,Redwood Capital Group,"New York, NY",Internship,"Business Development, Vendor Management, Competitive Intelligence, Cost-Benefit Analysis, Risk Management, Supply Chain Analysis, NetSuite",27314,33023,"Business, Finance & Analytics"
Senior Compliance Analyst,Onyx Strategy Group,"Austin, TX",Full-time,"NetSuite, Budgeting & Forecasting, Risk Management, Accounting Principles",113365,133252,"Business, Finance & Analytics"
Principal Financial Analyst,Hollowbrook Wealth Partners,"Denver, CO",Full-time,"Procurement, QuickBooks, Accounting Principles, Data-Driven Decision Making, Problem Solving, Excel Financial Modeling, Vendor Management",171583,178499,"Business, Finance & Analytics"
Principal Operations Analyst,Highfield Financial Group,"New York, NY",Contract,"Financial Analysis, Vendor Management, Budgeting & Forecasting, NetSuite, Competitive Intelligence",179379,192094,Business Operations
Senior Financial Analyst,Summit Solutions Group,"Dallas, TX",Full-time,"KPI Development, Data-Driven Decision Making, Excel Financial Modeling, Accounting Principles, Agile Methodology, Business Development",124350,142413,"Business, Finance & Analytics"
Bookkeeper Intern,Sterling Financial Partners,"London, UK",Internship,"Supply Chain Analysis, NetSuite, Financial Analysis, Risk Management, P&L Management, KPI Development, Contract Negotiation, Data-Driven Decision Making",31932,37212,"Business, Finance & Analytics"
Operations Analyst Intern,Harborline Holdings,Remote,Internship,"Procurement, Risk Management, Investment Analysis, Competitive Intelligence",32793,38822,Business Operations
Staff Payroll Specialist,Wrenfield & Associates,"Dallas, TX",Full-time,"Excel Financial Modeling, Business Development, KPI Development, Accounting Principles, Procurement, Financial Analysis, Excel",137224,148881,"Business, Finance & Analytics"
Pricing Analyst Intern,Granite Bridge Capital,Remote,Internship,"Budgeting & Forecasting, Competitive Intelligence, Excel Financial Modeling, Risk Management, Investment Analysis, Vendor Management, Accounting Principles",29185,35716,"Business, Finance & Analytics"
Procurement Analyst Manager,Skyline Strategy Group,Remote,Full-time,"Risk Management, Cost-Benefit Analysis, SAP, Excel Financial Modeling, Competitive Intelligence",130487,140458,"Business, Finance & Analytics"
Treasury Analyst,Oakhaven Consulting,"Charlotte, NC",Full-time,"QuickBooks, P&L Management, Data-Driven Decision Making, Cost-Benefit Analysis, Agile Methodology",86217,97447,"Business, Finance & Analytics"
Internal Auditor,Highfield Solutions Group,Remote,Full-time,"QuickBooks, Pricing Strategy, Financial Analysis, Accounting Principles, Cost-Benefit Analysis, Procurement",93845,103502,"Business, Finance & Analytics"
Accountant Manager,Palisade Holdings,Remote,Full-time,"NetSuite, Excel Financial Modeling, Pricing Strategy, Accounting Principles, Contract Negotiation, P&L Management, Budgeting & Forecasting, Investment Analysis",132592,148259,"Business, Finance & Analytics"
Junior Tax Analyst,Brightpath Financial Services,"Seattle, WA",Full-time,"NetSuite, Excel, Pricing Strategy, Financial Analysis, Risk Management, Negotiation",67140,72809,"Business, Finance & Analytics"
Accounting Manager,Kestrel Asset Management,"New York, NY",Full-time,"QuickBooks, Cost-Benefit Analysis, Contract Negotiation, SAP, Excel Financial Modeling, Financial Analysis, Risk Management, Vendor Management",92741,101928,"Business, Finance & Analytics"
Junior Controller,Thornwood Insights,Remote,Part-time,"Accounting Principles, Procurement, Cost-Benefit Analysis, Supply Chain Analysis, Financial Analysis, Investment Analysis, Data-Driven Decision Making, Time Management",58076,66628,"Business, Finance & Analytics"
Controller,Silverbrook Financial Group,"Sydney, Australia",Full-time,"Competitive Intelligence, Contract Negotiation, Budgeting & Forecasting, SAP, Critical Thinking",82369,95483,"Business, Finance & Analytics"
Lead Procurement Analyst,Summit Solutions Group,"Dallas, TX",Full-time,"Vendor Management, Competitive Intelligence, Cost-Benefit Analysis, NetSuite, Time Management",160387,175264,"Business, Finance & Analytics"
Data Analyst,Summit Advisory Group,Remote,Full-time,"Financial Analysis, Investment Analysis, Vendor Management, Cost-Benefit Analysis, QuickBooks, P&L Management",83735,97599,Data & Analytics
Financial Planning Analyst Intern,Harborline Holdings,"Chicago, IL",Internship,"Business Development, Data-Driven Decision Making, Accounting Principles, Excel Financial Modeling, NetSuite, SAP, Procurement, Budgeting & Forecasting",31571,37239,"Business, Finance & Analytics"
Financial Analyst Intern,Northfield Ventures,"London, UK",Internship,"Procurement, Competitive Intelligence, Excel Financial Modeling",32507,39980,"Business, Finance & Analytics"
Junior Financial Analyst,Pinecrest Consulting,"Chicago, IL",Full-time,"Accounting Principles, Financial Analysis, Budgeting & Forecasting, KPI Development, Procurement, Excel Financial Modeling",59321,68066,"Business, Finance & Analytics"
Senior Internal Auditor,Sterling Strategy Group,"Boston, MA",Full-time,"Procurement, Investment Analysis, Cost-Benefit Analysis, QuickBooks, Accounting Principles, Supply Chain Analysis, Budgeting & Forecasting, Excel Financial Modeling",105743,116881,"Business, Finance & Analytics"
Senior Revenue Analyst,Oakhaven Accounting Partners,Remote,Full-time,"Data-Driven Decision Making, KPI Development, Contract Negotiation, Financial Analysis, Excel Financial Modeling, SAP, NetSuite",125615,135894,"Business, Finance & Analytics"
Accountant Manager,Redwood Wealth Partners,Remote,Full-time,"KPI Development, Excel, Financial Analysis, Business Development, Excel Financial Modeling, Data-Driven Decision Making, NetSuite, QuickBooks",138221,147573,"Business, Finance & Analytics"
Staff Accountant,Sterling Strategy Group,Remote,Full-time,"Risk Management, Budgeting & Forecasting, Accounting Principles, Excel Financial Modeling, Cost-Benefit Analysis, Supply Chain Analysis",76072,81818,"Business, Finance & Analytics"
Compliance Analyst,Sterling Financial Partners,"Denver, CO",Full-time,"Financial Analysis, Supply Chain Analysis, Competitive Intelligence, Excel, Risk Management",91198,104621,"Business, Finance & Analytics"
Internal Auditor,Onyx Solutions Group,Remote,Part-time,"Financial Analysis, Pricing Strategy, Accounting Principles, KPI Development, Excel, Cost-Benefit Analysis",93923,107884,"Business, Finance & Analytics"
Principal Finance Manager,Brambleton Holdings,"New York, NY",Full-time,"Pricing Strategy, NetSuite, Vendor Management, Financial Analysis, Risk Management, Business Development, Procurement, Budgeting & Forecasting",161175,174291,"Business, Finance & Analytics"
Financial Analyst,Summit Advisory Group,"Dallas, TX",Full-time,"Financial Analysis, SAP, Investment Analysis, Accounting Principles, Procurement, Financial Modeling",87975,99700,"Business, Finance & Analytics"
Senior Business Analyst,Brightpath Solutions Group,"Atlanta, GA",Full-time,"KPI Development, Data-Driven Decision Making, Negotiation, Excel, Financial Analysis, Contract Negotiation",120067,133610,"Business, Finance & Analytics"
Payroll Specialist Intern,Summit Insights,"Charlotte, NC",Internship,"Risk Management, SAP, P&L Management, Negotiation, Vendor Management",23830,31162,"Business, Finance & Analytics"
Junior Financial Analyst,Summit Solutions Group,"Atlanta, GA",Full-time,"SAP, Accounting Principles, Supply Chain Analysis, NetSuite, Pricing Strategy, P&L Management",63658,68624,"Business, Finance & Analytics"
Financial Planning Analyst,Rivergate Financial Services,Remote,Full-time,"Risk Management, QuickBooks, P&L Management, Vendor Management, SAP",78947,85338,"Business, Finance & Analytics"
Financial Analyst Intern,Granite Bridge Capital,Remote,Internship,"Vendor Management, QuickBooks, Supply Chain Analysis, SAP, Data-Driven Decision Making, Procurement, Accounting Principles, Risk Management",26164,32384,"Business, Finance & Analytics"
Senior Operations Analyst,Thornwood Asset Management,"New York, NY",Full-time,"Competitive Intelligence, Negotiation, Budgeting & Forecasting, Excel, P&L Management, Supply Chain Analysis, Pricing Strategy",105377,118951,Business Operations
FP&A Analyst,Ashford Advisory Group,Remote,Full-time,"Excel Financial Modeling, Data-Driven Decision Making, Vendor Management, Competitive Intelligence, Business Development, Risk Management, Accounting Principles",88033,100257,"Business, Finance & Analytics"
Business Intelligence Analyst,Pinecrest Advisory Group,"Charlotte, NC",Full-time,"QuickBooks, Competitive Intelligence, Salesforce",75874,84023,Data & Analytics
Senior Revenue Analyst,Skyline Consulting,Remote,Part-time,"NetSuite, P&L Management, Accounting Principles, Financial Analysis, Procurement",110146,120814,"Business, Finance & Analytics"
Junior Financial Planning Analyst,Silverbrook Financial Group,"Sydney, Australia",Full-time,"Financial Analysis, QuickBooks, Accounting Principles, Cost-Benefit Analysis, Budgeting & Forecasting, Excel Financial Modeling, Competitive Intelligence",55143,63243,"Business, Finance & Analytics"
Senior Risk Analyst,Northfield Ventures,"Austin, TX",Full-time,"Excel Financial Modeling, Supply Chain Analysis, Competitive Intelligence, Cost-Benefit Analysis, Vendor Management, Procurement, SQL, Data-Driven Decision Making",127709,137782,"Business, Finance & Analytics"
Senior Data Analyst,Oakhaven Investment Partners,"Charlotte, NC",Full-time,"Vendor Management, P&L Management, SAP, Business Development, Investment Analysis, Salesforce, KPI Development, Competitive Intelligence",114576,132401,Data & Analytics
Business Analyst Intern,Cobalt Trust Group,"Seattle, WA",Internship,"Competitive Intelligence, NetSuite, Data-Driven Decision Making, Procurement, Business Development, Budgeting & Forecasting, Presentation Skills",34729,41723,"Business, Finance & Analytics"
Junior Data Analyst,Granite Bridge Capital,"New York, NY",Part-time,"Excel, Budgeting & Forecasting, cost-benefit analysis",67687,73696,Data & Analytics
Supply Chain Analyst,Summit Advisory Group,"Austin, TX",Part-time,"Excel, Budgeting & Forecasting, Cost-Benefit Analysis, Supply Chain Analysis, Financial Analysis, Accounting Principles, Competitive Intelligence, Data-Driven Decision Making",90395,99725,Business Operations
Bookkeeper Manager,Redwood Advisory Group,"San Francisco, CA",Full-time,"Excel Financial Modeling, KPI Development, Financial Analysis, QuickBooks, Pricing Strategy, Vendor Management",120574,131175,"Business, Finance & Analytics"
Staff Tax Analyst,Northfield Ventures,"Chicago, IL",Part-time,"Competitive Intelligence, QuickBooks, Excel, Business Development, Risk Management, Financial Analysis, Cost-Benefit Analysis, Contract Negotiation",152640,161554,"Business, Finance & Analytics"
Senior Procurement Analyst,Sterling Financial Partners,"Boston, MA",Part-time,"KPI Development, Contract Negotiation, Excel Financial Modeling, Git",133320,141190,"Business, Finance & Analytics"
Strategy Analyst,Summit Insights,"Toronto, ON",Full-time,"Pricing Strategy, Risk Management, QuickBooks, SAP, Supply Chain Analysis, Excel Financial Modeling, Procurement, Negotiation",77362,86323,"Business, Finance & Analytics"
Treasury Analyst,Skyline Consulting,"San Francisco, CA",Full-time,"Cost-Benefit Analysis, Investment Analysis, KPI Development",83537,97209,"Business, Finance & Analytics"
Lead Risk Manager,Redwood Financial Partners,"London, UK",Full-time,"P&L Management, Procurement, Budgeting & Forecasting, Risk Management, NetSuite, Cost-Benefit Analysis, SAP, Financial Analysis",137546,145650,"Business, Finance & Analytics"
Finance Manager,Silverbrook Financial Services,"New York, NY",Contract,"KPI Development, Budgeting & Forecasting, Business Development",80115,85614,"Business, Finance & Analytics"
Payroll Specialist Intern,Bluepeak Investment Partners,"San Francisco, CA",Internship,"Competitive Intelligence, QuickBooks, Financial Analysis, Investment Analysis, Contract Negotiation, Business Development, Budgeting & Forecasting",23846,27196,"Business, Finance & Analytics"
Junior Compliance Analyst,Summit Solutions Group,"Charlotte, NC",Full-time,"Vendor Management, Investment Analysis, Git, KPI Development, SAP, Data-Driven Decision Making",52138,59708,"Business, Finance & Analytics"
Junior Data Analyst,Falcon Ridge Ledger Co.,"Seattle, WA",Full-time,"Accounting Principles, Pricing Strategy, Risk Management, Investment Analysis, QuickBooks, Competitive Intelligence, Budgeting & Forecasting, SAP",69700,76544,Data & Analytics
Staff Accountant,Brambleton Solutions Group,"San Francisco, CA",Full-time,"Data-Driven Decision Making, Accounting Principles, Investment Analysis, Cost-Benefit Analysis, QuickBooks, Supply Chain Analysis",89559,103721,"Business, Finance & Analytics"
Senior Operations Analyst,Brightpath Solutions Group,"San Francisco, CA",Full-time,"Business Development, Supply Chain Analysis, SAP, P&L Management, Pricing Strategy, Excel Financial Modeling",114497,129421,Business Operations
Revenue Analyst Manager,Stonebridge Advisory Group,Remote,Full-time,"Critical Thinking, Investment Analysis, Contract Negotiation, Excel Financial Modeling, Business Development, SAP",137457,146956,"Business, Finance & Analytics"
Senior Business Analyst,Stonebridge Strategy Group,"Charlotte, NC",Full-time,"Git, Supply Chain Analysis, Procurement, Contract Negotiation, Excel Financial Modeling",104576,113768,"Business, Finance & Analytics"
Junior Investment Analyst,Thornwood Ledger Co.,"Dallas, TX",Part-time,"Financial Analysis, Data-Driven Decision Making, NetSuite, Accounting Principles, Budgeting & Forecasting, KPI Development, Cost-Benefit Analysis, Pricing Strategy",63184,69648,"Business, Finance & Analytics"
Senior Revenue Analyst,Palisade Capital Group,Remote,Full-time,"Accounting Principles, SAP, Competitive Intelligence, Financial Analysis, Risk Management, Data-Driven Decision Making",104566,112730,"Business, Finance & Analytics"
Financial Planning Analyst,Oakhaven Investment Partners,Remote,Full-time,"Cost-Benefit Analysis, Vendor Management, Financial Analysis, P&L Management",92978,105497,"Business, Finance & Analytics"
BI Developer,Thornwood Ledger Co.,"New York, NY",Contract," P&L Management , Pricing Strategy, Business Development",75888,89332,Data & Analytics
Lead Auditor,Lakeshore Capital Group,"New York, NY",Full-time,"Accounting Principles, Stakeholder Management, QuickBooks, Data-Driven Decision Making, Budgeting & Forecasting",144225,152996,"Business, Finance & Analytics"
Risk Analyst Manager,Stonebridge Advisory Group,"San Francisco, CA",Full-time,"Competitive Intelligence, Procurement, Contract Negotiation, Excel, SQL",150900,165403,"Business, Finance & Analytics"
Senior FP&A Analyst,Palisade Holdings,"Seattle, WA",Full-time,"Competitive Intelligence, Excel Financial Modeling, Contract Negotiation, Supply Chain Analysis, Stakeholder Management, Risk Management, NetSuite",99724,112676,"Business, Finance & Analytics"
Operations Analyst Intern,Lakeshore Holdings,"San Francisco, CA",Internship,"QuickBooks, P&L Management, Excel Financial Modeling, Accounting Principles, NetSuite, KPI Development, Competitive Intelligence, Cost-Benefit Analysis",37886,44000,Business Operations
FP&A Analyst Intern,Granite Insights,"Dublin, Ireland",Internship,"Accounting Principles, SAP, Vendor Management, Financial Analysis",22860,30039,"Business, Finance & Analytics"
Business Analyst,Northfield Ventures,"Boston, MA",Full-time,"SQL, Negotiation, Accounting Principles, Vendor Management, KPI Development, QuickBooks, Contract Negotiation",87721,101407,"Business, Finance & Analytics"
Internal Auditor Intern,Brambleton Solutions Group,Remote,Internship,"Excel, Excel Financial Modeling, Risk Management, QuickBooks, Pricing Strategy, Problem Solving",36868,43547,"Business, Finance & Analytics"
Senior Financial Analyst,Sterling Capital Group,"Austin, TX",Full-time,"Vendor Management, SAP, Accounting Principles, Excel Financial Modeling, Financial Analysis, Financal Modeling, Data-Driven Decision Making",112402,122386,"Business, Finance & Analytics"
Senior Business Analyst,Silverbrook Financial Services,Remote,Full-time,"Cost-Benefit Analysis, Competitive Intelligence, Contract Negotiation, Communication, Excel, KPI Development",125349,140286,"Business, Finance & Analytics"
Senior Tax Analyst,Silverbrook Financial Services,"Chicago, IL",Full-time,"Contract Negotiation, Procurement, KPI Development, Financial Analysis, QuickBooks, Competitive Intelligence",109211,122498,"Business, Finance & Analytics"
Lead Procurement Analyst,Brambleton Solutions Group,Remote,Contract,"Excel Financial Modeling, SAP, QuickBooks, Accounting Principles, Supply Chain Analysis, Budgeting & Forecasting, P&L Management",152000,167464,"Business, Finance & Analytics"
Procurement Analyst,Rivergate Wealth Partners,"Toronto, ON",Full-time,"Vendor Management, Budgeting & Forecasting, Contract Negotiation, Business Development, Risk Management, Competitive Intelligence, Supply Chain Analysis",96008,104693,"Business, Finance & Analytics"
Junior Auditor,Redwood Financial Group,"New York, NY",Full-time,"Procurement, Competitive Intelligence, Business Development, Cost-Benefit Analysis, KPI Development",54623,61613,"Business, Finance & Analytics"
Senior Operations Analyst,Highfield Investment Partners,"Boston, MA",Full-time,"Excel Financial Modeling, P&L Management,  Investment Analysis , Cost-Benefit Analysis, Supply Chain Analysis, P&L Management",109645,119268,Business Operations
Junior Supply Chain Analyst,Rivergate Financial Services,"Charlotte, NC",Full-time,"Procurement, Business Development, Supply Chain Analysis, Competitive Intelligence, Financial Analysis, P&L Management",69959,75519,Business Operations
Senior Investment Analyst,Granite Ledger Co.,Remote,Part-time,"P&L Management, Excel Financial Modeling, Procurement, Budgeting & Forecasting",117587,135105,"Business, Finance & Analytics"
Senior Pricing Analyst,Harborline Ledger Co.,Remote,Full-time,"NetSuite, Excel, QuickBooks, DATA-DRIVEN DECISION MAKING, Contract Negotiation, Git",112778,128567,"Business, Finance & Analytics"
Finance Manager,Stonebridge Bridge Capital,"Chicago, IL",Full-time,"Excel Financial Modeling, Data-Driven Decision Making, Budgeting & Forecasting, Stakeholder Management, Procurement",80075,92418,"Business, Finance & Analytics"
Junior Procurement Analyst,Pinecrest Financial Services,Remote,Full-time,"QuickBooks, P&L Management, Excel Financial Modeling, Cost-Benefit Analysis, Communication, Supply Chain Analysis",66748,73207,"Business, Finance & Analytics"
Junior Operations Analyst,Ironwood Financial Group,Remote,Full-time,"P&L Management, Cost-Benefit Analysis, Procurement, SAP, Risk Management, Investment Analysis",64228,73093,Business Operations
Accountant,Granite Insights,"New York, NY",Full-time,"SAP, Competitive Intelligence, Excel Financial Modeling",73504,84113,"Business, Finance & Analytics"
Junior Pricing Analyst,Bluepeak Strategy Group,"Dublin, Ireland",Part-time,"KPI Development, Vendor Management, Problem Solving, SAP, Excel Financial Modeling, QuickBooks, Data-Driven Decision Making, Supply Chain Analysis",61112,66341,"Business, Finance & Analytics"
Controller,Thornwood Asset Management,"Atlanta, GA",Contract,"Vendor Management, Excel Financial Modeling, Contract Negotiation, Risk Management, Procurement, SAP, Data-Driven Decision Making",98479,106160,"Business, Finance & Analytics"
Risk Analyst,Thornwood Asset Management,"Sydney, Australia",Contract,"Contract Negotiation, Time Management, Excel Financial Modeling, Vendor Management",73121,80287,"Business, Finance & Analytics"
FP&A Analyst,Brightpath Trust Group,"London, UK",Full-time,"QuickBooks, P&L Management, Accounting Principles, SQL, NetSuite, Supply Chain Analysis, KPI Development",80030,90137,"Business, Finance & Analytics"
Finance Manager,Lakeshore Holdings,Remote,Full-time,"Contract Negotiation, Procurement, Supply Chain Analysis, Procurement",90412,104428,"Business, Finance & Analytics"
Lead Financial Analyst,Redwood Financial Group,"Atlanta, GA",Full-time,"Risk Management, QuickBooks, Budgeting & Forecasting, Procurement, Business Development, Financial Analysis, Cost-Benefit Analysis, KPI Development",140980,148942,"Business, Finance & Analytics"
Risk Analyst Intern,Falcon Ridge Financial Group,Remote,Internship,"Financial Analysis, Excel, NetSuite, Data-Driven Decision Making, Presentation Skills",29698,32967,"Business, Finance & Analytics"
Senior Pricing Analyst,Crestline Advisory Group,Remote,Full-time,"Excel, Supply Chain Analysis, Pricing Strategy, Accounting Principles",131294,141183,"Business, Finance & Analytics"
Lead Investment Analyst,Foxglen Strategy Group,"Sydney, Australia",Full-time,"Procurement, NetSuite, Git, QuickBooks",139130,147858,"Business, Finance & Analytics"
Senior Data Analyst,Summit Insights,Remote,Part-time,"Tableau, Financial Analysis, Excel, NetSuite, Business Development, Power BI, Critical Thinking",123562,131610,Data & Analytics
Senior Internal Auditor,Harborline Ledger Co.,"Dallas, TX",Part-time,"Pricing Strategy, Procurement, Financial Analysis, P&L Management, Data-Driven Decision Making, Excel Financial Modeling, Contract Negotiation, KPI Development",124086,142845,"Business, Finance & Analytics"
Risk Manager,Silverbrook Financial Services,"Atlanta, GA",Full-time,"Financial Analysis, Risk Management, Data-Driven Decision Making, Cost-Benefit Analysis, Negotiation",87497,98163,"Business, Finance & Analytics"
Lead Pricing Analyst,Hollowbrook Wealth Partners,"Denver, CO",Full-time,"NetSuite, Accounting Principles, Pricing Strategy, SAP, QuickBooks, Risk Management",136761,149635,"Business, Finance & Analytics"
Lead Tax Analyst,Foxglen Advisory Group,"San Francisco, CA",Full-time,"NetSuite, Supply Chain Analysis, Contract Negotiation, Cost-Benefit Analysis, QuickBooks",141410,156686,"Business, Finance & Analytics"
Junior Financial Planning Analyst,Oakhaven Investment Partners,Remote,Full-time,"Competitive Intelligence, QuickBooks, Accounting Principles, Pricing Strategy, P&L Management",58006,66489,"Business, Finance & Analytics"
FP&A Analyst Intern,Lakeshore Capital Group,Remote,Internship,"Competitive Intelligence, Financial Analysis, Investment Analysis, KPI Development, Excel Financial Modeling",27706,32127,"Business, Finance & Analytics"
Data Analyst Intern,Pinecrest Advisory Group,Remote,Internship,"Vendor Management, Contract Negotiation, Critical Thinking, Pricing Strategy",36436,44000,Data & Analytics
Portfolio Analyst Intern,Hollowbrook Wealth Partners,Remote,Internship,"Data-Driven Decision Making, Vendor Management, Competitive Intelligence",32696,39533,"Business, Finance & Analytics"
Junior Finance Manager,Sterling Financial Partners,"Dallas, TX",Full-time,"NetSuite, Pricing Strategy, P&L Management, Git, Data-Driven Decision Making",55883,62275,"Business, Finance & Analytics"
Senior Financial Analyst,Onyx Solutions Group,"London, UK",Full-time,"Risk Management, Financial Analysis, KPI Development, Procurement, Competitive Intelligence, Agile Methodology, Vendor Management, Contract Negotiation",124834,135157,"Business, Finance & Analytics"
Risk Manager,Lakeshore Capital Group,Remote,Full-time,"Business Development, Excel Financial Modeling, Supply Chain Analysis, P&L Management, Competitive Intelligence",77125,84578,"Business, Finance & Analytics"
Business Intelligence Analyst Intern,Highfield Investment Partners,"Atlanta, GA",Internship,"Excel, SQL, Power BI, Excel Financial Modeling",24806,29650,Data & Analytics
Junior FP&A Analyst,Granite Ledger Co.,Remote,Full-time,"Pricing Strategy, Business Development, P&L Management, SAP, Contract Negotiation, Excel Financial Modeling, SQL, Investment Analysis",69138,78401,"Business, Finance & Analytics"
Tax Analyst,Redwood Wealth Partners,Remote,Full-time,"Financial Analysis, Accounting Principles, Supply Chain Analysis, QuickBooks, KPI Development, Competitive Intelligence, Excel, Business Development",77634,86090,"Business, Finance & Analytics"
Senior Data Analyst,Summit Solutions Group,"Denver, CO",Full-time,"KPI Development, Tableau, Salesforce, SAP, Contract Negotiation, SQL, Procurement, P&L Management",122371,131162,Data & Analytics
Junior Pricing Analyst,Redwood Financial Group,"Seattle, WA",Full-time,"Business Development, P&L Management, Financial Analysis, Accounting Principles, Contract Negotiation, Procurement, Competitive Intelligence, Vendor Management",71290,77956,"Business, Finance & Analytics"
Senior Payroll Specialist,Kestrel Asset Management,Remote,Full-time,"Competitive Intelligence, Business Development, NetSuite, Stakeholder Management, Accounting Principles, Risk Management, Financial Analysis",122180,133338,"Business, Finance & Analytics"
Lead Financial Analyst,Brightpath Solutions Group,"San Francisco, CA",Full-time,"SAP, Data-Driven Decision Making, Financial Modeling, Budgeting & Forecasting, Contract Negotiation, P&L Management, Time Management, Risk Management",137089,151235,"Business, Finance & Analytics"
Senior Internal Auditor,Stonebridge Strategy Group,"Chicago, IL",Full-time,"Data-Driven Decision Making, Investment Analysis, Risk Management, P&L Management",133010,140808,"Business, Finance & Analytics"
Lead Business Analyst,Skyline Strategy Group,Remote,Full-time,"Data-Driven Decision Making, SAP, Accounting Principles, Excel Financial Modeling",158212,167444,"Business, Finance & Analytics"
Lead Pricing Analyst,Ironwood Strategy Group,Remote,Full-time,"Agile Methodology, Competitive Intelligence, Procurement, KPI Development, Contract Negotiation, SAP, P&L Management, Pricing Strategy",130785,146541,"Business, Finance & Analytics"
Internal Auditor Manager,Lakeshore Ledger Co.,"Austin, TX",Part-time,"Financial Analysis, Communication, P&L Management, Pricing Strategy, Excel, Risk Management, Vendor Management, Contract Negotiation, Excel",116719,135347,"Business, Finance & Analytics"
Junior Data Analyst,Brambleton Trust Group,"New York, NY",Full-time,"Data-Driven Decision Making, Competitive Intelligence, Financial Modeling, Contract Negotiation",66909,71810,Data & Analytics
Tax Analyst,Bluepeak Strategy Group,Remote,Part-time,"Business Development, Budgeting & Forecasting, NetSuite, Competitive Intelligence, Cost-Benefit Analysis, Accounting Principles",73520,80974,"Business, Finance & Analytics"
Principal Financial Analyst,Granite Insights,"New York, NY",Full-time,"Risk Management, Pricing Strategy, Data-Driven Decision Making, Procurement, Cost-Benefit Analysis, Git, Investment Analysis",164996,174723,"Business, Finance & Analytics"
Controller,Falcon Ridge Financial Group,"Atlanta, GA",Full-time,"Procurement, Investment Analysis, QuickBooks",100749,111600,"Business, Finance & Analytics"
Auditor Manager,Lakeshore Ledger Co.,"Dallas, TX",Full-time,"NetSuite, Business Development, Investment Analysis, Pricing Strategy, SAP, Budgeting & Forecasting, Data-Driven Decision Making, Supply Chain Analysis",154848,170206,"Business, Finance & Analytics"
Tax Analyst,Redwood Capital Group,Remote,Full-time,"Excel, QuickBooks, Supply Chain Analysis, Budgeting & Forecasting, NetSuite, Contract Negotiation, Procurement",75582,88225,"Business, Finance & Analytics"
Investment Analyst,Bluepeak Strategy Group,"Seattle, WA",Part-time,"Vendor Management, Excel Financial Modeling, Financial Analysis, Problem Solving, Competitive Intelligence, Pricing Strategy",94288,108626,"Business, Finance & Analytics"
Senior Bookkeeper,Thornwood Ledger Co.,"Atlanta, GA",Full-time,"Pricing Strategy, SAP, NetSuite, Risk Management",116409,135756,"Business, Finance & Analytics"
Junior Revenue Analyst,Meridian Financial Partners,"New York, NY",Full-time,"KPI Development, Time Management, P&L Management, Budgeting & Forecasting, Excel Financial Modeling, Risk Management, QuickBooks",64402,71495,"Business, Finance & Analytics"
Senior Treasury Analyst,Kestrel Asset Management,"Chicago, IL",Full-time,"Data-Driven Decision Making, KPI Development, Excel, Cost-Benefit Analysis, Vendor Management, Pricing Strategy",98842,115399,"Business, Finance & Analytics"
Credit Analyst,Sterling Financial Partners,"Dublin, Ireland",Full-time,"Vendor Management, NetSuite, Problem Solving, P&L Management, Business Development, Investment Analysis, Excel",99790,111600,"Business, Finance & Analytics"
Business Intelligence Analyst,Sterling Financial Partners,Remote,Full-time,"Cost-Benefit Analysis, SQL, KPI Development, Accounting Principles, Investment Analysis, Vendor Management, Procurement",99974,111600,Data & Analytics
Operations Analyst,Pinecrest Advisory Group,"Toronto, ON",Full-time,"QuickBooks, SAP, Procurement, NetSuite, Financial Analysis, Vendor Management, SQL, Cost-Benefit Analysis",88236,101672,Business Operations
Junior Controller,Skyline Consulting,"Boston, MA",Contract,"Contract Negotiation, Procurement, Competitive Intelligence, Financial Analysis, KPI Development, QuickBooks, Supply Chain Analysis, Investment Analysis",72552,80600,"Business, Finance & Analytics"
Tax Analyst Intern,Elmgate Advisory Group,Remote,Internship,"Supply Chain Analysis, P&L Management, Competitive Intelligence, Risk Management, Procurement, KPI Development",24664,31697,"Business, Finance & Analytics"
Compliance Analyst,Harborline Ledger Co.,"Chicago, IL",Full-time,"P&L Management, Data-Driven Decision Making, Vendor Management, QuickBooks, Procurement, NetSuite, Financial Analysis, Supply Chain Analysis",84100,96675,"Business, Finance & Analytics"
Junior Controller,Redwood & Associates,"Austin, TX",Internship,"Cost-Benefit Analysis, Supply Chain Analysis, Accounting Principles, Data-Driven Decision Making, Financial Analysis, P&L Management, Business Development, Pricing Strategy",32403,37285,"Business, Finance & Analytics"
Senior Payroll Specialist,Lakeshore Holdings,"Denver, CO",Full-time,"Contract Negotiation, Competitive Intelligence, Supply Chain Analysis, Budgeting & Forecasting, Risk Management",129749,149402,"Business, Finance & Analytics"
Lead Payroll Specialist,Skyline Strategy Group,"Atlanta, GA",Contract,"Budgeting & Forecasting, Investment Analysis, Financial Analysis, Contract Negotiation, Excel Financial Modeling, KPI Development, Procurement, Cost-Benefit Analysis",155784,167947,"Business, Finance & Analytics"
Operations Analyst Intern,Summit & Associates,"Denver, CO",Internship,"SAP, Cost-Benefit Analysis, Agile Methodology, Competitive Intelligence",23708,27389,Business Operations
Supply Chain Analyst,Lakeshore Capital Group,"Austin, TX",Full-time,"Data-Driven Decision Making, Excel Financial Modeling, Vendor Management, Competitive Intelligence, Business Development, Procurement, Cost-Benefit Analysis",93056,104167,Business Operations
Junior FP&A Analyst,Harborline Ledger Co.,"Denver, CO",Contract,"Cost-Benefit Analysis, Contract Negotiation, Budgeting & Forecasting, Time Management, Excel Financial Modeling",60761,65152,"Business, Finance & Analytics"
Senior Accounting Manager,Palisade Capital Group,"Atlanta, GA",Full-time,"Risk Management, Investment Analysis, Pricing Strategy, Budgeting & Forecasting, Financial Analysis, Competitive Intelligence, Presentation Skills, SAP",124922,140668,"Business, Finance & Analytics"
Controller,Elmgate Advisory Group,"Seattle, WA",Full-time,"KPI Development, Risk Management, SAP, Pricing Strategy, Procurement",98060,104380,"Business, Finance & Analytics"
Senior Bookkeeper,Sterling Strategy Group,Remote,Full-time,"KPI Development, Excel Financial Modeling, Excel, P&L Management, NetSuite, Procurement, Contract Negotiation",102760,116152,"Business, Finance & Analytics"
Staff Accountant Intern,Rivergate Wealth Partners,"Dallas, TX",Internship,"Data-Driven Decision Making, Communication, NetSuite, KPI Development, Pricing Strategy, Excel Financial Modeling",37089,44000,"Business, Finance & Analytics"
Senior Controller,Ashford Advisory Group,"Denver, CO",Full-time,"Cost-Benefit Analysis, Data-Driven Decision Making, Stakeholder Management, P&L Management, Procurement",102749,115846,"Business, Finance & Analytics"
Procurement Analyst,Highfield Solutions Group,"San Francisco, CA",Full-time,"Contract Negotiation, QuickBooks, SAP, Excel Financial Modeling, Accounting Principles, Cost-Benefit Analysis, Data-Driven Decision Making, P&L Management",96063,110324,"Business, Finance & Analytics"
Junior Investment Analyst,Stonebridge Advisory Group,"Austin, TX",Full-time,"Data-Driven Decision Making, Pricing Strategy, NetSuite, Financial Modeling, Business Development, Excel Financial Modeling, Stakeholder Management, Financial Analysis",55372,63393,"Business, Finance & Analytics"
Business Analyst,Ironwood Strategy Group,"New York, NY",Full-time,"Presentation Skills, Supply Chain Analysis, Excel, Financial Analysis, Procurement",79196,86408,"Business, Finance & Analytics"
Senior Revenue Analyst,Ashford Advisory Group,"San Francisco, CA",Part-time,"Investment Analysis, Competitive Intelligence, SQL, Accounting Principles, Contract Negotiation, Budgeting & Forecasting, NetSuite, KPI Development",137317,148127,"Business, Finance & Analytics"
Junior Finance Manager,Bluepeak Strategy Group,"Atlanta, GA",Internship,"KPI Development, Financial Analysis, Cost-Benefit Analysis, Vendor Management, Excel Financial Modeling, SAP",29151,36818,"Business, Finance & Analytics"
Portfolio Analyst,Granite Ledger Co.,"Seattle, WA",Part-time,"P&L Management, Pricing Strategy, Business Development, KPI Development, Investment Analysis",75375,83107,"Business, Finance & Analytics"
FP&A Analyst,Highfield Solutions Group,"Boston, MA",Contract,"Accounting Principles, Supply Chain Analysis, Risk Management, Contract Negotiation, Cost-Benefit Analysis, QuickBooks, Excel Financial Modeling, Financial Analysis",79138,88382,"Business, Finance & Analytics"
Supply Chain Analyst,Harborline Ledger Co.,"Boston, MA",Full-time,"P&L Management, Excel Financial Modeling, Vendor Management, NetSuite, Competitive Intelligence, Data-Driven Decision Making, Financial Analysis, Pricing Strategy",81444,95306,Business Operations
Lead Business Intelligence Analyst,Meridian Financial Partners,Remote,Full-time,"SAP, P&L Management, Problem Solving, KPI Development, QuickBooks, Procurement, NetSuite, Budgeting & Forecasting",153760,169648,Data & Analytics
Senior Business Intelligence Analyst,Lakeshore Trust Group,"San Francisco, CA",Full-time,"Financial Modeling, Competitive Intelligence, Procurement",117197,125315,Data & Analytics
Senior Compliance Analyst,Silverbrook Financial Group,Remote,Full-time,"Excel, Excel Financial Modeling, Investment Analysis, QuickBooks, Stakeholder Management, Business Development",125881,133620,"Business, Finance & Analytics"
Tax Analyst,Palisade Ventures,"London, UK",Contract,"Supply Chain Analysis, P&L Management, QuickBooks, KPI Development, Business Development, financial analysis, Communication, Accounting Principles",95661,101485,"Business, Finance & Analytics"
Tax Analyst,Elmgate Advisory Group,Remote,Full-time,"P&L Management, Accounting Principles, Pricing Strategy, Contract Negotiation, Business Development",91027,100818,"Business, Finance & Analytics"
Procurement Analyst,Brightpath Financial Services,"Denver, CO",Full-time,"Procurement, Investment Analysis, Risk Management, P&L Management, Data-Driven Decision Making, Cost-Benefit Analysis, Excel Financial Modeling, Budgeting & Forecasting",73967,85133,"Business, Finance & Analytics"
Strategy Analyst Intern,Fernbrook Solutions Group,"Austin, TX",Internship,"Budgeting & Forecasting, Vendor Management, KPI Development, Risk Management, Supply Chain Analysis",32316,35516,"Business, Finance & Analytics"
Junior Controller,Lakeshore Holdings,"Charlotte, NC",Internship,"Contract Negotiation, P&L Management, Cost-Benefit Analysis, Budgeting & Forecasting, QuickBooks, Data-Driven Decision Making, Supply Chain Analysis, Accounting Principles",35442,41120,"Business, Finance & Analytics"
Portfolio Analyst,Lakeshore Ledger Co.,Remote,Part-time,"Risk Management, Budgeting & Forecasting, QuickBooks, Investment Analysis, Contract Negotiation, P&L Management, Competitive Intelligence, Accounting Principles",73879,85964,"Business, Finance & Analytics"
Treasury Analyst,Stonebridge Bridge Capital,"Atlanta, GA",Full-time,"QuickBooks, Accounting Principles, Pricing Strategy, Vendor Management",84202,91680,"Business, Finance & Analytics"
Pricing Analyst,Lakeshore Holdings,Remote,Contract,"Accounting Principles, Procurement, KPI Development, Business Development, Financial Analysis, Risk Management, Cost-Benefit Analysis, Vendor Management",81024,92285,"Business, Finance & Analytics"
FP&A Analyst Intern,Foxglen Strategy Group,Remote,Internship,"Cost-Benefit Analysis, Business Development, Git, NetSuite",22403,29351,"Business, Finance & Analytics"
Principal Pricing Analyst,Highfield & Associates,Remote,Full-time,"Contract Negotiation, Budgeting & Forecasting, P&L Management, Financial Analysis, Excel, KPI Development",168245,177208,"Business, Finance & Analytics"
Senior Accountant,Wrenfield & Associates,"Austin, TX",Full-time,"Excel Financial Modeling, Competitive Intelligence, Cost-Benefit Analysis, Excel, KPI Development, NetSuite, Data-Driven Decision Making",109450,123934,"Business, Finance & Analytics"
BI Developer Intern,Granite Ledger Co.,Remote,Internship,"Financial Modeling, Excel, Tableau",29899,35043,Data & Analytics
Payroll Specialist Intern,Wrenfield & Associates,Remote,Internship,"Pricing Strategy, Contract Negotiation, Procurement, KPI Development, Budgeting & Forecasting, Vendor Management, Cost-Benefit Analysis",25803,31054,"Business, Finance & Analytics"
Strategy Analyst Intern,Northfield Ventures,Remote,Internship,"Pricing Strategy, Excel Financial Modeling, Procurement, Cost-Benefit Analysis, Data-Driven Decision Making, Financial Analysis, QuickBooks, P&L Management",37071,40877,"Business, Finance & Analytics"
Senior Accounting Manager,Ashford Advisory Group,Remote,Part-time,"KPI Development, Cost-Benefit Analysis, Competitive Intelligence, P&L Management, Business Development, Contract Negotiation, SAP, Risk Management",108589,127727,"Business, Finance & Analytics"
Risk Analyst,Ashford Advisory Group,"Atlanta, GA",Full-time,"Business Development, P&L Management, Supply Chain Analysis, Procurement, Excel, SQL, Excel Financial Modeling",98288,111370,"Business, Finance & Analytics"
Supply Chain Analyst Intern,Brambleton Holdings,Remote,Internship,"Accounting Principles, NetSuite, Stakeholder Management, Investment Analysis",29258,34347,Business Operations
Financial Planning Analyst Intern,Harborline & Associates,"San Francisco, CA",Internship,"Competitive Intelligence, KPI Development, QuickBooks, Supply Chain Analysis",26841,29902,"Business, Finance & Analytics"
BI Developer Manager,Cobalt Capital Group,"Chicago, IL",Full-time,"Pricing Strategy, Data-Driven Decision Making, Contract Negotiation, Financial Modeling",117353,136773,Data & Analytics
Lead Procurement Analyst,Summit Solutions Group,"Chicago, IL",Full-time,"Pricing Strategy, SAP, Investment Analysis",153093,160632,"Business, Finance & Analytics"
Internal Auditor Manager,Cobalt Trust Group,"Seattle, WA",Full-time,"Financial Analysis, Investment Analysis, Excel, Procurement, NetSuite, KPI Development, Data-Driven Decision Making, Supply Chain Analysis",129016,144911,"Business, Finance & Analytics"
Junior Business Intelligence Analyst,Ironwood Strategy Group,"New York, NY",Full-time,"Supply Chain Analysis, Salesforce, Procurement, Cost-Benefit Analysis, Quickbooks, NetSuite, Competitive Intelligence, Procurement",69213,76755,Data & Analytics
Junior Auditor,Thornwood Ledger Co.,"Chicago, IL",Full-time,"Excel, P&L Management, QuickBooks, Risk Management, Data-Driven Decision Making, Accounting Principles, Cost-Benefit Analysis, SAP",69721,76759,"Business, Finance & Analytics"
Risk Analyst,Sterling Capital Group,Remote,Full-time,"NetSuite, Procurement, SAP, P&L Management, Excel Financial Modeling, Git",93440,106136,"Business, Finance & Analytics"
Senior Strategy Analyst,Onyx Strategy Group,Remote,Full-time,"Cost-Benefit Analysis, Business Development, Procurement, KPI Development, Investment Analysis",122199,133618,"Business, Finance & Analytics"
Senior Revenue Analyst,Summit & Associates,"San Francisco, CA",Full-time,"Contract Negotiation, Investment Analysis, NetSuite, KPI Development",114778,131926,"Business, Finance & Analytics"
Business Analyst,Redwood Financial Group,"London, UK",Part-time,"SQL, KPI Development, P&L Management",86592,93550,"Business, Finance & Analytics"
Junior Financial Planning Analyst,Onyx Solutions Group,"Seattle, WA",Full-time,"Vendor Management, Business Development, Accounting Principles, Supply Chain Analysis,  KPI Development , Procurement, Investment Analysis, Competitive Intelligence, Competitive Intelligence",69554,76716,"Business, Finance & Analytics"
Staff Strategy Analyst,Palisade Capital Group,Remote,Full-time,"Pricing Strategy, Vendor Management, Accounting Principles, Procurement, Financial Analysis",138825,150958,"Business, Finance & Analytics"
Senior Portfolio Analyst,Palisade Capital Group,"Dallas, TX",Part-time,"KPI Development, Contract Negotiation, Financial Analysis, Financial Modeling, Data-Driven Decision Making, Budgeting & Forecasting, Excel Financial Modeling",100835,113303,"Business, Finance & Analytics"
Payroll Specialist Intern,Lakeshore Capital Group,"San Francisco, CA",Internship,"P&L Management, Cost-Benefit Analysis, Vendor Management, Financial Analysis, Excel, Investment Analysis, Data-Driven Decision Making, Budgeting & Forecasting",30844,34863,"Business, Finance & Analytics"
Lead Finance Manager,Palisade Investment Partners,Remote,Full-time,"QuickBooks, Procurement, Business Development, KPI Development, Investment Analysis, Accounting Principles, Data-Driven Decision Making",140165,148725,"Business, Finance & Analytics"
Staff Accounting Manager,Rivergate Analytics,"Austin, TX",Full-time,"Cost-Benefit Analysis, Data-Driven Decision Making, Supply Chain Analysis, Procurement, Agile Methodology, KPI Development",170890,177782,"Business, Finance & Analytics"
Tax Analyst,Redwood Financial Partners,"San Francisco, CA",Full-time,"P&L Management, Competitive Intelligence, Financial Analysis, Negotiation",100768,111261,"Business, Finance & Analytics"
Senior Portfolio Analyst,Highfield Financial Group,"Chicago, IL",Part-time,"KPI Development, Contract Negotiation, Business Development, Vendor Management, Cost-Benefit Analysis, Budgeting & Forecasting, Financial Analysis, Accounting Principles",111223,121210,"Business, Finance & Analytics"
Junior Accounting Manager,Pinecrest Financial Services,"Dublin, Ireland",Full-time,"Time Management, Pricing Strategy, Accounting Principles, KPI Development, Business Development",62206,71641,"Business, Finance & Analytics"
Compliance Analyst,Ironwood Strategy Group,Remote,Full-time,"NetSuite, Investment Analysis, Financial Analysis, Procurement",83100,88597,"Business, Finance & Analytics"
Risk Manager,Onyx Strategy Group,"Toronto, ON",Full-time,"Risk Management, Procurement, KPI Development, Contract Negotiation, Competitive Intelligence",87410,100451,"Business, Finance & Analytics"
Strategy Analyst,Granite Bridge Capital,"New York, NY",Full-time,"Cost-Benefit Analysis, Risk Management, Agile Methodology, QuickBooks",77004,90283,"Business, Finance & Analytics"
Operations Analyst Intern,Palisade Ventures,"Toronto, ON",Internship,"Excel Financial Modeling, Competitive Intelligence, EXCEL, KPI Development, Investment Analysis, Financial Analysis, Data-Driven Decision Making, QuickBooks",36414,43200,Business Operations
Lead Tax Analyst,Falcon Ridge Analytics,"New York, NY",Part-time,"Cost-Benefit Analysis, QuickBooks, Data-Driven Decision Making, Financial Analysis",153684,161745,"Business, Finance & Analytics"
Financial Analyst,Sterling Capital Group,Remote,Full-time,"Contract Negotiation, P&L Management, Investment Analysis, Pricing Strategy, NetSuite, Accounting Principles, Business Development, Excel Financial Modeling",89546,98118,"Business, Finance & Analytics"
Junior Finance Manager,Pinecrest Consulting,"Chicago, IL",Internship,"Investment Analysis, Negotiation, Data-Driven Decision Making, Vendor Management, Financial Analysis",22225,27129,"Business, Finance & Analytics"
Lead Accountant,Pinecrest Consulting,"Dallas, TX",Full-time,"Investment Analysis, Risk Management, Budgeting & Forecasting, Vendor Management, QuickBooks, Contract Negotiation, Business Development, Procurement",157505,172627,"Business, Finance & Analytics"
Senior Strategy Analyst,Summit Insights,"San Francisco, CA",Full-time,"Excel Financial Modeling, Competitive Intelligence, Contract Negotiation, Supply Chain Analysis, Investment Analysis, Procurement, P&L Management, QuickBooks",120139,128290,"Business, Finance & Analytics"
Senior BI Developer,Falcon Ridge Ledger Co.,Remote,Full-time,"Financial Modeling, SQL, Cost-Benefit Analysis, Data-Driven Decision Making",129233,147267,Data & Analytics
Supply Chain Analyst,Pinecrest Advisory Group,"San Francisco, CA",Full-time,"Supply Chain Analysis, Pricing Strategy, KPI Development, Contract Negotiation, SAP, Excel, P&L Management",86855,93455,Business Operations
Junior Accounting Manager,Oakhaven Consulting,Remote,Part-time,"Business Development, Data-Driven Decision Making, Risk Management, Excel Financial Modeling, Pricing Strategy, Competitive Intelligence, QuickBooks",61461,67830,"Business, Finance & Analytics"
Strategy Analyst,Foxglen Advisory Group,"New York, NY",Full-time,"Budgeting & Forecasting, Data-Driven Decision Making, Business Development, Negotiation",94866,102564,"Business, Finance & Analytics"
FP&A Analyst Intern,Ashford Advisory Group,"Dallas, TX",Internship,"NetSuite, Accounting Principles, KPI Development, Cost-Benefit Analysis, Business Development, Supply Chain Analysis, Data-Driven Decision Making",36819,43758,"Business, Finance & Analytics"
Data Analyst,Brambleton Trust Group,"Boston, MA",Full-time,"Budgeting & Forecasting, P&L Management, SAP, KPI DEVELOPMENT, Presentation Skills, Cost-Benefit Analysis, KPI DEVELOPMENT",86372,95457,Data & Analytics
Junior Tax Analyst,Bluepeak Investment Partners,"Chicago, IL",Contract,"Pricing Strategy, Excel Financial Modeling, Competitive Intelligence, Investment Analysis, Financial Analysis, Presentation Skills, SAP, Vendor Management",62578,66880,"Business, Finance & Analytics"
FP&A Analyst,Brambleton Solutions Group,Remote,Full-time,"Procurement, Competitive Intelligence, KPI Development, Financial Analysis",75929,87228,"Business, Finance & Analytics"
FP&A Analyst Intern,Hollowbrook Wealth Partners,Remote,Internship,"Investment Analysis, Financial Analysis, Time Management, Vendor Management, Data-Driven Decision Making",33518,41299,"Business, Finance & Analytics"
Financial Planning Analyst,Highfield Investment Partners,"San Francisco, CA",Part-time,"Investment Analysis, Financial Analysis, Business Development",85598,98019,"Business, Finance & Analytics"
Treasury Analyst Manager,Onyx Strategy Group,"Seattle, WA",Full-time,"Investment Analysis, Risk Management, Financial Analysis, SAP, Excel, QuickBooks, Vendor Management, Negotiation",145290,160438,"Business, Finance & Analytics"
Junior Investment Analyst,Redwood Financial Group,"San Francisco, CA",Full-time,"Business Development, Vendor Management, Risk Management, Cost-Benefit Analysis, Budgeting & Forecasting, Accounting Principles, SAP, P&L Management",68896,72859,"Business, Finance & Analytics"
Tax Analyst Intern,Redwood Capital Group,Remote,Internship,"Risk Management, Data-Driven Decision Making, NetSuite, Accounting Principles, Investment Analysis",37968,42954,"Business, Finance & Analytics"
Junior Credit Analyst,Sterling Strategy Group,"Atlanta, GA",Full-time,"Investment Analysis, Vendor Management, Financial Analysis, KPI Development, P&L Management, Excel Financial Modeling",53198,63486,"Business, Finance & Analytics"
Senior Supply Chain Analyst,Brightpath Financial Services,"London, UK",Full-time,"Financial Analysis, Procurement, Accounting Principles, Excel Financial Modeling, NetSuite, Budgeting & Forecasting",135090,153000,Business Operations
Senior Finance Manager,Palisade Investment Partners,"New York, NY",Contract,"Investment Analysis, Communication, P&L Management, Supply Chain Analysis",101249,109027,"Business, Finance & Analytics"
Operations Analyst,Thornwood Ledger Co.,"New York, NY",Full-time,"Pricing Strategy, QuickBooks, Procurement, KPI Development",90834,100442,Business Operations
Lead Bookkeeper,Cobalt Capital Group,"Chicago, IL",Contract,"Vendor Management, Excel, Cost-Benefit Analysis, SAP",157344,171852,"Business, Finance & Analytics"
Tax Analyst,Summit Advisory Group,Remote,Full-time,"Problem Solving, Excel, Financial Analysis, Contract Negotiation, Investment Analysis",76187,90402,"Business, Finance & Analytics"
Junior Internal Auditor,Bluepeak Strategy Group,Remote,Full-time,"QuickBooks, Excel, Competitive Intelligence, NetSuite, Procurement, Risk Management",61992,66038,"Business, Finance & Analytics"
Senior Pricing Analyst,Highfield Investment Partners,"San Francisco, CA",Full-time,"SAP, Communication, Competitive Intelligence, Data-Driven Decision Making",133682,142255,"Business, Finance & Analytics"
Principal BI Developer,Lakeshore Capital Group,"Seattle, WA",Full-time,"Pricing Strategy, Excel Financial Modeling, Vendor Management, Business Development, Financial Modeling, Investment Analysis",164967,178978,Data & Analytics
Junior Accounting Manager,Rivergate Financial Services,Remote,Full-time,"Problem Solving, SAP, KPI Development, P&L Management, Cost-Benefit Analysis, Accounting Principles",62636,72941,"Business, Finance & Analytics"
Senior Credit Analyst,Redwood Capital Group,Remote,Full-time,"Excel, Financial Analysis, Competitive Intelligence, Investment Analysis, Supply Chain Analysis, P&L Management, Budgeting & Forecasting, Data-Driven Decision Making",104494,118347,"Business, Finance & Analytics"
Junior Treasury Analyst,Thornwood Insights,Remote,Full-time,"QuickBooks, Business Development, Financial Analysis, Cost-Benefit Analysis, NetSuite, Competitive Intelligence",72231,79951,"Business, Finance & Analytics"
Senior Accountant,Harborline & Associates,Remote,Full-time,"Vendor Management, SAP, Business Development, Cost-Benefit Analysis, Financial Analysis",107906,117222,"Business, Finance & Analytics"
Lead Financial Planning Analyst,Ravenscroft Strategy Group,Singapore,Part-time,"Investment Analysis, Accounting Principles, Financial Analysis, KPI Development, Vendor Management, Budgeting & Forecasting",140111,147426,"Business, Finance & Analytics"
Lead Procurement Analyst,Lakeshore Trust Group,Remote,Full-time,"SAP, KPI DEVELOPMENT, Contract Negotiation, QuickBooks, Accounting Principles, P&L Management, Excel Financial Modeling, Excel Financial Modeling",161909,176075,"Business, Finance & Analytics"
Senior Tax Analyst,Oakhaven Investment Partners,"Boston, MA",Full-time,"Data-Driven Decision Making, Risk Management, Business Development, Supply Chain Analysis, Procurement, Accounting Principles",101676,112083,"Business, Finance & Analytics"
Senior Payroll Specialist,Granite Bridge Capital,"Charlotte, NC",Contract,"Accounting Principles, Procurement, Contract Negotiation, Business Development, Excel Financial Modeling",133698,146931,"Business, Finance & Analytics"
Procurement Analyst Manager,Crestline Advisory Group,"San Francisco, CA",Full-time,"Contract Negotiation, Business Development, QuickBooks, Financial Analysis, Competitive Intelligence, SAP, Negotiation",119642,138396,"Business, Finance & Analytics"
Senior Financial Analyst,Thornwood Asset Management,"Boston, MA",Full-time,"Financial Modeling, Competitive Intelligence, P&L Management, Contract Negotiation, QuickBooks, Pricing Strategy, Accounting Principles, NetSuite",107095,114949,"Business, Finance & Analytics"
Risk Manager,Foxglen Advisory Group,"New York, NY",Full-time,"Time Management, Business Development, Contract Negotiation, Risk Management",98048,107430,"Business, Finance & Analytics"
Risk Manager,Thornwood Ledger Co.,Remote,Full-time,"Business Development, Financial Analysis, Procurement, Investment Analysis, Accounting Principles, Data-Driven Decision Making, Excel Financial Modeling",75341,89565,"Business, Finance & Analytics"
Business Analyst,Onyx Strategy Group,"San Francisco, CA",Full-time,"Data-Driven Decision Making, Risk Management, QuickBooks, SQL, Pricing Strategy, Contract Negotiation, KPI Development",91057,98035,"Business, Finance & Analytics"
Senior Compliance Analyst,Granite Ledger Co.,"Seattle, WA",Full-time,"Supply Chain Analysis, Vendor Management, SAP",119790,130114,"Business, Finance & Analytics"
Investment Analyst,Brightpath Solutions Group,"San Francisco, CA",Full-time,"Risk Management, Vendor Management, Investment Analysis, Financial Modeling, Pricing Strategy, Business Development, Data-Driven Decision Making, P&L Management",99551,111600,"Business, Finance & Analytics"
Auditor Intern,Falcon Ridge Analytics,"Charlotte, NC",Internship,"Procurement, Agile Methodology, Data-Driven Decision Making, Pricing Strategy, Excel Financial Modeling, Investment Analysis, Budgeting & Forecasting",30932,36222,"Business, Finance & Analytics"
Pricing Analyst Manager,Summit Solutions Group,"Atlanta, GA",Full-time,"NetSuite, Excel Financial Modeling, Vendor Management, Financial Analysis, Business Development, Pricing Strategy, Investment Analysis",155847,169657,"Business, Finance & Analytics"
Senior Strategy Analyst,Brightpath Trust Group,"Seattle, WA",Full-time,"Budgeting & Forecasting, Risk Management, Supply Chain Analysis, P&L Management, Cost-Benefit Analysis",128089,137022,"Business, Finance & Analytics"
Finance Manager,Thornwood Ledger Co.,"Charlotte, NC",Full-time,"Accounting Principles, Vendor Management, Negotiation, Excel Financial Modeling, QuickBooks, NetSuite, Risk Management",82491,90096,"Business, Finance & Analytics"
Lead Strategy Analyst,Redwood Wealth Partners,"Austin, TX",Full-time,"Vendor Management, Contract Negotiation, SAP, Competitive Intelligence, Excel Financial Modeling, Budgeting & Forecasting, Accounting Principles, Investment Analysis",154712,162867,"Business, Finance & Analytics"
Senior Auditor,Elmgate Advisory Group,"Charlotte, NC",Full-time,"Procurement, Pricing Strategy, Contract Negotiation, Excel, Agile Methodology, Business Development, Excel Financial Modeling",115806,123950,"Business, Finance & Analytics"
Senior Investment Analyst,Highfield Financial Group,"Seattle, WA",Part-time,"Procurement, Pricing Strategy, Time Management, Financial Analysis, Data-Driven Decision Making, KPI Development, Supply Chain Analysis",137773,147689,"Business, Finance & Analytics"
Tax Analyst,Highfield Investment Partners,"San Francisco, CA",Full-time,"Excel Financial Modeling, Business Development, Vendor Management, Communication, Pricing Strategy",96599,103507,"Business, Finance & Analytics"
Senior Controller,Lakeshore Capital Group,Remote,Part-time,"KPI Development, NetSuite, Data-Driven Decision Making, Investment Analysis, Business Development, Cost-Benefit Analysis, Accounting Principles, Procurement",121535,132004,"Business, Finance & Analytics"
FP&A Analyst,Silverbrook Financial Group,"New York, NY",Full-time,"Data-Driven Decision Making, Contract Negotiation, KPI Development, Business Development, Competitive Intelligence, Risk Management, QuickBooks, Cost-Benefit Analysis",100330,111600,"Business, Finance & Analytics"
Financial Planning Analyst Intern,Sterling Financial Partners,Remote,Internship,"Excel Financial Modeling, Vendor Management, Procurement, Financial Analysis, Pricing Strategy, Contract Negotiation, Budgeting & Forecasting, SAP",26352,30463,"Business, Finance & Analytics"
Risk Analyst,Oakhaven Investment Partners,Remote,Part-time,"Supply Chain Analysis, Accounting Principles, NetSuite, Investment Analysis, KPI Development",73215,81199,"Business, Finance & Analytics"
Principal Portfolio Analyst,Thornwood Ledger Co.,"Boston, MA",Full-time,"Contract Negotiation, Financial Analysis, Excel Financial Modeling, Supply Chain Analysis, Stakeholder Management",151855,169712,"Business, Finance & Analytics"
Pricing Analyst Intern,Redwood Financial Partners,"Boston, MA",Internship,"Supply Chain Analysis, KPI Development, Budgeting & Forecasting, P&L Management, Contract Negotiation, Data-Driven Decision Making, Competitive Intelligence",28796,35784,"Business, Finance & Analytics"
Business Analyst Manager,Foxglen Strategy Group,"Atlanta, GA",Full-time,"Risk Management, QuickBooks, NetSuite",147060,160253,"Business, Finance & Analytics"
Pricing Analyst Intern,Lakeshore Holdings,"Austin, TX",Internship,"Financial Analysis, Budgeting & Forecasting, Vendor Management, Supply Chain Analysis",23373,30767,"Business, Finance & Analytics"
Lead Risk Manager,Brambleton Trust Group,"Denver, CO",Full-time,"Procurement, Vendor Management, Data-Driven Decision Making, P&L Management, QuickBooks, Investment Analysis, KPI Development",134765,150741,"Business, Finance & Analytics"
Procurement Analyst,Palisade Ventures,Remote,Full-time,"Financial Analysis, Communication, Business Development, Competitive Intelligence, Data-Driven Decision Making, Risk Management",78224,85762,"Business, Finance & Analytics"
Revenue Analyst,Harborline Holdings,"Atlanta, GA",Full-time,"Contract Negotiation, QuickBooks, Accounting Principles, SAP, Risk Management",99833,111576,"Business, Finance & Analytics"
Lead Compliance Analyst,Wrenfield & Associates,"Austin, TX",Full-time,"Business Development, Vendor Management, Supply Chain Analysis",152904,161036,"Business, Finance & Analytics"
Portfolio Analyst,Redwood Capital Group,"Boston, MA",Full-time,"Financial Modeling, QuickBooks, Competitive Intelligence",82100,91619,"Business, Finance & Analytics"
Junior Revenue Analyst,Silverbrook Financial Group,Remote,Part-time,"Cost-Benefit Analysis, Procurement, NetSuite",61431,70801,"Business, Finance & Analytics"
FP&A Analyst Intern,Fernbrook Solutions Group,"Seattle, WA",Internship,"Cost-Benefit Analysis, Procurement, Business Development, Competitive Intelligence",34196,40845,"Business, Finance & Analytics"
FP&A Analyst Manager,Skyline Consulting,Remote,Full-time,"Data-Driven Decision Making, Excel Financial Modeling, Contract Negotiation, SQL",114495,122923,"Business, Finance & Analytics"
Principal Internal Auditor,Oakhaven Consulting,Remote,Full-time,"Excel Financial Modeling, KPI Development, Supply Chain Analysis, Cost-Benefit Analysis",154573,165163,"Business, Finance & Analytics"
Internal Auditor,Onyx Solutions Group,"Denver, CO",Full-time,"QuickBooks, Supply Chain Analysis, Git, Financial Analysis, P&L Management, Contract Negotiation, NetSuite, Accounting Principles",99529,110696,"Business, Finance & Analytics"
Staff Financial Planning Analyst,Crestline Advisory Group,Remote,Full-time,"QuickBooks, Agile Methodology, Vendor Management, NetSuite, Pricing Strategy, Financial Analysis, Excel Financial Modeling, Business Development",163201,170920,"Business, Finance & Analytics"
Payroll Specialist,Stonebridge Strategy Group,Remote,Full-time,"Budgeting & Forecasting, Data-Driven Decision Making, Competitive Intelligence, Pricing Strategy, Vendor Management, Git, QuickBooks, SAP",82205,95983,"Business, Finance & Analytics"
FP&A Analyst Intern,Onyx Strategy Group,"Atlanta, GA",Internship,"QuickBooks, Stakeholder Management, NetSuite, Vendor Management, Excel Financial Modeling, Accounting Principles, Financial Analysis, Pricing Strategy",29473,36865,"Business, Finance & Analytics"
Senior Payroll Specialist,Northfield Ventures,"San Francisco, CA",Contract,"Risk Management, Accounting Principles, Financial Analysis, Excel, Budgeting & Forecasting, Supply Chain Analysis, P&L Management, Competitive Intelligence",99612,108617,"Business, Finance & Analytics"
Junior Supply Chain Analyst,Wrenfield & Associates,"Atlanta, GA",Full-time,"Competitive Intelligence, Excel Financial Modeling, Procurement, KPI Development, P&L Management, Contract Negotiation, Data-Driven Decision Making, Pricing Strategy",54782,65001,Business Operations
Senior Revenue Analyst,Redwood Wealth Partners,"Chicago, IL",Full-time,"SAP, Risk Management, Contract Negotiation, Business Development, Investment Analysis, Competitive Intelligence, Critical Thinking, Excel Financial Modeling",133709,144555,"Business, Finance & Analytics"
Senior Data Analyst,Oakhaven Investment Partners,"Atlanta, GA",Part-time,"Salesforce, Vendor Management, Accounting Principles, NetSuite",136247,144582,Data & Analytics
Business Analyst,Rivergate Analytics,"Austin, TX",Full-time,"NetSuite, Vendor Management, Competitive Intelligence, Financial Analysis, KPI Development, Business Development, Critical Thinking, Budgeting & Forecasting",85064,94201,"Business, Finance & Analytics"
Pricing Analyst,Onyx Trust Group,Remote,Contract,"Excel Financial Modeling, Accounting Principles, P&L Management, Pricing Strategy, Supply Chain Analysis",79909,88647,"Business, Finance & Analytics"
Business Analyst Intern,Thornwood Ledger Co.,"Boston, MA",Internship,"Supply Chain Analysis, SQL, Excel Financial Modeling",25905,29629,"Business, Finance & Analytics"
Controller,Redwood & Associates,"Atlanta, GA",Full-time,"Budgeting & Forecasting, Business Development, Time Management, Supply Chain Analysis",89942,98781,"Business, Finance & Analytics"
Senior Staff Accountant,Brightpath Trust Group,Remote,Full-time,"SAP, Vendor Management, Investment Analysis, Data-Driven Decision Making, Supply Chain Analysis, Competitive Intelligence, Cost-Benefit Analysis, Procurement",120954,136731,"Business, Finance & Analytics"
Strategy Analyst Manager,Onyx Strategy Group,"Boston, MA",Full-time,"Business Development, Budgeting & Forecasting, Risk Management, P&L Management",135996,145932,"Business, Finance & Analytics"
Data Analyst,Elmgate Advisory Group,Remote,Full-time,"Supply Chain Analysis, Accounting Principles, Vendor Management, Excel",99578,111600,Data & Analytics
Auditor,Brightpath Solutions Group,"Seattle, WA",Full-time,"Cost-Benefit Analysis, Competitive Intelligence, Supply Chain Analysis, Investment Analysis",93770,100189,"Business, Finance & Analytics"
Auditor,Brambleton Trust Group,"Chicago, IL",Part-time,"Competitive Intelligence, KPI Development, Business Development, NetSuite, Contract Negotiation, Procurement, P&L Management, Investment Analysis",78584,91920,"Business, Finance & Analytics"
Financial Planning Analyst Manager,Redwood Capital Group,Remote,Part-time,"Excel Financial Modeling, Problem Solving, Procurement, Vendor Management",114329,135207,"Business, Finance & Analytics"
Staff Accountant,Fernbrook Solutions Group,"New York, NY",Full-time,"Excel Financial Modeling, Data-Driven Decision Making, P&L Management, Accounting Principles, Excel, Contract Negotiation, Accounting Principles",74946,80673,"Business, Finance & Analytics"
Senior Revenue Analyst,Pinecrest Advisory Group,"Dallas, TX",Full-time,"Communication, Supply Chain Analysis, P&L Management, Risk Management, KPI Development, Contract Negotiation, Financial Analysis, Cost-Benefit Analysis",129026,148653,"Business, Finance & Analytics"
Senior Compliance Analyst,Highfield Financial Group,"San Francisco, CA",Full-time,"Excel Financial Modeling, Financial Analysis, Business Development, Vendor Management, SAP, Procurement, Contract Negotiation, Pricing Strategy",123193,141398,"Business, Finance & Analytics"
Junior Staff Accountant,Elmgate Advisory Group,"Boston, MA",Full-time,"Budgeting & Forecasting, Accounting Principles, Stakeholder Management, Excel, KPI Development",57852,68064,"Business, Finance & Analytics"
Bookkeeper Intern,Harborline Holdings,Remote,Internship,"Data-Driven Decision Making, P&L Management, KPI Development, Supply Chain Analysis, Financial Analysis, Risk Management, Competitive Intelligence",29128,36023,"Business, Finance & Analytics"
Data Analyst,Summit Insights,"New York, NY",Full-time,"Excel, SQL, Financial Modeling, Competitive Intelligence, NetSuite, Procurement",87680,100036,Data & Analytics
Lead Strategy Analyst,Redwood Wealth Partners,"Chicago, IL",Full-time,"Quickbooks, Competitive Intelligence, KPI Development",141970,149475,"Business, Finance & Analytics"
Portfolio Analyst Intern,Brambleton Holdings,"New York, NY",Internship,"Accounting Principles, Data-Driven Decision Making, Cost-Benefit Analysis, QuickBooks, Vendor Management",35715,41156,"Business, Finance & Analytics"
Lead Strategy Analyst,Pinecrest Financial Services,Remote,Full-time,"Supply Chain Analysis, COMPETITIVE INTELLIGENCE, Pricing Strategy, Procurement, Excel Financial Modeling, QuickBooks, Presentation Skills, Vendor Management",153950,163952,"Business, Finance & Analytics"
Business Analyst Intern,Lakeshore Capital Group,"Atlanta, GA",Internship,"Procurement, Supply Chain Analysis, Contract Negotiation, Competitive Intelligence, Excel, P&L Management",24967,32919,"Business, Finance & Analytics"
Lead Portfolio Analyst,Brambleton Holdings,"Atlanta, GA",Contract,"NetSuite, P&L Management, QuickBooks, Financial Analysis, Critical Thinking, Business Development",154516,169227,"Business, Finance & Analytics"
Senior Portfolio Analyst,Foxglen Advisory Group,"San Francisco, CA",Full-time,"NetSuite, Pricing Strategy, Competitive Intelligence",125300,137092,"Business, Finance & Analytics"
Operations Analyst,Meridian Financial Partners,"San Francisco, CA",Full-time,"Accounting Principles, Vendor Management, Investment Analysis, Excel Financial Modeling, Data-Driven Decision Making, P&L Management, QuickBooks, Cost-Benefit Analysis",93250,107507,Business Operations
Risk Analyst,Ashford Advisory Group,Remote,Full-time,"Business Development, SQL, Supply Chain Analysis, Data-Driven Decision Making, Procurement, Investment Analysis, KPI Development, SAP",94587,102402,"Business, Finance & Analytics"
Business Analyst Intern,Lakeshore Ledger Co.,"New York, NY",Internship,"SQL, P&L Management, NetSuite, SAP, Competitive Intelligence, Accounting Principles, Cost-Benefit Analysis",25139,31127,"Business, Finance & Analytics"
Revenue Analyst,Redwood Advisory Group,"Chicago, IL",Full-time,"SQL, Budgeting & Forecasting, Data-Driven Decision Making",72992,82598,"Business, Finance & Analytics"
Lead Controller,Bluepeak Strategy Group,"Boston, MA",Full-time,"QuickBooks, Financial Analysis, Supply Chain Analysis, Critical Thinking, Vendor Management, NetSuite, Investment Analysis, Risk Management",141710,159178,"Business, Finance & Analytics"
Junior Treasury Analyst,Hollowbrook Wealth Partners,"Seattle, WA",Full-time,"Excel, Vendor Management, Cost-Benefit Analysis, Accounting Principles, QuickBooks, Financial Analysis, Investment Analysis, Negotiation",56096,62344,"Business, Finance & Analytics"
Junior BI Developer,Silverbrook Financial Group,Remote,Full-time,"Power BI, SQL, P&L Management, KPI Development, Supply Chain Analysis, SAP, Tableau",52307,57634,Data & Analytics
Junior Treasury Analyst,Ironwood Strategy Group,"Denver, CO",Full-time,"Vendor Management, Excel, P&L Management, KPI Development, NetSuite, Financial Analysis",55909,60853,"Business, Finance & Analytics"
Supply Chain Analyst,Summit & Associates,Remote,Full-time,"Accounting Principles, Excel, Cost-Benefit Analysis, Excel Financial Modeling",93849,105500,Business Operations
Junior Payroll Specialist,Cobalt Trust Group,Remote,Full-time,"Financial Analysis, Vendor Management, Competitive Intelligence, Procurement, Excel Financial Modeling, Contract Negotiation, Data-Driven Decision Making, SAP",55778,65102,"Business, Finance & Analytics"
Senior Business Intelligence Analyst,Summit Solutions Group,"Chicago, IL",Full-time,"Data-Driven Decision Making, Contract Negotiation, Pricing Strategy, Presentation Skills, Financial Analysis, Excel Financial Modeling, Procurement",115748,134114,Data & Analytics
Senior Controller,Northfield Ventures,"Denver, CO",Full-time,"Supply Chain Analysis, Risk Management, Financial Analysis, Business Development, P&L Management, Stakeholder Management",106503,115059,"Business, Finance & Analytics"
Financial Analyst Intern,Brightpath Financial Services,"Dallas, TX",Internship,"Financial Modeling, Financial Analysis, NetSuite, Investment Analysis, Accounting Principles",34593,39279,"Business, Finance & Analytics"
Tax Analyst,Onyx Strategy Group,"Sydney, Australia",Full-time,"Competitive Intelligence, Cost-Benefit Analysis, Business Development, Vendor Management, Presentation Skills",85543,91594,"Business, Finance & Analytics"
Junior Controller,Palisade Capital Group,"Seattle, WA",Part-time,"Budgeting & Forecasting, NetSuite, Supply Chain Analysis, Critical Thinking, Competitive Intelligence, KPI Development",52454,57644,"Business, Finance & Analytics"
Principal Data Analyst,Harborline Ledger Co.,"Seattle, WA",Contract,"Excel Financial Modeling, SQL, Financial Modeling, Accounting Principles, Excel, Budgeting & Forecasting",175484,187781,Data & Analytics
Risk Analyst,Falcon Ridge Analytics,Singapore,Full-time,"Investment Analysis, Pricing Strategy, Competitive Intelligence, Business Development, SAP",97832,105288,"Business, Finance & Analytics"
Lead Revenue Analyst,Redwood Financial Group,"San Francisco, CA",Full-time,"Communication, P&L Management, SQL, Vendor Management, Financial Analysis, Data-Driven Decision Making, Contract Negotiation",139442,151409,"Business, Finance & Analytics"
Junior Accounting Manager,Meridian Financial Partners,"Dublin, Ireland",Internship,"Procurement, Budgeting & Forecasting, Contract Negotiation, Risk Management, accounting principles, Business Development, QuickBooks, Data-Driven Decision Making",33712,40928,"Business, Finance & Analytics"
FP&A Analyst,Thornwood Asset Management,Remote,Full-time,"Supply Chain Analysis, Cost-Benefit Analysis, Data-Driven Decision Making, Accounting Principles",92505,105980,"Business, Finance & Analytics"
Principal Supply Chain Analyst,Onyx Trust Group,"London, UK",Part-time,"Excel, Competitive Intelligence, NetSuite, Financial Analysis, Vendor Management, Budgeting & Forecasting, Investment Analysis",167632,180737,Business Operations
Financial Planning Analyst Intern,Palisade Holdings,Remote,Internship,"Business Development, P&L Management, Budgeting & Forecasting",35067,39301,"Business, Finance & Analytics"
Senior Pricing Analyst,Bluepeak Investment Partners,Remote,Part-time,"Financial Analysis, Data-Driven Decision Making, Competitive Intelligence, KPI Development",133965,146145,"Business, Finance & Analytics"
Compliance Analyst,Thornwood Asset Management,Remote,Full-time,"Investment Analysis, Critical Thinking, Contract Negotiation, SAP",83163,91276,"Business, Finance & Analytics"
Senior Business Intelligence Analyst,Highfield & Associates,Remote,Contract,"Data-Driven Decision Making, Procurement, Negotiation, Pricing Strategy",116763,135149,Data & Analytics
Business Intelligence Analyst Intern,Crestline Advisory Group,"Chicago, IL",Internship,"Vendor Management, Accounting Principles, P&L Management",33353,36766,Data & Analytics
Payroll Specialist Intern,Oakhaven Investment Partners,"San Francisco, CA",Internship,"Accounting Principles, Vendor Management, Supply Chain Analysis, P&L Management, SAP, Investment Analysis, QuickBooks, Competitive Intelligence",26013,33100,"Business, Finance & Analytics"
Lead Credit Analyst,Redwood & Associates,"Charlotte, NC",Full-time,"Agile Methodology, Accounting Principles, Contract Negotiation, Investment Analysis, Pricing Strategy, Cost-Benefit Analysis, Data-Driven Decision Making",140698,147413,"Business, Finance & Analytics"
Senior Supply Chain Analyst,Oakhaven Accounting Partners,"San Francisco, CA",Full-time,"Excel Financial Modeling, Business Development, Communication, SAP",105203,115226,Business Operations
Financial Analyst Intern,Granite Insights,"Dallas, TX",Internship,"contract negotiation, Financial Modeling, Data-Driven Decision Making, Risk Management, Financial Modeling",30936,35485,"Business, Finance & Analytics"
Business Intelligence Analyst,Silverbrook Financial Group,Remote,Full-time,"Vendor Management, Budgeting & Forecasting, Critical Thinking, Procurement",90133,100352,Data & Analytics
Compliance Analyst,Hollowbrook Wealth Partners,Remote,Full-time,"Excel Financial Modeling, Data-Driven Decision Making, QuickBooks, Investment Analysis, Financial Analysis",80010,89253,"Business, Finance & Analytics"
Senior Investment Analyst,Rivergate Financial Services,"Denver, CO",Full-time,"Business Development, Competitive Intelligence, SAP, Contract Negotiation, Git, NetSuite, Cost-Benefit Analysis, Budgeting & Forecasting",109092,122513,"Business, Finance & Analytics"
Controller,Stonebridge Advisory Group,"Dallas, TX",Full-time,"Budgeting & Forecasting, P&L Management, SAP, Financial Analysis, Accounting Principles, Contract Negotiation, Competitive Intelligence, Data-Driven Decision Making",76596,89437,"Business, Finance & Analytics"
Junior Compliance Analyst,Oakhaven Accounting Partners,"Seattle, WA",Full-time,"Data-Driven Decision Making, Pricing Strategy, QuickBooks, Procurement, Risk Management, Competitive Intelligence",72308,80269,"Business, Finance & Analytics"
Tax Analyst,Lakeshore Holdings,"Toronto, ON",Full-time,"Budgeting & Forecasting, KPI Development, Financial Analysis, SAP",91500,98861,"Business, Finance & Analytics"
Credit Analyst,Pinecrest Advisory Group,Remote,Full-time,"Risk Management, Business Development, SAP, P&L Management",93887,103176,"Business, Finance & Analytics"
Treasury Analyst Intern,Skyline Strategy Group,"Toronto, ON",Internship,"Data-Driven Decision Making, Supply Chain Analysis, Procurement, Presentation Skills, Vendor Management, Contract Negotiation, Accounting Principles, Excel",26458,30716,"Business, Finance & Analytics"
Senior Staff Accountant,Brightpath Financial Services,Remote,Contract,"Git, QuickBooks, Pricing Strategy, Excel Financial Modeling, Procurement",136159,150777,"Business, Finance & Analytics"
FP&A Analyst,Falcon Ridge Analytics,Remote,Full-time,"Budgeting & Forecasting, SQL, Pricing Strategy, Business Development",92307,102585,"Business, Finance & Analytics"
BI Developer Manager,Palisade Capital Group,Singapore,Full-time,"Excel, Negotiation, QuickBooks, Accounting Principles, Data-Driven Decision Making",138397,155501,Data & Analytics
Financial Analyst,Fernbrook Solutions Group,Remote,Full-time,"QuickBooks, NetSuite, KPI Development, Financial Modeling, Supply Chain Analysis",81772,91910,"Business, Finance & Analytics"
Supply Chain Analyst,Brambleton Trust Group,"Dublin, Ireland",Full-time,"Budgeting & Forecasting, Investment Analysis, Data-Driven Decision Making, Time Management, Accounting Principles, NetSuite",94045,105048,Business Operations
Senior Revenue Analyst,Ashford Advisory Group,"Chicago, IL",Full-time,"Vendor Management, Excel Financial Modeling, Data-Driven Decision Making, Business Development, KPI Development, Risk Management, Cost-Benefit Analysis, SQL",106236,122396,"Business, Finance & Analytics"
Risk Manager,Cobalt Trust Group,Remote,Contract,"Risk Management, Vendor Management, Financial Analysis, KPI Development, Accounting Principles",88788,97647,"Business, Finance & Analytics"
Operations Analyst Manager,Harborline & Associates,"Dublin, Ireland",Full-time,"SAP, Accounting Principles, Investment Analysis, Budgeting & Forecasting, Pricing Strategy, Financial Analysis, Business Development",141149,155424,Business Operations
Finance Manager,Falcon Ridge Ledger Co.,"Denver, CO",Full-time,"Budgeting & Forecasting, QuickBooks, Data-Driven Decision Making, Supply Chain Analysis, SAP, NetSuite, Vendor Management, KPI Development",95474,108843,"Business, Finance & Analytics"
Junior Data Analyst,Granite Bridge Capital,"New York, NY",Full-time,"SAP, Supply Chain Analysis, Data-Driven Decision Making, Accounting Principles, Vendor Management, Tableau, QuickBooks",66162,75667,Data & Analytics
Lead Staff Accountant,Highfield Financial Group,Remote,Full-time,"QuickBooks, Cost-Benefit Analysis, Risk Management",145427,162998,"Business, Finance & Analytics"
Lead Risk Analyst,Highfield & Associates,Remote,Full-time,"Excel Financial Modeling, P&L Management, Vendor Management, Business Development, Competitive Intelligence, Accounting Principles",143384,157841,"Business, Finance & Analytics"
Junior Accounting Manager,Skyline Consulting,"Chicago, IL",Internship,"Data-Driven Decision Making, Business Development, Risk Management, Budgeting & Forecasting, NetSuite, P&L Management, SAP, Procurement",26710,33155,"Business, Finance & Analytics"
Senior Compliance Analyst,Redwood Capital Group,"Charlotte, NC",Full-time,"Business Development, Contract Negotiation, Negotiation, SAP, P&L Management, Pricing Strategy, Cost-Benefit Analysis, Investment Analysis",99226,108470,"Business, Finance & Analytics"
Junior Accounting Manager,Pinecrest Consulting,Singapore,Internship,"Budgeting & Forecasting, Investment Analysis, NetSuite, Supply Chain Analysis",28374,35481,"Business, Finance & Analytics"
Accounting Manager,Silverbrook Financial Group,Remote,Full-time,"Investment Analysis, Contract Negotiation, Financial Analysis, QuickBooks, Supply Chain Analysis, Accounting Principles, P&L Management, Cost-Benefit Analysis",74935,87777,"Business, Finance & Analytics"
Supply Chain Analyst Manager,Hollowbrook Wealth Partners,"Chicago, IL",Full-time,"Budgeting & Forecasting, Accounting Principles, P&L Management",116646,129021,Business Operations
Junior Controller,Onyx Strategy Group,Remote,Internship,"Data-Driven Decision Making, Investment Analysis, QuickBooks, Vendor Management, NetSuite, Risk Management, Problem Solving",27204,32321,"Business, Finance & Analytics"
Portfolio Analyst,Ashford Advisory Group,Remote,Full-time,"Accounting Principles, NetSuite, Supply Chain Analysis, SAP",72658,86272,"Business, Finance & Analytics"
Compliance Analyst,Highfield & Associates,"New York, NY",Part-time,"Contract Negotiation, Pricing Strategy, Budgeting & Forecasting, Accounting Principles, Financial Analysis, Competitive Intelligence, Vendor Management, Cost-Benefit Analysis",90518,95941,"Business, Finance & Analytics"
Investment Analyst,Sterling Strategy Group,"Charlotte, NC",Full-time,"Accounting Principles, Competitive Intelligence, Financial Analysis, Budgeting & Forecasting",99008,110588,"Business, Finance & Analytics"
Operations Analyst Manager,Lakeshore Trust Group,"London, UK",Full-time,"QuickBooks, SQL, Procurement",141300,156617,Business Operations
Junior Financial Analyst,Elmgate Advisory Group,"Austin, TX",Full-time,"Cost-Benefit Analysis, P&L Management, KPI Development, Budgeting & Forecasting, Vendor Management, Financial Analysis",68203,74363,"Business, Finance & Analytics"
BI Developer,Pinecrest Financial Services,"London, UK",Full-time,"Budgeting & Forecasting, QuickBooks, Data-Driven Decision Making, NetSuite, Cost-Benefit Analysis, Contract Negotiation, SQL, Business Development",95125,101611,Data & Analytics
Senior Pricing Analyst,Lakeshore Capital Group,"Atlanta, GA",Full-time,"Risk Management, Accounting Principles, Contract Negotiation, Business Development, Procurement, Supply Chain Analysis, Vendor Management, NetSuite",130032,148290,"Business, Finance & Analytics"
Senior Business Intelligence Analyst,Ashford Advisory Group,"Denver, CO",Full-time,"Pricing Strategy, Excel, Vendor Management, QuickBooks, Investment Analysis, Competitive Intelligence",118982,138458,Data & Analytics
Lead Credit Analyst,Northfield Ventures,"Boston, MA",Full-time,"Supply Chain Analysis, QuickBooks, Contract Negotiation, Pricing Strategy, Excel, KPI Development",128566,142325,"Business, Finance & Analytics"
Financial Analyst Intern,Ashford Advisory Group,"Seattle, WA",Internship,"Financial Analysis, NetSuite, Data-Driven Decision Making, Pricing Strategy, P&L Management, Git, Competitive Intelligence, Risk Management",32993,36010,"Business, Finance & Analytics"
Data Analyst,Highfield Solutions Group,"Seattle, WA",Full-time,"Accounting Principles, Git, Business Development, Excel Financial Modeling, Risk Management, Vendor Management",72591,86007,Data & Analytics
Staff Risk Analyst,Skyline Consulting,Remote,Full-time,"SAP, Financial Analysis, Investment Analysis, SQL, Problem Solving",146495,157685,"Business, Finance & Analytics"
Senior Risk Manager,Highfield & Associates,Remote,Part-time,"Investment Analysis, Pricing Strategy, Data-Driven Decision Making",110225,129220,"Business, Finance & Analytics"
Junior Tax Analyst,Summit Insights,"Seattle, WA",Full-time,"Data-Driven Decision Making, QuickBooks, Excel Financial Modeling",58753,68089,"Business, Finance & Analytics"
Business Intelligence Analyst,Redwood Wealth Partners,Remote,Full-time,"Vendor Management, QuickBooks, SAP, Tableau, Power BI, Risk Management, Business Development, Financial Modeling",97199,103299,Data & Analytics
Lead Auditor,Sterling Financial Partners,Remote,Part-time,"Cost-Benefit Analysis, Data-Driven Decision Making, NetSuite, P&L Management",162094,172877,"Business, Finance & Analytics"
Supply Chain Analyst,Highfield Investment Partners,Remote,Full-time,"Accounting Principles, Procurement, Git, SAP, Data-Driven Decision Making, Pricing Strategy",76352,90096,Business Operations
Revenue Analyst,Pinecrest Financial Services,Singapore,Full-time,"QuickBooks, NetSuite, Investment Analysis, SAP, Accounting Principles, Procurement, P&L Management, KPI Development",96731,102748,"Business, Finance & Analytics"
Junior Financial Planning Analyst,Thornwood Insights,Remote,Full-time,"Data-Driven Decision Making, Financial Analysis, Competitive Intelligence, Vendor Management, Business Development, Budgeting & Forecasting, Stakeholder Management, KPI Development",63819,71751,"Business, Finance & Analytics"
Junior Business Analyst,Highfield & Associates,Remote,Full-time,"Pricing Strategy, Procurement, Cost-Benefit Analysis, SAP, QuickBooks, Contract Negotiation, Competitive Intelligence, Vendor Management",62318,66613,"Business, Finance & Analytics"
Junior Controller,Redwood Financial Partners,"Dallas, TX",Internship,"Vendor Management, Risk Management, Accounting Principles, Excel Financial Modeling, SAP, Data-Driven Decision Making, Competitive Intelligence, Procurement",35426,39878,"Business, Finance & Analytics"
Staff Accountant Intern,Onyx Trust Group,"Dallas, TX",Internship,"Supply Chain Analysis, NetSuite, Financial Analysis, KPI Development",35225,38738,"Business, Finance & Analytics"
Operations Analyst,Granite Bridge Capital,Remote,Full-time,"Business Development, KPI Development, Data-Driven Decision Making",91522,100830,Business Operations
Risk Analyst Manager,Kestrel Asset Management,"Seattle, WA",Contract,"Vendor Management, NetSuite, Contract Negotiation",144257,155341,"Business, Finance & Analytics"
Senior BI Developer,Meridian Financial Partners,"San Francisco, CA",Full-time,"Power BI, Excel, Pricing Strategy, Budgeting & Forecasting, Data-Driven Decision Making, Git, P&L Management",104197,121200,Data & Analytics
Bookkeeper Intern,Ravenscroft Strategy Group,"Chicago, IL",Internship,"QuickBooks, Contract Negotiation, financial analysis, SAP, Procurement, Accounting Principles, Investment Analysis",24617,28529,"Business, Finance & Analytics"
Principal Business Intelligence Analyst,Brambleton Holdings,Remote,Full-time,"Financial Analysis, Investment Analysis, Pricing Strategy",160625,167376,Data & Analytics
Pricing Analyst,Brambleton Solutions Group,Remote,Full-time,"Vendor Management, Communication, Competitive Intelligence, Cost-Benefit Analysis, Excel Financial Modeling, Procurement, Investment Analysis, NetSuite",83278,91872,"Business, Finance & Analytics"
Internal Auditor,Sterling Strategy Group,Remote,Full-time,"Risk Management, Financial Analysis, Investment Analysis, Pricing Strategy, Excel, Business Development, KPI Development, P&L Management",80915,92290,"Business, Finance & Analytics"
Investment Analyst Manager,Foxglen Advisory Group,Remote,Full-time,"Investment Analysis, Presentation Skills, Financial Analysis, Data-Driven Decision Making, Supply Chain Analysis",136222,152807,"Business, Finance & Analytics"
Risk Manager,Onyx Trust Group,Remote,Full-time,"Investment Analysis, Agile Methodology, Supply Chain Analysis, Competitive Intelligence, Excel Financial Modeling, Business Development",89094,95454,"Business, Finance & Analytics"
Staff Accountant Manager,Falcon Ridge Financial Group,Remote,Full-time,"P&L Management, Competitive Intelligence, Supply Chain Analysis,  Data-Driven Decision Making , Cost-Benefit Analysis, Procurement, Pricing Strategy, Cost-Benefit Analysis",124239,136680,"Business, Finance & Analytics"
Junior Data Analyst,Sterling Strategy Group,"Austin, TX",Full-time,"Supply Chain Analysis, Cost-Benefit Analysis, SAP",54254,58713,Data & Analytics
Junior Financial Analyst,Palisade Ventures,"Dallas, TX",Full-time,"Agile Methodology, NetSuite, Financial Analysis, Budgeting & Forecasting, Accounting Principles",71291,77365,"Business, Finance & Analytics"
Strategy Analyst,Brambleton Holdings,"Chicago, IL",Full-time,"Budgeting & Forecasting, QuickBooks, Competitive Intelligence,  Procurement , Contract Negotiation, SAP, Cost-Benefit Analysis, Risk Management",89945,99430,"Business, Finance & Analytics"
Financial Planning Analyst,Rivergate Wealth Partners,"New York, NY",Full-time,"Budgeting & Forecasting, Vendor Management, Data-Driven Decision Making, Contract Negotiation",97784,107534,"Business, Finance & Analytics"
Junior Payroll Specialist,Cobalt Capital Group,Remote,Full-time,"Supply Chain Analysis, Excel, Financial Analysis, Stakeholder Management, Risk Management",58716,67930,"Business, Finance & Analytics"
FP&A Analyst,Ashford Advisory Group,"Charlotte, NC",Full-time,"Vendor Management, Competitive Intelligence, Pricing Strategy, P&L Management",93222,98765,"Business, Finance & Analytics"
Senior Accounting Manager,Sterling Financial Partners,"Chicago, IL",Full-time,"Supply Chain Analysis, Competitive Intelligence, Contract Negotiation, Contract Negotiation",132867,142057,"Business, Finance & Analytics"
Staff Accountant Intern,Rivergate Analytics,"Chicago, IL",Internship,"Supply Chain Analysis, QuickBooks, Vendor Management, Data-Driven Decision Making, Competitive Intelligence",29988,36229,"Business, Finance & Analytics"
Accountant,Redwood Financial Group,Remote,Full-time,"SAP, Excel, NetSuite, Pricing Strategy, Excel Financial Modeling",94612,108663,"Business, Finance & Analytics"
Operations Analyst,Thornwood Ledger Co.,Singapore,Full-time,"Pricing Strategy, Supply Chain Analysis, QuickBooks, Excel Financial Modeling",79640,93193,Business Operations
Lead Accountant,Kestrel Asset Management,"New York, NY",Full-time,"Excel Financial Modeling, NetSuite, Excel, Cost-Benefit Analysis, Vendor Management, SAP, Procurement",140996,150555,"Business, Finance & Analytics"
Credit Analyst,Sterling Strategy Group,"Austin, TX",Part-time,"QuickBooks, Risk Management, P&L Management, Vendor Management, Excel, Budgeting & Forecasting, Business Development, Competitive Intelligence",96546,103005,"Business, Finance & Analytics"
Staff Revenue Analyst,Lakeshore Trust Group,"Boston, MA",Part-time,"Supply Chain Analysis, Financial Analysis, QuickBooks, Presentation Skills",154837,165691,"Business, Finance & Analytics"
Junior Compliance Analyst,Highfield Financial Group,Remote,Full-time,"Vendor Management, P&L Management, Contract Negotiation, Competitive Intelligence, Business Development",64587,69095,"Business, Finance & Analytics"
Bookkeeper Intern,Granite Insights,"Austin, TX",Internship,"Vendor Management, Excel Financial Modeling, Procurement, Competitive Intelligence",23356,27667,"Business, Finance & Analytics"
Strategy Analyst,Cobalt Capital Group,"Chicago, IL",Full-time,"Vendor Management, Cost-Benefit Analysis, P&L Management",92668,106970,"Business, Finance & Analytics"
Junior Operations Analyst,Lakeshore Holdings,Remote,Full-time," Pricing Strategy , QuickBooks, Cost-Benefit Analysis, Risk Management, Investment Analysis",69932,79464,Business Operations
Portfolio Analyst,Foxglen Strategy Group,Remote,Full-time,"Contract Negotiation, Procurement, KPI Development",96811,111210,"Business, Finance & Analytics"
Risk Analyst Manager,Oakhaven Consulting,"Sydney, Australia",Part-time,"Pricing Strategy, Business Development, Contract Negotiation, Procurement, SAP, Financial Analysis, Supply Chain Analysis",132275,148419,"Business, Finance & Analytics"
Strategy Analyst,Summit & Associates,"London, UK",Full-time,"Supply Chain Analysis, Data-Driven Decision Making, Cost-Benefit Analysis, Business Development, NetSuite, SAP",83611,91366,"Business, Finance & Analytics"
Junior BI Developer,Brightpath Trust Group,Remote,Full-time,"Financial Modeling, NetSuite, Competitive Intelligence, Accounting Principles, SQL, KPI Development, Pricing Strategy, Budgeting & Forecasting",60180,65658,Data & Analytics
Finance Manager,Redwood Capital Group,Remote,Contract,"Data-Driven Decision Making, SAP, Vendor Management, Contract Negotiation, Cost-Benefit Analysis",89316,98026,"Business, Finance & Analytics"
Senior Bookkeeper,Summit Solutions Group,"Seattle, WA",Full-time,"Accounting Principles, QuickBooks, Excel Financial Modeling, Investment Analysis, Excel, Competitive Intelligence, Contract Negotiation, Budgeting & Forecasting",118505,132055,"Business, Finance & Analytics"
Junior Investment Analyst,Onyx Trust Group,Remote,Contract,"Accounting Principles, Supply Chain Analysis, Data-Driven Decision Making, Budgeting & Forecasting, Pricing Strategy, Cost-Benefit Analysis",71728,80600,"Business, Finance & Analytics"
Strategy Analyst Intern,Stonebridge Advisory Group,"Dublin, Ireland",Internship,"KPI Development, Cost-Benefit Analysis, Competitive Intelligence",27089,33434,"Business, Finance & Analytics"
Portfolio Analyst,Sterling Capital Group,"Austin, TX",Full-time,"Risk Management, Financial Modeling, Competitive Intelligence, Pricing Strategy, KPI Development, Data-Driven Decision Making, Procurement, Presentation Skills",89527,95730,"Business, Finance & Analytics"
Junior Payroll Specialist,Foxglen Advisory Group,"New York, NY",Full-time,"Excel, P&L Management, Supply Chain Analysis, QuickBooks, Presentation Skills, NetSuite",69751,77938,"Business, Finance & Analytics"
Principal Financial Analyst,Stonebridge Bridge Capital,"New York, NY",Full-time,"Competitive Intelligence, KPI Development, Supply Chain Analysis, Investment Analysis, Business Development",149946,165015,"Business, Finance & Analytics"
Portfolio Analyst Manager,Harborline & Associates,Remote,Full-time,"Critical Thinking, Investment Analysis, KPI Development, Procurement, Risk Management",131741,153140,"Business, Finance & Analytics"
Senior Procurement Analyst,Foxglen Strategy Group,"Boston, MA",Full-time,"Contract Negotiation, SAP, KPI Development, Data-Driven Decision Making, Competitive Intelligence",113106,124458,"Business, Finance & Analytics"
Senior Investment Analyst,Sterling Capital Group,Remote,Full-time,"P&L Management, Competitive Intelligence, Presentation Skills, Pricing Strategy, Excel Financial Modeling, Investment Analysis, Financial Modeling, Accounting Principles",118857,136812,"Business, Finance & Analytics"
Senior Revenue Analyst,Palisade Investment Partners,Remote,Full-time,"Budgeting & Forecasting, SQL, P&L Management, Financial Analysis, NetSuite, Contract Negotiation",111703,125872,"Business, Finance & Analytics"
Lead Operations Analyst,Harborline Ledger Co.,"Austin, TX",Full-time,"NetSuite, Excel, SQL",144820,158043,Business Operations
Financial Planning Analyst,Sterling Financial Partners,Singapore,Full-time,"Supply Chain Analysis, Pricing Strategy, Excel Financial Modeling",83619,91245,"Business, Finance & Analytics"
Auditor Manager,Bluepeak Strategy Group,Remote,Full-time,"NetSuite, SAP, Excel, Procurement",117336,133583,"Business, Finance & Analytics"
Controller,Oakhaven Accounting Partners,"Seattle, WA",Full-time,"Cost-Benefit Analysis, Vendor Management, Agile Methodology, Excel Financial Modeling, Investment Analysis",88282,96099,"Business, Finance & Analytics"
Principal Procurement Analyst,Hollowbrook Wealth Partners,"Boston, MA",Full-time,"Cost-Benefit Analysis, Investment Analysis, P&L Management, Competitive Intelligence, Data-Driven Decision Making, Excel Financial Modeling",154164,164852,"Business, Finance & Analytics"
Credit Analyst Intern,Crestline Advisory Group,"Chicago, IL",Internship,"Supply Chain Analysis, QuickBooks, Cost-Benefit Analysis",30744,36689,"Business, Finance & Analytics"
Portfolio Analyst Intern,Highfield Financial Group,Remote,Internship,"Supply Chain Analysis, KPI Development, QuickBooks, Business Development, Risk Management, Data-Driven Decision Making, Investment Analysis",25722,31490,"Business, Finance & Analytics"
Junior Accounting Manager,Ironwood Financial Group,"Toronto, ON",Internship,"Business Development, Risk Management, Supply Chain Analysis, QuickBooks, Investment Analysis, Agile Methodology",36578,44000,"Business, Finance & Analytics"
Senior Payroll Specialist,Foxglen Advisory Group,Singapore,Full-time,"Cost-Benefit Analysis, Contract Negotiation, Business Development, Excel Financial Modeling, Cost-Benefit Analysis",132794,147009,"Business, Finance & Analytics"
Lead Internal Auditor,Sterling Strategy Group,Remote,Full-time,"Risk Management, Business Development, Vendor Management, Budgeting & Forecasting, Accounting Principles, Excel, Pricing Strategy",150650,164341,"Business, Finance & Analytics"
Senior Financial Analyst,Stonebridge Strategy Group,"Dallas, TX",Contract,"Accounting Principles, NetSuite, Pricing Strategy, Excel Financial Modeling, Risk Management, Investment Analysis, Cost-Benefit Analysis",122391,136276,"Business, Finance & Analytics"
Auditor,Meridian Financial Partners,"San Francisco, CA",Full-time,"Cost-Benefit Analysis, Competitive Intelligence, QuickBooks, Contract Negotiation, Supply Chain Analysis, Excel Financial Modeling,  Vendor Management , Stakeholder Management",88137,96972,"Business, Finance & Analytics"
Junior BI Developer,Highfield Investment Partners,"Boston, MA",Contract,"Budgeting & Forecasting, Procurement, NetSuite, Power BI, Excel",60171,65935,Data & Analytics
Senior Credit Analyst,Foxglen Advisory Group,"San Francisco, CA",Full-time,"Contract Negotiation, Problem Solving, Supply Chain Analysis, Cost-Benefit Analysis, Excel Financial Modeling, Accounting Principles, Business Development",118586,131291,"Business, Finance & Analytics"
Business Analyst,Rivergate Financial Services,"New York, NY",Full-time,"Procurement, NetSuite, Risk Management, Investment Analysis",98517,109661,"Business, Finance & Analytics"
Portfolio Analyst Manager,Rivergate Financial Services,Remote,Part-time,"SAP, KPI Development, Investment Analysis, Supply Chain Analysis, Competitive Intelligence, Procurement, Vendor Management, P&L Management",143808,157156,"Business, Finance & Analytics"
FP&A Analyst Intern,Highfield & Associates,"Chicago, IL",Internship,"Data-Driven Decision Making, KPI Development, Competitive Intelligence",24237,29358,"Business, Finance & Analytics"
Controller,Brambleton Solutions Group,Remote,Full-time,"Pricing Strategy, P&L Management, Procurement, SAP",99692,108721,"Business, Finance & Analytics"
Procurement Analyst Manager,Fernbrook Solutions Group,"Dallas, TX",Full-time,"Investment Analysis, Supply Chain Analysis, KPI Development, Data-Driven Decision Making, NetSuite, Pricing Strategy",134003,142789,"Business, Finance & Analytics"
Procurement Analyst,Highfield & Associates,"London, UK",Full-time,"Cost-Benefit Analysis, Supply Chain Analysis, Procurement",81759,90771,"Business, Finance & Analytics"
Lead Procurement Analyst,Onyx Solutions Group,Remote,Full-time,"Business Development, Excel Financial Modeling, QuickBooks, P&L Management, Supply Chain Analysis, KPI Development, Cost-Benefit Analysis",135554,147788,"Business, Finance & Analytics"
Principal Strategy Analyst,Redwood Financial Partners,"Denver, CO",Full-time,"Contract Negotiation, Supply Chain Analysis, Pricing Strategy",168712,183788,"Business, Finance & Analytics"
Risk Manager,Lakeshore Capital Group,Remote,Full-time,"Cost-Benefit Analysis, P&L Management, Financial Analysis, Accounting Principles, Procurement",88592,94213,"Business, Finance & Analytics"
BI Developer,Sterling Financial Partners,"Chicago, IL",Full-time,"SAP, Tableau, NetSuite",72534,80165,Data & Analytics
Senior Investment Analyst,Falcon Ridge Analytics,"New York, NY",Full-time,"Excel Financial Modeling, Supply Chain Analysis, Vendor Management",129745,146194,"Business, Finance & Analytics"
Senior FP&A Analyst,Onyx Trust Group,"Boston, MA",Full-time,"Supply Chain Analysis, Business Development, Data-Driven Decision Making, Competitive Intelligence, Cost-Benefit Analysis, SQL, KPI Development",122205,140161,"Business, Finance & Analytics"
Junior Business Intelligence Analyst,Harborline & Associates,Remote,Full-time,"SQL, SAP, Risk Management, Pricing Strategy, Salesforce, Procurement, KPI Development, Competitive Intelligence",70901,75503,Data & Analytics
Junior Finance Manager,Lakeshore Ledger Co.,"Atlanta, GA",Part-time,"Investment Analysis, Vendor Management, Cost-Benefit Analysis, Competitive Intelligence, SAP",52010,61643,"Business, Finance & Analytics"
Bookkeeper Intern,Summit Solutions Group,"Charlotte, NC",Internship,"KPI Development, Supply Chain Analysis, Procurement, Risk Management, Investment Analysis, NetSuite",32781,40385,"Business, Finance & Analytics"
Financial Planning Analyst,Crestline Advisory Group,Remote,Full-time,"Procurement, Business Development, Risk Management, Budgeting & Forecasting, SAP, Excel Financial Modeling, Contract Negotiation",93530,104666,"Business, Finance & Analytics"
Senior Financial Planning Analyst,Highfield Investment Partners,"Boston, MA",Full-time,"KPI Development, Business Development, Risk Management, Financial Analysis, NetSuite",101421,119334,"Business, Finance & Analytics"
Staff Strategy Analyst,Pinecrest Consulting,Remote,Full-time,"Competitive Intelligence, Git, Procurement, QuickBooks, Supply Chain Analysis, Cost-Benefit Analysis",142920,156890,"Business, Finance & Analytics"
Senior Tax Analyst,Skyline Strategy Group,"Chicago, IL",Full-time,"Business Development, Data-Driven Decision Making, Competitive Intelligence, Investment Analysis",123393,138824,"Business, Finance & Analytics"
Junior Finance Manager,Rivergate Financial Services,Remote,Full-time,"QuickBooks, KPI Development, Accounting Principles, Budgeting & Forecasting, Cost-Benefit Analysis, Competitive Intelligence",61257,70788,"Business, Finance & Analytics"
Auditor Intern,Brightpath Financial Services,"Charlotte, NC",Internship,"Excel, Cost-Benefit Analysis, Business Development, P&L Management",28177,33637,"Business, Finance & Analytics"
Junior Supply Chain Analyst,Skyline Consulting,"New York, NY",Full-time,"Investment Analysis, QuickBooks, Procurement",69802,77256,Business Operations
Senior Risk Analyst,Redwood Capital Group,"Charlotte, NC",Full-time,"Accounting Principles, Financial Analysis, NetSuite, Investment Analysis, Contract Negotiation, Competitive Intelligence, Pricing Strategy, KPI Development",113575,126990,"Business, Finance & Analytics"
Senior Tax Analyst,Summit & Associates,Remote,Full-time,"Vendor Management, P&L Management, Data-Driven Decision Making, KPI Development, Cost-Benefit Analysis",137831,153000,"Business, Finance & Analytics"
Senior Pricing Analyst,Lakeshore Capital Group,Remote,Full-time,"KPI Development, Investment Analysis, Contract Negotiation, Competitive Intelligence, Pricing Strategy, Vendor Management, Risk Management, Contract Negotiation",106020,115467,"Business, Finance & Analytics"
Junior Payroll Specialist,Rivergate Analytics,Remote,Contract,"Excel Financial Modeling, Procurement, Risk Management, Business Development, Investment Analysis, Pricing Strategy",64191,72433,"Business, Finance & Analytics"
Lead Controller,Summit Solutions Group,"New York, NY",Full-time,"Business Development, Accounting Principles, Competitive Intelligence, Financial Analysis, Contract Negotiation",157180,172680,"Business, Finance & Analytics"
Senior Risk Analyst,Summit & Associates,"Boston, MA",Contract,"Pricing Strategy, Investment Analysis, P&L Management, Supply Chain Analysis, Excel, Cost-Benefit Analysis",134205,144278,"Business, Finance & Analytics"
Junior Financial Planning Analyst,Summit Insights,"Toronto, ON",Contract,"Pricing Strategy, KPI Development, NetSuite, Excel Financial Modeling, SAP, Budgeting & Forecasting",57613,62261,"Business, Finance & Analytics"
Junior BI Developer,Redwood Financial Group,Remote,Part-time,"Supply Chain Analysis, SAP, Cost-Benefit Analysis",67835,77856,Data & Analytics
Lead BI Developer,Kestrel Asset Management,"New York, NY",Full-time,"Excel Financial Modeling, Risk Management, Supply Chain Analysis, SAP, Business Development, Contract Negotiation, Tableau",157067,165888,Data & Analytics
Senior FP&A Analyst,Redwood Wealth Partners,"Dallas, TX",Contract,"QuickBooks, Accounting Principles, NetSuite, Risk Management, Cost-Benefit Analysis, Investment Analysis, Vendor Management",133810,143466,"Business, Finance & Analytics"
Senior Portfolio Analyst,Hollowbrook Wealth Partners,"Seattle, WA",Full-time,"Business Development, Cost-Benefit Analysis, Investment Analysis, Budgeting & Forecasting, Vendor Management, Competitive Intelligence, NetSuite",124306,143960,"Business, Finance & Analytics"
Supply Chain Analyst,Brambleton Solutions Group,"Charlotte, NC",Full-time,"Pricing Strategy, P&L Management,  Cost-Benefit Analysis , Pricing Strategy",78020,86556,Business Operations
Junior Pricing Analyst,Crestline Advisory Group,"Seattle, WA",Full-time,"Financial Analysis, Risk Management, Budgeting & Forecasting, NetSuite",65617,69943,"Business, Finance & Analytics"
Business Analyst,Pinecrest Financial Services,Remote,Full-time,"SQL, Procurement, Supply Chain Analysis, Accounting Principles, Risk Management",76859,83316,"Business, Finance & Analytics"
Junior Portfolio Analyst,Highfield Solutions Group,"Charlotte, NC",Part-time,"Pricing Strategy, SAP, Investment Analysis, Contract Negotiation, Excel Financial Modeling",60511,66448,"Business, Finance & Analytics"
Bookkeeper,Harborline Holdings,"Sydney, Australia",Full-time,"Excel Financial Modeling, P&L Management, Business Development, KPI Development, Competitive Intelligence, Procurement, Investment Analysis",76791,82849,"Business, Finance & Analytics"
Junior Procurement Analyst,Lakeshore Holdings,"Dallas, TX",Full-time,"Supply Chain Analysis, Excel Financial Modeling, Procurement",54518,59623,"Business, Finance & Analytics"
Risk Analyst Intern,Bluepeak Investment Partners,Remote,Internship,"P&L Management, Procurement, Business Development, Presentation Skills",31135,36797,"Business, Finance & Analytics"
Lead Business Intelligence Analyst,Summit Solutions Group,"Boston, MA",Full-time,"SQL, Investment Analysis, Financial Analysis, Financial Modeling, Business Development, Supply Chain Analysis, Tableau, KPI Development",145626,158640,Data & Analytics
Payroll Specialist,Harborline & Associates,"Denver, CO",Full-time,"Vendor Management, Contract Negotiation, Supply Chain Analysis, Risk Management, QuickBooks, Investment Analysis",95527,102952,"Business, Finance & Analytics"
Strategy Analyst,Brambleton Solutions Group,Remote,Full-time,"KPI Development, Data-Driven Decision Making, Financial Analysis",78883,90723,"Business, Finance & Analytics"
Junior Risk Manager,Summit Advisory Group,Remote,Internship,"KPI Development, Investment Analysis, Contract Negotiation, Supply Chain Analysis, Procurement, Accounting Principles, Cost-Benefit Analysis",32719,35916,"Business, Finance & Analytics"
Lead Internal Auditor,Silverbrook Financial Services,"Seattle, WA",Full-time,"Pricing Strategy, Investment Analysis, Risk Management, Data-Driven Decision Making",157816,170184,"Business, Finance & Analytics"
Supply Chain Analyst Intern,Summit Advisory Group,"Dallas, TX",Internship,"Risk Management, Cost-Benefit Analysis, Competitive Intelligence, Business Development, Budgeting & Forecasting",22651,29620,Business Operations
Senior Bookkeeper,Sterling Strategy Group,"Charlotte, NC",Full-time,"Contract Negotiation, NetSuite, Risk Management, Excel, KPI Development, Negotiation, Pricing Strategy, Business Development",119785,136704,"Business, Finance & Analytics"
Finance Manager,Palisade Ventures,"San Francisco, CA",Full-time,"KPI Development, Pricing Strategy, Budgeting & Forecasting, Problem Solving",79983,88252,"Business, Finance & Analytics"
Junior Internal Auditor,Summit Advisory Group,"Charlotte, NC",Full-time,"Excel, Cost-Benefit Analysis, Procurement, Vendor Management, Financial Analysis, Investment Analysis, P&L Management, Risk Management",66490,76155,"Business, Finance & Analytics"
Senior Auditor,Ironwood Strategy Group,"Seattle, WA",Contract,"Excel, Contract Negotiation, Investment Analysis, KPI Development, Budgeting & Forecasting, QuickBooks, Excel Financial Modeling, Financial Analysis",119387,129586,"Business, Finance & Analytics"
Portfolio Analyst Intern,Palisade Capital Group,Remote,Internship,"Competitive Intelligence, KPI Development, Procurement",22899,26898,"Business, Finance & Analytics"
Staff BI Developer,Ravenscroft Strategy Group,"Charlotte, NC",Full-time,"Accounting Principles, Salesforce, KPI Development, Excel, Risk Management, Vendor Management, Financial Modeling",135320,149733,Data & Analytics
Junior Data Analyst,Silverbrook Financial Services,"New York, NY",Full-time,"KPI Development, Contract Negotiation, Communication, Business Development, Supply Chain Analysis, Budgeting & Forecasting",64254,72244,Data & Analytics
Lead Finance Manager,Sterling Strategy Group,Remote,Full-time,"SAP, P&L Management, Financial Analysis, QuickBooks, Competitive Intelligence, Investment Analysis, Investment Analysis",130850,146940,"Business, Finance & Analytics"
FP&A Analyst,Foxglen Strategy Group,"Dallas, TX",Full-time,"Communication, KPI Development, Risk Management, Procurement, Supply Chain Analysis",80251,91813,"Business, Finance & Analytics"
Financial Analyst Manager,Summit Advisory Group,"Chicago, IL",Full-time,"Contract Negotiation, Excel Financial Modeling, P&L Management, NetSuite, Cost-Benefit Analysis, QuickBooks, Supply Chain Analysis",129448,142937,"Business, Finance & Analytics"
Payroll Specialist Intern,Ironwood Strategy Group,Remote,Internship,"Accounting Principles, Budgeting & Forecasting, Excel, SAP, Investment Analysis, Competitive Intelligence, Risk Management, KPI Development",32098,37179,"Business, Finance & Analytics"
Lead Accounting Manager,Highfield & Associates,"Austin, TX",Full-time,"Vendor Management, Cost-Benefit Analysis, Procurement",137406,145938,"Business, Finance & Analytics"
Junior FP&A Analyst,Redwood Financial Partners,"Charlotte, NC",Full-time,"Supply Chain Analysis, Time Management, Business Development, KPI Development, Investment Analysis, Procurement, Contract Negotiation",59288,64277,"Business, Finance & Analytics"
Senior Investment Analyst,Silverbrook Financial Services,"Austin, TX",Part-time,"Business Development, Competitive Intelligence, Budgeting & Forecasting, KPI Development, Accounting Principles, NetSuite, Data-Driven Decision Making, Pricing Strategy",98117,106194,"Business, Finance & Analytics"
Bookkeeper Manager,Ironwood Financial Group,Remote,Full-time,"Negotiation, QuickBooks, Accounting Principles, Supply Chain Analysis, Vendor Management, P&L Management",136654,153651,"Business, Finance & Analytics"
Finance Manager,Ashford Advisory Group,"New York, NY",Full-time,"NetSuite, KPI Development, Investment Analysis, Vendor Management, Accounting Principles, Cost-Benefit Analysis",77248,88561,"Business, Finance & Analytics"
Lead Financial Planning Analyst,Ironwood Financial Group,Remote,Full-time,"NetSuite, Communication, QuickBooks, Cost-Benefit Analysis, Financial Analysis, Business Development",158138,171914,"Business, Finance & Analytics"
Senior Strategy Analyst,Thornwood Insights,"Atlanta, GA",Full-time,"Data-Driven Decision Making, Pricing Strategy, Git, Competitive Intelligence",136014,152406,"Business, Finance & Analytics"
Junior Business Analyst,Fernbrook Solutions Group,Remote,Part-time,"Excel Financial Modeling, SQL, Business Development, Cost-Benefit Analysis, Pricing Strategy, Contract Negotiation",52084,62292,"Business, Finance & Analytics"
Senior Tax Analyst,Foxglen Strategy Group,"Dallas, TX",Full-time,"Financial Analysis, KPI Development, SAP",101871,117983,"Business, Finance & Analytics"
Senior Credit Analyst,Elmgate Advisory Group,"Denver, CO",Full-time,"Pricing Strategy, Excel Financial Modeling, QuickBooks, Cost-Benefit Analysis, KPI Development, Risk Management, Business Development, Data-Driven Decision Making",107802,123619,"Business, Finance & Analytics"
Senior Finance Manager,Rivergate Analytics,"Dallas, TX",Contract,"Budgeting & Forecasting, P&L Management, Pricing Strategy",127520,145980,"Business, Finance & Analytics"
Risk Analyst,Falcon Ridge Analytics,"New York, NY",Part-time,"Excel, Accounting Principles, Cost-Benefit Analysis",95069,101602,"Business, Finance & Analytics"
Junior Business Analyst,Falcon Ridge Analytics,"Chicago, IL",Full-time,"KPI Development, Data-Driven Decision Making, P&L Management, Excel, SAP, Financial Analysis, Pricing Strategy, SQL",67958,71917,"Business, Finance & Analytics"
Lead Tax Analyst,Cobalt Capital Group,"Dallas, TX",Part-time,"Contract Negotiation, KPI Development, Supply Chain Analysis, Business Development, Problem Solving, Cost-Benefit Analysis, P&L Management, Procurement",135154,147398,"Business, Finance & Analytics"
Compliance Analyst Manager,Kestrel Asset Management,"Chicago, IL",Full-time,"Cost-Benefit Analysis, Competitive Intelligence, Vendor Management, NetSuite, Excel Financial Modeling, Contract Negotiation",114918,126944,"Business, Finance & Analytics"
Operations Analyst,Stonebridge Strategy Group,"Denver, CO",Full-time,"Git, Investment Analysis, Excel, Financial Analysis, Competitive Intelligence, Accounting Principles, Vendor Management",84545,98503,Business Operations
Financial Analyst Intern,Thornwood Ledger Co.,Remote,Internship,"Financial Modeling, Excel Financial Modeling, Procurement",37172,42501,"Business, Finance & Analytics"
Senior Business Intelligence Analyst,Ravenscroft Strategy Group,Remote,Full-time,"Excel, Financial Analysis, Supply Chain Analysis, Tableau, Business Development, KPI Development, Data-Driven Decision Making, SQL",117303,130933,Data & Analytics
BI Developer,Crestline Advisory Group,"San Francisco, CA",Contract,"P&L Management, Data-Driven Decision Making, SAP, SQL, Budgeting & Forecasting, Risk Management",81744,94746,Data & Analytics
Credit Analyst Intern,Pinecrest Advisory Group,Remote,Internship,"Procurement, Financial Analysis, DATA-DRIVEN DECISION MAKING, Vendor Management, Excel, Risk Management, Vendor Management",26240,30151,"Business, Finance & Analytics"
Senior Procurement Analyst,Falcon Ridge Financial Group,"Boston, MA",Full-time,"Cost-Benefit Analysis, Pricing Strategy, KPI Development, Budgeting & Forecasting, Contract Negotiation",134536,145990,"Business, Finance & Analytics"
Lead Bookkeeper,Lakeshore Ledger Co.,"Dallas, TX",Full-time,"Investment Analysis, Pricing Strategy, SAP, Risk Management, Financial Analysis, Excel, Business Development",155619,172389,"Business, Finance & Analytics"
Finance Manager,Brightpath Solutions Group,"Chicago, IL",Part-time,"Business Development, Vendor Management, Negotiation, Budgeting & Forecasting",87399,99505,"Business, Finance & Analytics"
Data Analyst Manager,Thornwood Ledger Co.,Remote,Full-time,"Accounting Principles, NetSuite, Financial Modeling, Risk Management, Data-Driven Decision Making, P&L Management",129749,139054,Data & Analytics
Payroll Specialist Intern,Redwood & Associates,Remote,Internship,"Pricing Strategy, Investment Analysis, QuickBooks, Accounting Principles, Vendor Management, Procurement, Excel Financial Modeling, KPI Development",30133,34792,"Business, Finance & Analytics"
Treasury Analyst,Brightpath Trust Group,Remote,Contract,"Investment Analysis, Risk Management, SAP",97850,105913,"Business, Finance & Analytics"
Payroll Specialist Intern,Ironwood Financial Group,Remote,Internship,"Pricing Strategy, SAP, NetSuite, Supply Chain Analysis, Excel, Risk Management, Data-Driven Decision Making, Accounting Principles",27610,33975,"Business, Finance & Analytics"
Business Analyst,Onyx Solutions Group,"New York, NY",Full-time,"Competitive Intelligence, P&L Management, SQL, Cost-Benefit Analysis, Contract Negotiation, Excel Financial Modeling",89141,103202,"Business, Finance & Analytics"
Staff Payroll Specialist,Palisade Capital Group,"Chicago, IL",Full-time,"Vendor Management, P&L Management, Excel Financial Modeling, Investment Analysis",160954,169270,"Business, Finance & Analytics"
Junior Auditor,Harborline & Associates,"Seattle, WA",Part-time," Excel Financial Modeling , Competitive Intelligence, Budgeting & Forecasting, Cost-Benefit Analysis, Time Management, KPI Development",59782,66881,"Business, Finance & Analytics"
Internal Auditor,Ravenscroft Strategy Group,"Dallas, TX",Part-time,"SAP, Stakeholder Management, QuickBooks, Procurement, Budgeting & Forecasting",94982,108158,"Business, Finance & Analytics"
Revenue Analyst,Brambleton Solutions Group,"Seattle, WA",Full-time,"SAP, Budgeting & Forecasting, Competitive Intelligence, Contract Negotiation, Procurement",87280,92956,"Business, Finance & Analytics"
Business Intelligence Analyst,Palisade Holdings,"Boston, MA",Full-time,"SQL, Financial Analysis, Pricing Strategy, KPI Development, SAP, Critical Thinking, Vendor Management, Business Development",72044,80692,Data & Analytics
Junior Risk Manager,Redwood Financial Partners,"New York, NY",Internship,"Cost-Benefit Analysis, Excel Financial Modeling, Accounting Principles, Vendor Management, QuickBooks",31738,38448,"Business, Finance & Analytics"
Lead Risk Manager,Sterling Financial Partners,"Austin, TX",Part-time,"Excel Financial Modeling, Accounting Principles, Business Development, Competitive Intelligence, Budgeting & Forecasting, KPI Development, Financial Analysis, Procurement",157735,170846,"Business, Finance & Analytics"
Junior Pricing Analyst,Palisade Holdings,Remote,Full-time,"SAP, Contract Negotiation, Excel Financial Modeling, Risk Management",62609,72288,"Business, Finance & Analytics"
Lead Data Analyst,Granite Insights,Remote,Full-time,"SAP, Contract Negotiation, SQL, Agile Methodology, Cost-Benefit Analysis",141929,156561,Data & Analytics
Portfolio Analyst,Palisade Investment Partners,"Dublin, Ireland",Full-time,"SAP, Cost-Benefit Analysis, Vendor Management, KPI Development, Budgeting & Forecasting, Procurement, Risk Management, Procurement",100028,107205,"Business, Finance & Analytics"
BI Developer Manager,Bluepeak Strategy Group,"Chicago, IL",Full-time,"P&L Management, NetSuite, Excel, Contract Negotiation, Procurement, Agile Methodology, Salesforce",115636,137944,Data & Analytics
Bookkeeper Intern,Stonebridge Bridge Capital,"New York, NY",Internship,"QuickBooks, Supply Chain Analysis, Communication, Risk Management",35637,39187,"Business, Finance & Analytics"
Junior Finance Manager,Granite Insights,"Chicago, IL",Full-time,"SAP, Competitive Intelligence, Budgeting & Forecasting, Pricing Strategy, Risk Management, Financial Analysis, QuickBooks, Data-Driven Decision Making",62298,69618,"Business, Finance & Analytics"
Senior Auditor,Oakhaven Consulting,Remote,Full-time,"P&L Management, Competitive Intelligence, Supply Chain Analysis, Business Development, Procurement, Communication, Budgeting & Forecasting, Financial Analysis",99110,111343,"Business, Finance & Analytics"
Senior Controller,Skyline Strategy Group,"Dublin, Ireland",Part-time,"Vendor Management, SAP, Investment Analysis, QuickBooks, P&L Management",133906,152007,"Business, Finance & Analytics"
Junior Portfolio Analyst,Thornwood Asset Management,"Denver, CO",Contract,"QuickBooks, Excel Financial Modeling, Financial Analysis, Accounting Principles, Vendor Management, Data-Driven Decision Making",65347,73985,"Business, Finance & Analytics"
Risk Manager,Harborline Holdings,"Chicago, IL",Contract,"Cost-Benefit Analysis, Budgeting & Forecasting, NetSuite, QuickBooks, Investment Analysis, Business Development, Data-Driven Decision Making, Vendor Management",72793,85608,"Business, Finance & Analytics"
Junior Payroll Specialist,Harborline Ledger Co.,"Boston, MA",Part-time,"Data-Driven Decision Making, Contract Negotiation, Supply Chain Analysis, Budgeting & Forecasting, FINANCIAL ANALYSIS, KPI Development, SAP, Procurement, Supply Chain Analysis",71259,76607,"Business, Finance & Analytics"
Accountant,Lakeshore Holdings,Remote,Full-time,"Negotiation, Accounting Principles, QuickBooks, Vendor Management",82111,93187,"Business, Finance & Analytics"
Senior Portfolio Analyst,Highfield & Associates,"New York, NY",Part-time,"KPI Development, Financial Modeling, NetSuite, Financial Analysis, Data-Driven Decision Making, Pricing Strategy, Cost-Benefit Analysis, Vendor Management",100875,111816,"Business, Finance & Analytics"
Junior Accounting Manager,Silverbrook Financial Services,"Chicago, IL",Full-time,"SAP, KPI Development, Risk Management, Budgeting & Forecasting",55332,59292,"Business, Finance & Analytics"
Senior Financial Planning Analyst,Harborline & Associates,"Dublin, Ireland",Full-time,"Accounting Principles, Risk Management, P&L Management, NetSuite, Vendor Management, Procurement, Data-Driven Decision Making, Pricing Strategy",126807,146714,"Business, Finance & Analytics"
Credit Analyst,Brambleton Solutions Group,"Atlanta, GA",Part-time,"Pricing Strategy, Data-Driven Decision Making, KPI Development, Excel Financial Modeling, Financial Analysis, Budgeting & Forecasting, Accounting Principles, Cost-Benefit Analysis",98960,108304,"Business, Finance & Analytics"
Business Analyst,Rivergate Financial Services,"Denver, CO",Full-time,"QuickBooks, Business Development, Excel Financial Modeling, SQL, Excel, Investment Analysis",94642,101657,"Business, Finance & Analytics"
Junior Investment Analyst,Hollowbrook Wealth Partners,"Boston, MA",Full-time,"Procurement, SAP, Excel Financial Modeling",65160,74072,"Business, Finance & Analytics"
Principal Revenue Analyst,Pinecrest Consulting,"Boston, MA",Contract,"P&L Management, Risk Management, NetSuite, Procurement, Business Development, QuickBooks",145206,163192,"Business, Finance & Analytics"
Junior Investment Analyst,Redwood Financial Partners,"Chicago, IL",Full-time,"Pricing Strategy, NetSuite, Cost-Benefit Analysis, Vendor Management, Data-Driven Decision Making, Critical Thinking, Contract Negotiation, KPI Development",63208,71516,"Business, Finance & Analytics"
Procurement Analyst,Pinecrest Advisory Group,"Chicago, IL",Full-time,"NetSuite, SAP, P&L Management, Cost-Benefit Analysis, Vendor Management, Investment Analysis, Procurement",85310,97666,"Business, Finance & Analytics"
Senior Procurement Analyst,Crestline Advisory Group,"Denver, CO",Contract,"QuickBooks, NetSuite, SAP, Data-Driven Decision Making, Business Development",127675,142299,"Business, Finance & Analytics"
Payroll Specialist,Elmgate Advisory Group,Remote,Contract,"QuickBooks, Vendor Management, Cost-Benefit Analysis, Critical Thinking, Procurement, KPI Development, Business Development",84704,95659,"Business, Finance & Analytics"
BI Developer,Kestrel Asset Management,"New York, NY",Full-time,"SQL, Excel, NetSuite, KPI Development, Salesforce, Vendor Management, Risk Management, Financial Analysis",97645,103527,Data & Analytics
Senior Strategy Analyst,Foxglen Advisory Group,"Dallas, TX",Full-time,"Procurement, Pricing Strategy, P&L Management, Excel Financial Modeling, Business Development, NetSuite, Budgeting & Forecasting, Vendor Management",123360,132255,"Business, Finance & Analytics"
Lead Risk Manager,Oakhaven Investment Partners,"London, UK",Full-time,"Competitive Intelligence, KPI Development, Excel Financial Modeling, Cost-Benefit Analysis",144272,158424,"Business, Finance & Analytics"
Senior Credit Analyst,Bluepeak Investment Partners,Remote,Contract,"Contract Negotiation, Competitive Intelligence, Supply Chain Analysis, Excel Financial Modeling, NetSuite",106303,124252,"Business, Finance & Analytics"
Strategy Analyst,Palisade Ventures,Remote,Contract,"Competitive Intelligence, NetSuite, KPI Development, Stakeholder Management",88529,99450,"Business, Finance & Analytics"
Pricing Analyst,Rivergate Wealth Partners,Remote,Part-time,"Pricing Strategy, Investment Analysis, Excel, QuickBooks, Problem Solving, NetSuite",93938,101438,"Business, Finance & Analytics"
FP&A Analyst,Rivergate Analytics,"Boston, MA",Full-time,"Budgeting & Forecasting, SAP, Accounting Principles, QuickBooks, Business Development, Contract Negotiation, Data-Driven Decision Making, Pricing Strategy",82191,95395,"Business, Finance & Analytics"
Accountant Intern,Granite Bridge Capital,Remote,Internship,"Accounting Principles, QuickBooks, P&L Management, Supply Chain Analysis, Stakeholder Management, Investment Analysis, Procurement, Contract Negotiation",36789,41166,"Business, Finance & Analytics"
Junior Revenue Analyst,Oakhaven Consulting,Remote,Full-time,"Presentation Skills, Contract Negotiation, Pricing Strategy, Cost-Benefit Analysis",65922,73661,"Business, Finance & Analytics"
Financial Analyst Manager,Falcon Ridge Analytics,"Dallas, TX",Full-time,"P&L Management, Financial Analysis, Budgeting & Forecasting, NetSuite, Accounting Principles, Competitive Intelligence, Cost-Benefit Analysis, Vendor Management",121000,139546,"Business, Finance & Analytics"
Business Analyst,Thornwood Ledger Co.,"Boston, MA",Full-time,"Excel, KPI Development, NetSuite, Critical Thinking, Budgeting & Forecasting, Competitive Intelligence, Financial Analysis",85430,95754,"Business, Finance & Analytics"
Junior Treasury Analyst,Stonebridge Strategy Group,Remote,Full-time,"Procurement, Competitive Intelligence, Risk Management, NetSuite, Investment Analysis, QuickBooks",59973,68419,"Business, Finance & Analytics"
Accounting Manager,Oakhaven Consulting,"Chicago, IL",Full-time,"KPI Development, Procurement,  Contract Negotiation , Competitive Intelligence",75242,88090,"Business, Finance & Analytics"
Senior Revenue Analyst,Brightpath Trust Group,Remote,Full-time,"Investment Analysis, QuickBooks, KPI Development, Cost-Benefit Analysis, Contract Negotiation",98791,111219,"Business, Finance & Analytics"
Senior Compliance Analyst,Pinecrest Consulting,"Boston, MA",Full-time,"Supply Chain Analysis, Data-Driven Decision Making, SAP, Budgeting & Forecasting, Risk Management, QuickBooks, Pricing Strategy",124168,137901,"Business, Finance & Analytics"
Senior Tax Analyst,Redwood Capital Group,"San Francisco, CA",Full-time,"Excel Financial Modeling, Cost-Benefit Analysis, Procurement, Accounting Principles, Data-Driven Decision Making, Investment Analysis, QuickBooks, KPI Development",135582,152310,"Business, Finance & Analytics"
Junior Controller,Skyline Consulting,"Denver, CO",Internship,"Procurement, KPI Development, Investment Analysis, Pricing Strategy, Risk Management, Budgeting & Forecasting",24793,29997,"Business, Finance & Analytics"
Tax Analyst,Ironwood Strategy Group,"New York, NY",Contract,"Excel Financial Modeling, NetSuite, P&L Management",80866,94269,"Business, Finance & Analytics"
Staff Portfolio Analyst,Ironwood Strategy Group,"New York, NY",Contract,"Data-Driven Decision Making, Git, Procurement, Financial Analysis",168016,180935,"Business, Finance & Analytics"
Financial Planning Analyst Manager,Ironwood Financial Group,"Chicago, IL",Full-time,"Supply Chain Analysis, Accounting Principles, Pricing Strategy, Business Development, NetSuite, Problem Solving, Procurement, Financial Analysis",131543,149776,"Business, Finance & Analytics"
Accounting Manager,Foxglen Strategy Group,"London, UK",Full-time,"Investment Analysis, Cost-Benefit Analysis, KPI Development, Budgeting & Forecasting, Competitive Intelligence, Time Management",86603,100337,"Business, Finance & Analytics"
Data Analyst,Summit Advisory Group,Remote,Contract,"Excel Financial Modeling, Power BI, SQL, Accounting Principles, QuickBooks, Risk Management, Presentation Skills",97393,107894,Data & Analytics
Junior Compliance Analyst,Northfield Ventures,"Denver, CO",Full-time,"Competitive Intelligence, P&L Management, KPI Development, Vendor Management",57188,65631,"Business, Finance & Analytics"
Junior Controller,Brightpath Financial Services,Remote,Internship,"Cost-Benefit Analysis, SAP, NetSuite, Data-Driven Decision Making, Procurement, Budgeting & Forecasting, QuickBooks",27087,33591,"Business, Finance & Analytics"
Lead Staff Accountant,Brambleton Trust Group,"Austin, TX",Part-time,"Data-Driven Decision Making, Accounting Principles, Business Development, Financial Analysis",143942,161400,"Business, Finance & Analytics"
Junior Payroll Specialist,Brambleton Trust Group,Remote,Full-time,"KPI Development, Critical Thinking, Financial Analysis, Excel, Investment Analysis, Vendor Management",65343,74101,"Business, Finance & Analytics"
Lead Pricing Analyst,Lakeshore Capital Group,"Dallas, TX",Full-time,"Data-Driven Decision Making, NetSuite, Vendor Management, Investment Analysis, Excel, Supply Chain Analysis",128863,145930,"Business, Finance & Analytics"
Senior Controller,Silverbrook Financial Group,Remote,Full-time,"QuickBooks, Vendor Management, Excel Financial Modeling, Competitive Intelligence, Procurement, SAP, Risk Management, NetSuite",132563,147339,"Business, Finance & Analytics"
Junior Accounting Manager,Highfield Solutions Group,"Austin, TX",Full-time,"Investment Analysis, Pricing Strategy, Competitive Intelligence, Time Management, Supply Chain Analysis, Risk Management, Budgeting & Forecasting",65875,69988,"Business, Finance & Analytics"
FP&A Analyst,Crestline Advisory Group,Remote,Full-time,"Risk Management, Data-Driven Decision Making, Investment Analysis, KPI Development, P&L Management, Business Development, Accounting Principles",77484,90212,"Business, Finance & Analytics"
Junior Treasury Analyst,Harborline Holdings,Remote,Full-time,"Procurement, Cost-Benefit Analysis, QuickBooks, Vendor Management, Contract Negotiation, Data-Driven Decision Making, Competitive Intelligence, Communication",71001,79538,"Business, Finance & Analytics"
Credit Analyst Intern,Rivergate Analytics,"Seattle, WA",Internship,"Financial Analysis, SAP, Contract Negotiation, Supply Chain Analysis",35567,40848,"Business, Finance & Analytics"
Credit Analyst Intern,Summit Insights,"New York, NY",Internship,"Vendor Management, Competitive Intelligence, Excel Financial Modeling, NetSuite, Cost-Benefit Analysis, Accounting Principles, Risk Management, Investment Analysis",30843,35540,"Business, Finance & Analytics"
Junior Internal Auditor,Granite Ledger Co.,"San Francisco, CA",Full-time,"QuickBooks, Contract Negotiation, Investment Analysis",60704,69815,"Business, Finance & Analytics"
Senior Business Intelligence Analyst,Elmgate Advisory Group,Remote,Full-time,"Excel Financial Modeling, SAP, Risk Management, Procurement, Financial Analysis, Accounting Principles, Pricing Strategy, Contract Negotiation",128196,140517,Data & Analytics
Pricing Analyst,Thornwood Insights,"New York, NY",Full-time,"Investment Analysis, Contract Negotiation, P&L Management, Excel, Data-Driven Decision Making, Supply Chain Analysis, SAP",86134,91606,"Business, Finance & Analytics"
Controller,Falcon Ridge Ledger Co.,"New York, NY",Full-time,"P&L Management, Accounting Principles, NetSuite, Pricing Strategy",82473,90414,"Business, Finance & Analytics"
Principal Operations Analyst,Sterling Strategy Group,"San Francisco, CA",Part-time,"Supply Chain Analysis, Budgeting & Forecasting, Pricing Strategy, Investment Analysis, Excel, Risk Management, KPI Development, Data-Driven Decision Making",151987,162611,Business Operations
Tax Analyst Manager,Summit Insights,Remote,Full-time,"P&L Management, Pricing Strategy, Investment Analysis, Data-Driven Decision Making, Excel, Cost-Benefit Analysis, Contract Negotiation",119671,136928,"Business, Finance & Analytics"
Senior Data Analyst,Sterling Strategy Group,"Chicago, IL",Full-time,"Competitive Intelligence, Tableau, Procurement, Supply Chain Analysis, SAP, Accounting Principles",104826,119497,Data & Analytics
Risk Manager,Palisade Investment Partners,"London, UK",Full-time,"Vendor Management, Procurement, Investment Analysis, Cost-Benefit Analysis, P&L Management, Supply Chain Analysis, Contract Negotiation",93663,99623,"Business, Finance & Analytics"
Junior Compliance Analyst,Palisade Holdings,"Seattle, WA",Full-time,"Business Development, Contract Negotiation, Risk Management, Financial Analysis, Time Management, Competitive Intelligence, QuickBooks",54363,62262,"Business, Finance & Analytics"
Junior Accounting Manager,Elmgate Advisory Group,"Chicago, IL",Full-time,"NetSuite, Budgeting & Forecasting, Procurement",56856,62946,"Business, Finance & Analytics"
Operations Analyst Intern,Rivergate Wealth Partners,Remote,Internship,"Excel, Excel Financial Modeling, KPI Development, Pricing Strategy, SAP, Accounting Principles, Agile Methodology",31725,37793,Business Operations
Senior Internal Auditor,Brightpath Trust Group,"Charlotte, NC",Full-time,"Excel Financial Modeling, SAP, QuickBooks",111092,121906,"Business, Finance & Analytics"
Junior FP&A Analyst,Silverbrook Financial Group,Remote,Full-time,"Investment Analysis, Vendor Management, SQL, Cost-Benefit Analysis, accounting principles, Procurement, Contract Negotiation",69731,74359,"Business, Finance & Analytics"
Internal Auditor,Highfield Investment Partners,"Toronto, ON",Full-time,"Budgeting & Forecasting, Communication, Investment Analysis, Risk Management, Business Development",88423,98047,"Business, Finance & Analytics"
Risk Analyst,Pinecrest Advisory Group,"New York, NY",Full-time,"Excel, Financial Analysis, Budgeting & Forecasting, QuickBooks, Data-Driven Decision Making, Contract Negotiation, P&L Management, KPI Development",92767,105303,"Business, Finance & Analytics"
Lead Internal Auditor,Bluepeak Strategy Group,"Charlotte, NC",Full-time,"KPI Development, Investment Analysis, Budgeting & Forecasting, Competitive Intelligence, P&L Management, Excel Financial Modeling, Data-Driven Decision Making, Critical Thinking",159053,173157,"Business, Finance & Analytics"
Senior FP&A Analyst,Stonebridge Advisory Group,Remote,Full-time," Business Development , Excel Financial Modeling, SQL, Data-Driven Decision Making, Supply Chain Analysis",127281,138279,"Business, Finance & Analytics"
Senior FP&A Analyst,Rivergate Analytics,"Atlanta, GA",Full-time,"QuickBooks, DATA-DRIVEN DECISION MAKING, Business Development, Budgeting & Forecasting, Pricing Strategy, Git, Git",111825,128033,"Business, Finance & Analytics"
BI Developer Manager,Cobalt Trust Group,Remote,Full-time,"Financial Modeling, QuickBooks, Procurement, Tableau, Competitive Intelligence, Supply Chain Analysis, Data-Driven Decision Making, P&L Management",126829,137539,Data & Analytics
Business Analyst,Pinecrest Advisory Group,"London, UK",Full-time,"Cost-Benefit Analysis, QuickBooks, Financial Analysis, Budgeting & Forecasting, Pricing Strategy, Data-Driven Decision Making",92181,104272,"Business, Finance & Analytics"
Junior Accounting Manager,Palisade Capital Group,"Chicago, IL",Internship,"Contract Negotiation, Budgeting & Forecasting, Business Development",31504,36184,"Business, Finance & Analytics"
Senior BI Developer,Onyx Solutions Group,Remote,Part-time,"Risk Management, P&L Management, Contract Negotiation, Financial Analysis, Tableau, Data-Driven Decision Making, SAP, Negotiation",106286,124996,Data & Analytics
Junior Financial Planning Analyst,Skyline Strategy Group,"San Francisco, CA",Full-time,"Supply Chain Analysis, Vendor Management, Financial Analysis",65780,75814,"Business, Finance & Analytics"
BI Developer Intern,Highfield Solutions Group,"Denver, CO",Internship,"Negotiation, Tableau, KPI Development, SQL, Procurement",30378,36383,Data & Analytics
Junior Accounting Manager,Brambleton Trust Group,"Atlanta, GA",Full-time,"Contract Negotiation, Budgeting & Forecasting, Investment Analysis, Supply Chain Analysis, Procurement, Vendor Management, Financial Analysis",57261,64390,"Business, Finance & Analytics"
Revenue Analyst Manager,Sterling Financial Partners,"Seattle, WA",Full-time,"Agile Methodology, NetSuite, Pricing Strategy, Supply Chain Analysis, Budgeting & Forecasting",119662,138228,"Business, Finance & Analytics"
Accountant Intern,Ironwood Financial Group,"Chicago, IL",Internship,"Contract Negotiation, NetSuite, Financial Analysis, Accounting Principles, Time Management, P&L Management, Procurement, Supply Chain Analysis",28441,33017,"Business, Finance & Analytics"
Senior Pricing Analyst,Ravenscroft Strategy Group,Remote,Full-time,"Financial Analysis, Competitive Intelligence, Supply Chain Analysis, Cost-Benefit Analysis, Budgeting & Forecasting, Accounting Principles",102814,119241,"Business, Finance & Analytics"
Risk Manager,Skyline Strategy Group,Remote,Full-time,"Financial Analysis, P&L Management, Business Development, Competitive Intelligence",98580,108940,"Business, Finance & Analytics"
Lead Internal Auditor,Sterling Strategy Group,"Chicago, IL",Full-time,"Contract Negotiation, Budgeting & Forecasting, Accounting Principles, Git, Supply Chain Analysis, Data-Driven Decision Making, Financial Analysis",143381,160202,"Business, Finance & Analytics"
Supply Chain Analyst Intern,Oakhaven Consulting,"Denver, CO",Internship,"Business Development, Financial Analysis, Excel Financial Modeling",29891,33332,Business Operations
Lead Payroll Specialist,Lakeshore Capital Group,"Charlotte, NC",Full-time,"Investment Analysis, Risk Management, P&L Management",147770,154738,"Business, Finance & Analytics"
Data Analyst Intern,Oakhaven Consulting,Remote,Internship,"Negotiation, Budgeting & Forecasting, P&L Management, Salesforce, Excel Financial Modeling, Accounting Principles, Data-Driven Decision Making",28598,32090,Data & Analytics
Senior Credit Analyst,Lakeshore Ledger Co.,Remote,Full-time,"Excel Financial Modeling, KPI Development, Data-Driven Decision Making, NetSuite",105741,123017,"Business, Finance & Analytics"
Senior Auditor,Palisade Ventures,"Dallas, TX",Full-time,"Data-Driven Decision Making, Excel Financial Modeling, Budgeting & Forecasting, Business Development, SAP, Procurement",135325,149106,"Business, Finance & Analytics"
Senior Finance Manager,Palisade Investment Partners,"New York, NY",Full-time,"QuickBooks, P&L Management, Vendor Management, KPI Development, NetSuite, Excel Financial Modeling",132973,142155,"Business, Finance & Analytics"
Senior Business Analyst,Foxglen Strategy Group,"Toronto, ON",Full-time,"Competitive Intelligence, Financial Analysis, Cost-Benefit Analysis, Data-Driven Decision Making, Supply Chain Analysis",130983,149210,"Business, Finance & Analytics"
BI Developer Intern,Lakeshore Ledger Co.,"New York, NY",Internship,"Tableau, KPI Development, Contract Negotiation, Data-Driven Decision Making, Excel, Risk Management, Cost-Benefit Analysis, Accounting Principles",27011,31357,Data & Analytics
Junior Accounting Manager,Oakhaven Consulting,"Toronto, ON",Full-time,"QuickBooks, Data-Driven Decision Making, Cost-Benefit Analysis, Investment Analysis, P&L Management, Accounting Principles",56926,63488,"Business, Finance & Analytics"
Junior Operations Analyst,Lakeshore Trust Group,"Charlotte, NC",Full-time,"Procurement, Business Development, Excel, Financial Analysis, Vendor Management, Investment Analysis, QuickBooks, KPI Development",55558,60225,Business Operations
Risk Analyst,Ironwood Strategy Group,"New York, NY",Full-time,"Business Development, Cost-Benefit Analysis, Accounting Principles, Procurement, Communication",72718,83170,"Business, Finance & Analytics"
Treasury Analyst Manager,Brambleton Trust Group,"Boston, MA",Part-time,"Excel Financial Modeling, Contract Negotiation, KPI Development, Data-Driven Decision Making, Financial Analysis, QuickBooks, Excel",152435,162007,"Business, Finance & Analytics"
Payroll Specialist,Brambleton Holdings,"Toronto, ON",Full-time,"QuickBooks, Competitive Intelligence, Supply Chain Analysis, NetSuite, Business Development",73842,79668,"Business, Finance & Analytics"
Portfolio Analyst,Lakeshore Trust Group,"San Francisco, CA",Full-time,"Investment Analysis, Contract Negotiation, Excel Financial Modeling, Risk Management, Business Development, SAP, Data-Driven Decision Making",90067,97001,"Business, Finance & Analytics"
Senior Treasury Analyst,Highfield Financial Group,"Toronto, ON",Full-time,"QuickBooks, Accounting Principles, Competitive Intelligence, Budgeting & Forecasting, Vendor Management, Data-Driven Decision Making",108808,123250,"Business, Finance & Analytics"
Revenue Analyst,Lakeshore Capital Group,"Toronto, ON",Part-time,"Supply Chain Analysis, P&L Management, SQL, Pricing Strategy",73740,82885,"Business, Finance & Analytics"
Operations Analyst,Thornwood Ledger Co.,"Toronto, ON",Part-time,"KPI Development, Financial Analysis, Competitive Intelligence, Risk Management",91191,97440,Business Operations
FP&A Analyst,Pinecrest Advisory Group,"Seattle, WA",Full-time,"Critical Thinking, Procurement, Contract Negotiation, Vendor Management, Risk Management, Budgeting & Forecasting",96018,103707,"Business, Finance & Analytics"
Credit Analyst,Falcon Ridge Financial Group,"Boston, MA",Full-time,"P&L Management, KPI Development, Accounting Principles, Business Development, NetSuite, QuickBooks",92114,104911,"Business, Finance & Analytics"
Financial Planning Analyst Intern,Ravenscroft Strategy Group,Remote,Internship,"Excel Financial Modeling, Supply Chain Analysis, Risk Management, NetSuite, Cost-Benefit Analysis, Procurement, Contract Negotiation, Accounting Principles",36765,40917,"Business, Finance & Analytics"
Compliance Analyst,Granite Insights,Remote,Contract,"Budgeting & Forecasting, Financial Analysis, Excel, Business Development, Cost-Benefit Analysis,  P&L Management , Supply Chain Analysis, QuickBooks, Budgeting & Forecasting",97619,106842,"Business, Finance & Analytics"
Operations Analyst Intern,Oakhaven Accounting Partners,Remote,Internship,"Investment Analysis, Procurement, Business Development, Financial Analysis",22667,26480,Business Operations
Payroll Specialist Manager,Sterling Financial Partners,"Austin, TX",Full-time,"KPI Development, Vendor Management, Supply Chain Analysis, Competitive Intelligence",145180,164607,"Business, Finance & Analytics"
Senior Risk Manager,Stonebridge Bridge Capital,Remote,Full-time,"KPI Development, Pricing Strategy, Competitive Intelligence, Procurement, NetSuite, Data-Driven Decision Making, Vendor Management, Contract Negotiation",137230,153000,"Business, Finance & Analytics"
Senior Treasury Analyst,Granite Ledger Co.,"Chicago, IL",Full-time,"Procurement, Data-Driven Decision Making, Accounting Principles, Excel Financial Modeling, QuickBooks, NetSuite, Excel, SAP",136165,152560,"Business, Finance & Analytics"
Senior Data Analyst,Kestrel Asset Management,"San Francisco, CA",Full-time,"Financial Modeling, Salesforce, Pricing Strategy",98100,106367,Data & Analytics
Credit Analyst,Cobalt Trust Group,Singapore,Contract,"SAP, Investment Analysis, Data-Driven Decision Making, Vendor Management, Procurement, Accounting Principles",96749,109069,"Business, Finance & Analytics"
Senior Data Analyst,Brightpath Financial Services,"New York, NY",Full-time,"Vendor Management, Procurement, Tableau, P&L Management",102069,111216,Data & Analytics
Risk Analyst,Brightpath Trust Group,"Chicago, IL",Full-time,"Accounting Principles, Budgeting & Forecasting, Vendor Management, Supply Chain Analysis, SAP, Excel Financial Modeling, Contract Negotiation",76569,82436,"Business, Finance & Analytics"
Credit Analyst Manager,Thornwood Insights,Remote,Full-time,"Supply Chain Analysis, NetSuite, Business Development, Git, Pricing Strategy, Competitive Intelligence, SAP, Investment Analysis",145255,156434,"Business, Finance & Analytics"
Staff Tax Analyst,Granite Insights,"Charlotte, NC",Full-time,"Risk Management, NetSuite, Budgeting & Forecasting, Excel, KPI Development, Pricing Strategy",141840,156026,"Business, Finance & Analytics"
Staff Business Analyst,Ravenscroft Strategy Group,"Boston, MA",Full-time,"Risk Management, Accounting Principles, Supply Chain Analysis, Cost-Benefit Analysis, Budgeting & Forecasting, Vendor Management, Contract Negotiation, Data-Driven Decision Making",143336,153475,"Business, Finance & Analytics"
Business Intelligence Analyst Manager,Lakeshore Ledger Co.,"Dallas, TX",Part-time,"Tableau, Power BI, Risk Management, Cost-Benefit Analysis, Competitive Intelligence, NetSuite, Budgeting & Forecasting, Vendor Management",134846,145065,Data & Analytics
Pricing Analyst Manager,Summit Advisory Group,"Denver, CO",Full-time,"NetSuite, Accounting Principles, Data-Driven Decision Making",150613,164989,"Business, Finance & Analytics"
Senior Risk Analyst,Ironwood Strategy Group,"San Francisco, CA",Contract,"Competitive Intelligence, Excel, Financial Analysis, NetSuite, Cost-Benefit Analysis, SAP, Accounting Principles, Procurement",134881,145808,"Business, Finance & Analytics"
Accountant Manager,Summit & Associates,"Dallas, TX",Full-time,"Risk Management, Pricing Strategy, Cost-Benefit Analysis, KPI Development, Supply Chain Analysis, Communication",138630,160722,"Business, Finance & Analytics"
Credit Analyst Manager,Highfield Solutions Group,Remote,Full-time,"Procurement, Financial Analysis, Investment Analysis",143037,158587,"Business, Finance & Analytics"
Junior Payroll Specialist,Silverbrook Financial Group,Remote,Full-time,"Accounting Principles, Data-Driven Decision Making, Excel, Supply Chain Analysis, Excel Financial Modeling",70702,75332,"Business, Finance & Analytics"
Accountant,Redwood Advisory Group,Remote,Full-time,"Business Development, Excel, Vendor Management",99497,111600,"Business, Finance & Analytics"
Business Intelligence Analyst,Falcon Ridge Financial Group,Remote,Full-time,"SQL, Tableau, Budgeting & Forecasting, QuickBooks, P&L Management, Time Management",82253,90967,Data & Analytics
Credit Analyst,Highfield & Associates,"London, UK",Full-time,"Contract Negotiation, Accounting Principles, SAP, Risk Management",75790,86486,"Business, Finance & Analytics"
Staff Accountant,Meridian Financial Partners,"New York, NY",Full-time,"Investment Analysis, NetSuite, Data-Driven Decision Making, Pricing Strategy, SAP, Accounting Principles",93633,100873,"Business, Finance & Analytics"
Investment Analyst,Stonebridge Advisory Group,"New York, NY",Full-time,"Cost-Benefit Analysis, Competitive Intelligence, KPI Development, QUICKBOOKS, Investment Analysis",87781,99825,"Business, Finance & Analytics"
Senior Procurement Analyst,Stonebridge Bridge Capital,"New York, NY",Full-time,"Critical Thinking, Budgeting & Forecasting, Pricing Strategy, Supply Chain Analysis",135599,146242,"Business, Finance & Analytics"
Payroll Specialist Intern,Redwood Capital Group,Remote,Internship,"NetSuite, KPI Development, Business Development, Procurement, Supply Chain Analysis, P&L Management",29126,36779,"Business, Finance & Analytics"
Senior Tax Analyst,Elmgate Advisory Group,"Chicago, IL",Full-time,"Supply Chain Analysis, Financial Analysis, Excel, Data-Driven Decision Making, Negotiation, Cost-Benefit Analysis, Procurement, P&L Management",121027,135737,"Business, Finance & Analytics"
Senior FP&A Analyst,Foxglen Advisory Group,Remote,Full-time,"Supply Chain Analysis, Procurement, NetSuite, Vendor Management",116376,124520,"Business, Finance & Analytics"
Senior Finance Manager,Lakeshore Capital Group,Remote,Full-time,"Excel Financial Modeling, Risk Management, Budgeting & Forecasting, Supply Chain Analysis, Data-Driven Decision Making",113058,121183,"Business, Finance & Analytics"
Revenue Analyst,Brambleton Trust Group,"San Francisco, CA",Full-time,"SQL, QuickBooks, KPI Development, Pricing Strategy, Supply Chain Analysis, Excel Financial Modeling",85605,95180,"Business, Finance & Analytics"
Accountant,Ashford Advisory Group,"Boston, MA",Full-time,"NetSuite, Investment Analysis, Data-Driven Decision Making, Supply Chain Analysis, Procurement, QuickBooks",93273,101015,"Business, Finance & Analytics"
Data Analyst,Ironwood Financial Group,"Charlotte, NC",Full-time,"Procurement, Investment Analysis, SAP, Vendor Management, Power BI, Cost-Benefit Analysis, Budgeting & Forecasting, SQL",94390,102083,Data & Analytics
Senior Controller,Ironwood Financial Group,"London, UK",Full-time,"Financial Analysis, Cost-Benefit Analysis, Git, QuickBooks, Excel Financial Modeling, Pricing Strategy",136169,148517,"Business, Finance & Analytics"
Risk Analyst Manager,Thornwood Insights,"New York, NY",Full-time,"Communication, Financial Analysis, Vendor Management, Competitive Intelligence, SQL",132713,141302,"Business, Finance & Analytics"
Auditor,Thornwood Insights,"Atlanta, GA",Full-time,"Vendor Management, Financial Analysis, Excel Financial Modeling, SAP, Cost-Benefit Analysis, Contract Negotiation, Procurement",92150,104831,"Business, Finance & Analytics"
Junior Revenue Analyst,Brambleton Solutions Group,"San Francisco, CA",Full-time,"Risk Management, P&L Management, SQL, Agile Methodology",68714,77710,"Business, Finance & Analytics"
Treasury Analyst Manager,Silverbrook Financial Group,"Charlotte, NC",Full-time,"Procurement, Business Development, Accounting Principles",116528,125434,"Business, Finance & Analytics"
Principal Payroll Specialist,Brightpath Solutions Group,"Charlotte, NC",Full-time,"Excel, Budgeting & Forecasting, Financial Analysis, Procurement, Vendor Management",156248,169820,"Business, Finance & Analytics"
Junior FP&A Analyst,Ashford Advisory Group,Singapore,Full-time,"Critical Thinking, Pricing Strategy, Data-Driven Decision Making, P&L Management, Vendor Management, Investment Analysis",56957,62645,"Business, Finance & Analytics"
Senior Portfolio Analyst,Cobalt Trust Group,Remote,Contract,"Supply Chain Analysis, KPI Development, Business Development",108709,119485,"Business, Finance & Analytics"
Junior Finance Manager,Sterling Capital Group,"Toronto, ON",Part-time,"NetSuite, Financial Analysis, P&L Management, Supply Chain Analysis, Cost-Benefit Analysis, Competitive Intelligence, QuickBooks",55779,63747,"Business, Finance & Analytics"
Auditor,Falcon Ridge Ledger Co.,"Seattle, WA",Full-time,"Accounting Principles, SAP, Pricing Strategy, P&L Management, Business Development, Data-Driven Decision Making, KPI Development, Cost-Benefit Analysis",88406,94236,"Business, Finance & Analytics"
Accounting Manager,Skyline Strategy Group,Remote,Full-time,"Budgeting & Forecasting, Procurement, Excel Financial Modeling",93279,103595,"Business, Finance & Analytics"
Bookkeeper Intern,Palisade Investment Partners,"Atlanta, GA",Internship,"Accounting Principles, Pricing Strategy, Negotiation, NetSuite, Vendor Management, Excel, Cost-Benefit Analysis",29316,37194,"Business, Finance & Analytics"
Finance Manager,Oakhaven Accounting Partners,"Austin, TX",Part-time,"Vendor Management, Budgeting & Forecasting, Accounting Principles, Contract Negotiation",86198,96008,"Business, Finance & Analytics"
Financial Planning Analyst Manager,Ashford Advisory Group,"Seattle, WA",Part-time,"Risk Management, SAP, P&L Management, Procurement, Vendor Management, QuickBooks, Accounting Principles, Excel Financial Modeling",134844,149815,"Business, Finance & Analytics"
BI Developer,Stonebridge Advisory Group,"Dublin, Ireland",Full-time,"Financial Analysis, Budgeting & Forecasting, Procurement, Pricing Strategy, Cost-Benefit Analysis, NetSuite, Power BI, Contract Negotiation",73455,79329,Data & Analytics
Junior BI Developer,Stonebridge Bridge Capital,"Austin, TX",Full-time,"SQL, Salesforce, QuickBooks, Procurement, Financial Modeling, Financial Analysis, Presentation Skills, KPI Development",59000,67441,Data & Analytics
Senior Credit Analyst,Lakeshore Trust Group,"New York, NY",Full-time,"Pricing Strategy, Supply Chain Analysis, Competitive Intelligence, Cost-Benefit Analysis, Risk Management, Budgeting & Forecasting, Business Development, Investment Analysis",110127,125394,"Business, Finance & Analytics"
Accountant Intern,Falcon Ridge Ledger Co.,Remote,Internship,"Contract Negotiation, Investment Analysis, Cost-Benefit Analysis, Accounting Principles, SAP",36061,41537,"Business, Finance & Analytics"
Strategy Analyst Intern,Bluepeak Strategy Group,Remote,Internship,"Excel Financial Modeling, P&L Management, Data-Driven Decision Making, Budgeting & Forecasting, Presentation Skills",27921,33525,"Business, Finance & Analytics"
Junior Procurement Analyst,Falcon Ridge Ledger Co.,"Chicago, IL",Full-time,"Investment Analysis, Contract Negotiation, KPI Development, Data-Driven Decision Making, Accounting Principles, NetSuite, Excel Financial Modeling, Supply Chain Analysis",60292,67490,"Business, Finance & Analytics"
Data Analyst Intern,Summit Solutions Group,"Dallas, TX",Internship,"Excel Financial Modeling, Procurement, QuickBooks, NetSuite, Data-Driven Decision Making, Competitive Intelligence, P&L Management",22544,26125,Data & Analytics
Junior Compliance Analyst,Wrenfield & Associates,"Seattle, WA",Contract,"Contract Negotiation, Vendor Management, KPI Development, Investment Analysis, Pricing Strategy, Business Development, P&L Management, Excel",60693,65876,"Business, Finance & Analytics"
FP&A Analyst Intern,Lakeshore Capital Group,Remote,Internship,"Competitive Intelligence, Business Development, Data-Driven Decision Making",28694,32305,"Business, Finance & Analytics"
Junior Treasury Analyst,Redwood Financial Partners,"Chicago, IL",Full-time,"Communication, Pricing Strategy, Procurement, Excel",68667,78932,"Business, Finance & Analytics"
Strategy Analyst,Palisade Investment Partners,"Seattle, WA",Full-time,"Budgeting & Forecasting, Competitive Intelligence, Business Development, Pricing Strategy, Risk Management, Supply Chain Analysis, P&L Management",76599,84664,"Business, Finance & Analytics"
Risk Analyst Intern,Lakeshore Capital Group,Remote,Internship,"Pricing Strategy, Cost-Benefit Analysis, P&L Management, Excel, KPI Development, SAP, Vendor Management, Stakeholder Management",22369,26446,"Business, Finance & Analytics"
Junior Accounting Manager,Pinecrest Advisory Group,Singapore,Full-time,"Problem Solving, Risk Management, Pricing Strategy, QuickBooks, SAP",66224,73345,"Business, Finance & Analytics"
Principal Risk Manager,Falcon Ridge Analytics,Remote,Full-time,"Procurement, Financial Analysis, Investment Analysis, Pricing Strategy, Excel Financial Modeling, SAP, Presentation Skills",171219,187939,"Business, Finance & Analytics"
Revenue Analyst Manager,Thornwood Insights,"Denver, CO",Full-time,"Accounting Principles, Excel Financial Modeling, Pricing Strategy, Risk Management, Critical Thinking, Budgeting & Forecasting, SAP",128370,138038,"Business, Finance & Analytics"
Business Intelligence Analyst Manager,Highfield Solutions Group,"Chicago, IL",Full-time,"Competitive Intelligence, Power BI, Supply Chain Analysis, KPI Development, Financial Analysis, Excel, Business Development, Accounting Principles",154567,173600,Data & Analytics
Staff Procurement Analyst,Redwood & Associates,"London, UK",Contract,"SAP, KPI Development, Accounting Principles, Pricing Strategy, Financial Analysis, Cost-Benefit Analysis",147996,162602,"Business, Finance & Analytics"
Junior Controller,Silverbrook Financial Services,"Chicago, IL",Full-time,"Budgeting & Forecasting, QuickBooks, competitive intelligence, Excel Financial Modeling, Investment Analysis, Git, Budgeting & Forecasting",61892,66385,"Business, Finance & Analytics"
Pricing Analyst,Elmgate Advisory Group,Remote,Full-time,"Vendor Management, Contract Negotiation, Accounting Principles, Financial Analysis, Git, Business Development",77254,86802,"Business, Finance & Analytics"
BI Developer,Northfield Ventures,"Dallas, TX",Full-time,"Critical Thinking, Vendor Management, Data-Driven Decision Making, P&L Management, Investment Analysis",85389,96075,Data & Analytics
Junior Accountant,Thornwood Insights,"Boston, MA",Part-time,"Business Development, Supply Chain Analysis, Competitive Intelligence, Accounting Principles, NetSuite, Pricing Strategy, Excel, Cost-Benefit Analysis",54515,61042,"Business, Finance & Analytics"
Tax Analyst Manager,Rivergate Analytics,"Charlotte, NC",Full-time,"Competitive Intelligence, Business Development, NetSuite",148042,158281,"Business, Finance & Analytics"
Senior Financial Analyst,Foxglen Advisory Group,"Dallas, TX",Contract,"Financial Analysis, Supply Chain Analysis, NetSuite, Procurement, Financial Modeling, quickbooks, Financial Modeling",105399,120828,"Business, Finance & Analytics"
Risk Manager,Lakeshore Holdings,Remote,Full-time,"Investment Analysis, Procurement, Contract Negotiation, Negotiation, Supply Chain Analysis, SAP",79250,89354,"Business, Finance & Analytics"
Junior Operations Analyst,Lakeshore Trust Group,"Charlotte, NC",Full-time,"SQL, QuickBooks, Problem Solving, Financial Analysis, Investment Analysis, P&L Management, Cost-Benefit Analysis, Risk Management",70725,77785,Business Operations
Senior Auditor,Foxglen Strategy Group,"Austin, TX",Part-time,"Competitive Intelligence, Data-Driven Decision Making, Procurement, Business Development, KPI Development",105549,119469,"Business, Finance & Analytics"
Financial Analyst Manager,Highfield Financial Group,"Boston, MA",Contract,"Budgeting & Forecasting, NetSuite, Contract Negotiation, Business Development, Risk Management",141323,159030,"Business, Finance & Analytics"
Junior Auditor,Sterling Capital Group,"Dallas, TX",Contract,"Excel Financial Modeling, Excel, Cost-Benefit Analysis",62346,72640,"Business, Finance & Analytics"
Lead Finance Manager,Bluepeak Strategy Group,"Chicago, IL",Full-time,"NetSuite, Contract Negotiation, QuickBooks, Cost-Benefit Analysis, Negotiation, P&L Management",148253,157352,"Business, Finance & Analytics"
Strategy Analyst Intern,Brightpath Financial Services,"Dublin, Ireland",Internship,"Cost-Benefit Analysis, Data-Driven Decision Making, Vendor Management, KPI Development, Competitive Intelligence, NetSuite, Financial Analysis, Excel Financial Modeling",36171,42115,"Business, Finance & Analytics"
Staff Finance Manager,Palisade Investment Partners,"Boston, MA",Full-time,"SAP, Financial Analysis, Risk Management, Communication",159185,173850,"Business, Finance & Analytics"
Finance Manager,Highfield Financial Group,"Chicago, IL",Full-time,"Data-Driven Decision Making, Contract Negotiation, Financial Analysis, QuickBooks, Cost-Benefit Analysis, Risk Management",94766,104990,"Business, Finance & Analytics"
Junior Financial Planning Analyst,Foxglen Strategy Group,Remote,Full-time,"Cost-Benefit Analysis, Procurement, Risk Management, SAP, QuickBooks, Pricing Strategy, Accounting Principles",53422,62251,"Business, Finance & Analytics"
BI Developer,Lakeshore Holdings,"Dallas, TX",Full-time,"Tableau, Excel Financial Modeling, NetSuite, Accounting Principles, SAP",89529,103645,Data & Analytics
Junior Risk Analyst,Foxglen Strategy Group,Remote,Full-time,"Business Development, P&L Management, Contract Negotiation, Investment Analysis, SQL, Risk Management, Competitive Intelligence",62067,66860,"Business, Finance & Analytics"
Supply Chain Analyst Intern,Onyx Strategy Group,Singapore,Internship,"Contract Negotiation, Pricing Strategy, Investment Analysis, quickbooks",28517,32743,Business Operations
Staff Tax Analyst,Oakhaven Accounting Partners,Remote,Full-time,"Critical Thinking, Budgeting & Forecasting, Accounting Principles, Supply Chain Analysis, NetSuite, Data-Driven Decision Making",168759,184500,"Business, Finance & Analytics"
Senior BI Developer,Granite Bridge Capital,"New York, NY",Full-time,"Investment Analysis, Contract Negotiation, Budgeting & Forecasting, SQL, Vendor Management, Excel, Cost-Benefit Analysis, Pricing Strategy",125327,142789,Data & Analytics
Auditor Intern,Rivergate Analytics,Remote,Internship,"Excel Financial Modeling, Accounting Principles, Vendor Management, NetSuite, Contract Negotiation, Competitive Intelligence, KPI Development, Business Development",25248,28466,"Business, Finance & Analytics"
Risk Analyst,Summit Solutions Group,"New York, NY",Part-time,"Supply Chain Analysis, Budgeting & Forecasting, SAP, Risk Management, SQL, Investment Analysis, Pricing Strategy",97260,104367,"Business, Finance & Analytics"
Staff Credit Analyst,Brambleton Holdings,"New York, NY",Full-time,"Excel, Competitive Intelligence, Accounting Principles, Cost-Benefit Analysis, Procurement, Budgeting & Forecasting",170159,184500,"Business, Finance & Analytics"
Finance Manager,Elmgate Advisory Group,Remote,Full-time,"Data-Driven Decision Making, Contract Negotiation, SAP, Financial Analysis, P&L Management, Vendor Management, QuickBooks, Competitive Intelligence",144344,162061,"Business, Finance & Analytics"
Junior Internal Auditor,Crestline Advisory Group,Remote,Part-time,"Contract Negotiation, KPI Development, QuickBooks, Procurement",64882,71428,"Business, Finance & Analytics"
Portfolio Analyst,Onyx Solutions Group,"Boston, MA",Full-time,"Investment Analysis, Competitive Intelligence, Excel Financial Modeling, NetSuite",77140,87121,"Business, Finance & Analytics"
Operations Analyst,Redwood Financial Partners,"Charlotte, NC",Full-time,"Accounting Principles, QuickBooks, Contract Negotiation, Budgeting & Forecasting, Procurement, Business Development, KPI Development, Pricing Strategy",92629,104524,Business Operations
Business Analyst Intern,Highfield Financial Group,"Charlotte, NC",Internship,"Accounting Principles, Investment Analysis, Contract Negotiation, Procurement, Data-Driven Decision Making, Critical Thinking, Pricing Strategy, Competitive Intelligence",27542,33114,"Business, Finance & Analytics"
Accountant,Oakhaven Consulting,"Charlotte, NC",Full-time,"Presentation Skills, Budgeting & Forecasting, Competitive Intelligence, SAP",83365,94456,"Business, Finance & Analytics"
Senior Credit Analyst,Highfield & Associates,"New York, NY",Full-time,"NetSuite, Competitive Intelligence, P&L Management, Excel, Budgeting & Forecasting",129742,144506,"Business, Finance & Analytics"
Portfolio Analyst,Pinecrest Consulting,"Charlotte, NC",Full-time,"Budgeting & Forecasting, Stakeholder Management, Competitive Intelligence, Investment Analysis, Vendor Management",100047,111117,"Business, Finance & Analytics"
Junior Investment Analyst,Redwood Financial Group,"Dallas, TX",Full-time,"Cost-Benefit Analysis, Vendor Management, QuickBooks, Risk Management, P&L Management, Communication, Competitive Intelligence",61216,71289,"Business, Finance & Analytics"
Senior Procurement Analyst,Falcon Ridge Financial Group,"Denver, CO",Part-time,"Competitive Intelligence, Investment Analysis, Accounting Principles, Stakeholder Management, Data-Driven Decision Making, Excel Financial Modeling",131892,145154,"Business, Finance & Analytics"
BI Developer,Palisade Ventures,Remote,Full-time,"Business Development, Accounting Principles, Pricing Strategy, Excel Financial Modeling, Supply Chain Analysis, Data-Driven Decision Making",83109,93343,Data & Analytics
Supply Chain Analyst,Onyx Solutions Group,"Seattle, WA",Full-time,"Vendor Management, KPI Development, QuickBooks",84566,95774,Business Operations
Junior Operations Analyst,Palisade Capital Group,Singapore,Full-time,"Business Development, NetSuite, Budgeting & Forecasting, Investment Analysis, Accounting Principles, Contract Negotiation, QuickBooks",59392,69097,Business Operations
Investment Analyst,Summit Solutions Group,"New York, NY",Full-time,"SAP, Risk Management, Excel Financial Modeling, Competitive Intelligence",76563,90853,"Business, Finance & Analytics"
Junior Portfolio Analyst,Bluepeak Strategy Group,"Dallas, TX",Full-time,"KPI Development, Business Development, Accounting Principles, Financial Modeling, Risk Management, Investment Analysis, Financial Analysis",53867,61280,"Business, Finance & Analytics"
Lead Revenue Analyst,Palisade Investment Partners,"Austin, TX",Full-time,"Supply Chain Analysis, Business Development, Data-Driven Decision Making, SAP, Vendor Management, QuickBooks",132952,148632,"Business, Finance & Analytics"
Financial Analyst Intern,Ironwood Strategy Group,Remote,Internship,"QuickBooks, Financial Modeling, Data-Driven Decision Making, Investment Analysis",30653,38256,"Business, Finance & Analytics"
Investment Analyst Intern,Brightpath Financial Services,"New York, NY",Internship,"SAP, Pricing Strategy, P&L Management, Git",37792,44000,"Business, Finance & Analytics"
Credit Analyst Manager,Brightpath Trust Group,"Dallas, TX",Full-time,"Financial Analysis, Pricing Strategy, QuickBooks, P&L Management, Problem Solving, Vendor Management, NetSuite, Investment Analysis",154183,166390,"Business, Finance & Analytics"
Junior Finance Manager,Lakeshore Ledger Co.,"Atlanta, GA",Part-time,"Data-Driven Decision Making, Vendor Management, Business Development",58061,66869,"Business, Finance & Analytics"
Junior Business Intelligence Analyst,Pinecrest Advisory Group,"Boston, MA",Contract,"Pricing Strategy, Power BI, Excel, Data-Driven Decision Making, Contract Negotiation",52501,62167,Data & Analytics
Lead Auditor,Crestline Advisory Group,Singapore,Full-time,"cost-benefit analysis, Pricing Strategy, Financial Analysis, Procurement, Contract Negotiation, Excel, Git",128120,142116,"Business, Finance & Analytics"
Pricing Analyst Manager,Highfield Solutions Group,Remote,Full-time,"Procurement, KPI Development, Competitive Intelligence, NetSuite",116677,128362,"Business, Finance & Analytics"
Senior Staff Accountant,Brambleton Solutions Group,"San Francisco, CA",Full-time,"Contract Negotiation, Financial Analysis, Data-Driven Decision Making, QuickBooks, NetSuite",99167,107593,"Business, Finance & Analytics"
Junior Auditor,Stonebridge Advisory Group,Remote,Full-time,"Excel Financial Modeling, P&L Management, Financial Analysis, Negotiation, SUPPLY CHAIN ANALYSIS, Contract Negotiation, Excel Financial Modeling",69737,79544,"Business, Finance & Analytics"
Risk Manager,Lakeshore Ledger Co.,Remote,Full-time,"KPI Development, Competitive Intelligence, Investment Analysis",81763,91949,"Business, Finance & Analytics"
Staff Bookkeeper,Foxglen Advisory Group,Remote,Full-time,"Financial Analysis, Git, Accounting Principles, Vendor Management",168041,177880,"Business, Finance & Analytics"
Lead Internal Auditor,Foxglen Advisory Group,"Seattle, WA",Full-time,"Supply Chain Analysis, Excel Financial Modeling, Competitive Intelligence, Cost-Benefit Analysis",162070,176400,"Business, Finance & Analytics"
Compliance Analyst Intern,Rivergate Financial Services,"Dallas, TX",Internship,"Budgeting & Forecasting, KPI Development, Supply Chain Analysis, Risk Management, Contract Negotiation, Data-Driven Decision Making, Problem Solving",30577,34112,"Business, Finance & Analytics"
Internal Auditor,Oakhaven Investment Partners,"Seattle, WA",Full-time,"Pricing Strategy, Budgeting & Forecasting, Vendor Management, Financial Analysis, Cost-Benefit Analysis, Investment Analysis, SAP",81462,95153,"Business, Finance & Analytics"
Junior Internal Auditor,Thornwood Ledger Co.,Remote,Full-time,"Financial Analysis, Cost-Benefit Analysis, QuickBooks, Vendor Management, KPI Development",69436,74038,"Business, Finance & Analytics"
Principal Strategy Analyst,Redwood Wealth Partners,Remote,Full-time,"Accounting Principles, P&L Management, Excel Financial Modeling, Budgeting & Forecasting",154343,166219,"Business, Finance & Analytics"
Junior Data Analyst,Rivergate Financial Services,"New York, NY",Part-time,"Contract Negotiation, Procurement, Financial Modeling, Data-Driven Decision Making, SAP, SQL, Tableau",59071,68181,Data & Analytics
BI Developer,Rivergate Analytics,Remote,Full-time,"Supply Chain Analysis, Competitive Intelligence, Pricing Strategy",93876,102531,Data & Analytics
Lead Supply Chain Analyst,Redwood Financial Partners,"Dallas, TX",Full-time,"Vendor Management, Contract Negotiation, Business Development, Critical Thinking",146607,160829,Business Operations
Junior Finance Manager,Cobalt Capital Group,"Denver, CO",Internship,"Procurement, Budgeting & Forecasting, Accounting Principles, Presentation Skills",29986,35097,"Business, Finance & Analytics"
Tax Analyst,Palisade Capital Group,"Chicago, IL",Full-time,"Excel, Supply Chain Analysis, Data-Driven Decision Making, Financial Analysis, Cost-Benefit Analysis, Business Development, Presentation Skills",80800,86487,"Business, Finance & Analytics"
Senior Pricing Analyst,Redwood & Associates,"Boston, MA",Full-time,"KPI Development, Agile Methodology, Accounting Principles, SAP, Financial Analysis, Budgeting & Forecasting",131076,148813,"Business, Finance & Analytics"
Bookkeeper,Summit Solutions Group,"Charlotte, NC",Full-time,"Business Development, Excel Financial Modeling, Competitive Intelligence, P&L Management, Budgeting & Forecasting",84114,96942,"Business, Finance & Analytics"
Risk Manager,Palisade Capital Group,"Toronto, ON",Full-time,"Presentation Skills, Budgeting & Forecasting, Procurement, Competitive Intelligence",76689,83528,"Business, Finance & Analytics"
Financial Analyst,Wrenfield & Associates,Remote,Full-time,"NetSuite, Financial Analysis, SAP, Excel Financial Modeling, Contract Negotiation, Risk Management, Cost-Benefit Analysis, Vendor Management",88615,97208,"Business, Finance & Analytics"
Staff Controller,Lakeshore Trust Group,Remote,Full-time,"Accounting Principles, Procurement, KPI Development, Negotiation, Competitive Intelligence, Supply Chain Analysis",152576,159422,"Business, Finance & Analytics"
Lead Revenue Analyst,Wrenfield & Associates,Remote,Full-time,"Procurement, Pricing Strategy, Negotiation, Accounting Principles, Excel Financial Modeling",141924,154977,"Business, Finance & Analytics"
Junior Investment Analyst,Foxglen Strategy Group,"Atlanta, GA",Full-time,"Investment Analysis, P&L Management, Agile Methodology, SAP, Data-Driven Decision Making, Business Development, Budgeting & Forecasting",60228,67919,"Business, Finance & Analytics"
Finance Manager,Summit Insights,"Atlanta, GA",Full-time,"Risk Management, NetSuite, Vendor Management, Competitive Intelligence, Excel Financial Modeling, Pricing Strategy, Procurement, Data-Driven Decision Making",74096,84352,"Business, Finance & Analytics"
Internal Auditor Manager,Palisade Ventures,"Austin, TX",Full-time,"Accounting Principles, Risk Management, Budgeting & Forecasting, Pricing Strategy, Financial Analysis, Vendor Management, P&L Management, Time Management",133160,147306,"Business, Finance & Analytics"
Senior Finance Manager,Harborline Ledger Co.,"Charlotte, NC",Full-time,"Data-Driven Decision Making, Pricing Strategy, Financial Analysis, Contract Negotiation, KPI Development, Problem Solving",116135,126121,"Business, Finance & Analytics"
Investment Analyst Manager,Falcon Ridge Ledger Co.,Remote,Contract,"KPI Development, Investment Analysis, QuickBooks",145196,153645,"Business, Finance & Analytics"
Senior Investment Analyst,Pinecrest Financial Services,"Chicago, IL",Full-time,"KPI Development, Critical Thinking, Accounting Principles, P&L Management, Competitive Intelligence, SAP",125217,137849,"Business, Finance & Analytics"
Procurement Analyst,Palisade Holdings,Remote,Full-time,"Data-Driven Decision Making, NetSuite, Budgeting & Forecasting, Supply Chain Analysis",100097,111600,"Business, Finance & Analytics"
Lead Bookkeeper,Highfield Solutions Group,Remote,Full-time,"Cost-Benefit Analysis, Risk Management, Data-Driven Decision Making",159742,173496,"Business, Finance & Analytics"
Risk Analyst,Brambleton Trust Group,"Seattle, WA",Part-time,"SAP, SQL, Investment Analysis, Cost-Benefit Analysis, Data-Driven Decision Making, Competitive Intelligence, Excel",100567,111445,"Business, Finance & Analytics"
Staff Accountant,Highfield Investment Partners,"Boston, MA",Full-time,"Accounting Principles, P&L Management, NetSuite, Competitive Intelligence, Supply Chain Analysis",83852,91186,"Business, Finance & Analytics"
Investment Analyst Intern,Thornwood Insights,"Atlanta, GA",Internship,"Pricing Strategy, Contract Negotiation, P&L Management, Investment Analysis, Vendor Management, QuickBooks, Supply Chain Analysis",28282,31557,"Business, Finance & Analytics"
Senior Pricing Analyst,Skyline Strategy Group,"Denver, CO",Full-time,"Business Development, Risk Management, Data-Driven Decision Making, Contract Negotiation",115070,123979,"Business, Finance & Analytics"
Lead Tax Analyst,Falcon Ridge Ledger Co.,"Charlotte, NC",Contract,"Data-Driven Decision Making, Investment Analysis, Excel, Risk Management, Business Development",142920,157705,"Business, Finance & Analytics"
Lead Investment Analyst,Summit Insights,"Chicago, IL",Full-time,"Budgeting & Forecasting, Procurement, Contract Negotiation, Cost-Benefit Analysis, Risk Management",138245,147038,"Business, Finance & Analytics"
Junior Procurement Analyst,Highfield Investment Partners,"New York, NY",Part-time,"Supply Chain Analysis, Risk Management, Data-Driven Decision Making, NetSuite, Vendor Management",57557,66229,"Business, Finance & Analytics"
Data Analyst,Thornwood Asset Management,"Denver, CO",Full-time,"Git, Data-Driven Decision Making, Power BI, Supply Chain Analysis",99699,105599,Data & Analytics
Senior Portfolio Analyst,Meridian Financial Partners,"New York, NY",Full-time,"Data-Driven Decision Making, Procurement, Accounting Principles, Pricing Strategy",137163,145612,"Business, Finance & Analytics"
Supply Chain Analyst,Redwood Advisory Group,Remote,Contract,"Critical Thinking, Risk Management, Financial Analysis, Cost-Benefit Analysis, Pricing Strategy, Competitive Intelligence, Procurement, Accounting Principles",74758,86619,Business Operations
Senior Risk Analyst,Lakeshore Trust Group,Remote,Full-time,"Vendor Management, NetSuite, Excel Financial Modeling, Cost-Benefit Analysis, Financial Analysis, Investment Analysis, Risk Management, SAP",106501,120939,"Business, Finance & Analytics"
Procurement Analyst Intern,Elmgate Advisory Group,"Boston, MA",Internship,"Financial Analysis, Contract Negotiation, Supply Chain Analysis, Accounting Principles, NetSuite, Vendor Management, Pricing Strategy",27587,31669,"Business, Finance & Analytics"
Junior Pricing Analyst,Summit Advisory Group,"London, UK",Contract,"Cost-Benefit Analysis, P&L Management, SAP, NetSuite",64582,70223,"Business, Finance & Analytics"
Risk Analyst,Onyx Trust Group,"Charlotte, NC",Full-time,"Risk Management, SAP, Supply Chain Analysis, Procurement",88876,101528,"Business, Finance & Analytics"
Lead Treasury Analyst,Redwood Wealth Partners,Remote,Full-time,"excel, Pricing Strategy, Procurement",137628,153715,"Business, Finance & Analytics"
Accountant,Skyline Strategy Group,Remote,Part-time,"Procurement, Excel, P&L Management, Accounting Principles",95257,106057,"Business, Finance & Analytics"
FP&A Analyst Intern,Oakhaven Accounting Partners,Remote,Internship,"SAP, Excel Financial Modeling, Investment Analysis, Financial Analysis, SQL",34843,39167,"Business, Finance & Analytics"
Senior Supply Chain Analyst,Falcon Ridge Financial Group,"Seattle, WA",Full-time,"Cost-Benefit Analysis, Communication, Accounting Principles, Data-Driven Decision Making, SAP",115089,127272,Business Operations
Senior Investment Analyst,Cobalt Capital Group,Remote,Full-time,"P&L Management, Cost-Benefit Analysis, Financial Modeling, Competitive Intelligence, Accounting Principles",101183,108835,"Business, Finance & Analytics"
Junior Business Intelligence Analyst,Palisade Capital Group,"Seattle, WA",Part-time,"Business Development, QuickBooks, P&L Management, Critical Thinking, Risk Management, Competitive Intelligence, Excel Financial Modeling",55524,62642,Data & Analytics
Staff Risk Analyst,Onyx Trust Group,Remote,Full-time,"Budgeting & Forecasting, Cost-Benefit Analysis, Business Development, Vendor Management, NetSuite, Pricing Strategy, Negotiation",168708,184500,"Business, Finance & Analytics"
Junior Revenue Analyst,Lakeshore Holdings,"Seattle, WA",Full-time,"QuickBooks, SAP, Procurement, Financial Analysis, Excel Financial Modeling, NetSuite",63153,71727,"Business, Finance & Analytics"
Operations Analyst Manager,Bluepeak Investment Partners,"Seattle, WA",Full-time,"SQL, Excel, P&L Management, Procurement, SAP, Data-Driven Decision Making, Supply Chain Analysis",116182,138161,Business Operations
Staff Accountant Intern,Oakhaven Accounting Partners,"Boston, MA",Internship,"Vendor Management, QuickBooks, Budgeting & Forecasting, Competitive Intelligence, Data-Driven Decision Making, Risk Management, Investment Analysis",25267,30980,"Business, Finance & Analytics"
Principal Pricing Analyst,Skyline Consulting,"San Francisco, CA",Full-time,"Vendor Management, Business Development, Communication, Financial Analysis, Contract Negotiation, Supply Chain Analysis",169071,186119,"Business, Finance & Analytics"
BI Developer,Palisade Ventures,"San Francisco, CA",Full-time,"Risk Management, Budgeting & Forecasting, Supply Chain Analysis, Communication",82508,96289,Data & Analytics
Financial Analyst,Redwood Wealth Partners,Remote,Part-time,"Pricing Strategy, Accounting Principles, P&L Management, Financial Modeling, Investment Analysis, Data-Driven Decision Making",79161,87436,"Business, Finance & Analytics"
Staff Credit Analyst,Falcon Ridge Analytics,"Seattle, WA",Full-time,"Accounting Principles, Vendor Management, Contract Negotiation",140867,154748,"Business, Finance & Analytics"
Lead Staff Accountant,Pinecrest Financial Services,Remote,Full-time,"SAP, P&L Management, KPI Development, Vendor Management",150035,160970,"Business, Finance & Analytics"
Staff Accounting Manager,Ashford Advisory Group,"Sydney, Australia",Full-time,"Contract Negotiation, Excel Financial Modeling, Vendor Management, Business Development, Supply Chain Analysis, SAP",143782,159127,"Business, Finance & Analytics"
Senior Financial Analyst,Harborline & Associates,"Seattle, WA",Full-time,"Investment Analysis, Risk Management, Business Development, QuickBooks, Supply Chain Analysis, Data-Driven Decision Making, KPI Development, P&L Management",118617,137070,"Business, Finance & Analytics"
Portfolio Analyst,Redwood Financial Group,"Chicago, IL",Full-time,"Procurement, KPI Development, Risk Management, Vendor Management, Data-Driven Decision Making",80613,92278,"Business, Finance & Analytics"
Treasury Analyst,Redwood & Associates,"Sydney, Australia",Part-time,"Vendor Management, Budgeting & Forecasting, Presentation Skills, Data-Driven Decision Making, Financial Analysis",83863,92897,"Business, Finance & Analytics"
Senior Financial Analyst,Palisade Capital Group,Remote,Contract,"Risk Management, Financial Analysis, QuickBooks, Competitive Intelligence, Cost-Benefit Analysis, Investment Analysis, Financial Modeling, Excel Financial Modeling",125046,138056,"Business, Finance & Analytics"
Senior Bookkeeper,Granite Ledger Co.,"Atlanta, GA",Part-time,"NetSuite, Procurement, Investment Analysis, Contract Negotiation, Budgeting & Forecasting, Vendor Management, Data-Driven Decision Making",136151,152262,"Business, Finance & Analytics"
Supply Chain Analyst,Elmgate Advisory Group,"Toronto, ON",Full-time,"Procurement, Data-Driven Decision Making, NetSuite, Supply Chain Analysis, Investment Analysis, Pricing Strategy, QuickBooks, Business Development",98504,107670,Business Operations
Financial Analyst Intern,Onyx Solutions Group,Remote,Internship,"P&L Management, KPI Development, Data-Driven Decision Making, Stakeholder Management",27781,35464,"Business, Finance & Analytics"
Principal Auditor,Rivergate Analytics,"Boston, MA",Full-time,"Stakeholder Management, P&L Management, Financial Analysis, Procurement",159933,166875,"Business, Finance & Analytics"
Junior Risk Manager,Lakeshore Trust Group,"London, UK",Full-time,"Competitive Intelligence, Cost-Benefit Analysis, Budgeting & Forecasting, Time Management, Procurement, Vendor Management",64390,68692,"Business, Finance & Analytics"
FP&A Analyst Intern,Thornwood Ledger Co.,"Atlanta, GA",Internship,"Financial Analysis, Cost-Benefit Analysis, SAP, Pricing Strategy, KPI Development, Supply Chain Analysis, Business Development, Budgeting & Forecasting",29291,36209,"Business, Finance & Analytics"
Senior Bookkeeper,Falcon Ridge Ledger Co.,Remote,Contract,"Investment Analysis, Procurement, Accounting Principles, Excel Financial Modeling",120077,134075,"Business, Finance & Analytics"
Junior Finance Manager,Oakhaven Consulting,"Sydney, Australia",Internship,"Pricing Strategy, Competitive Intelligence, Business Development, Financial Analysis, Contract Negotiation, KPI Development",34517,41817,"Business, Finance & Analytics"
Senior Accounting Manager,Palisade Holdings,"Chicago, IL",Contract,"P&L Management, Risk Management, Procurement, Investment Analysis, Git",134586,153000,"Business, Finance & Analytics"
Risk Analyst Intern,Cobalt Trust Group,Remote,Internship,"Supply Chain Analysis, Business Development, Pricing Strategy, Data-Driven Decision Making, Vendor Management, Excel, Contract Negotiation",23748,30870,"Business, Finance & Analytics"
Staff BI Developer,Highfield Solutions Group,"Charlotte, NC",Full-time,"Budgeting & Forecasting, Contract Negotiation, Tableau, QuickBooks, Procurement, Vendor Management, Business Development, Investment Analysis",157413,171569,Data & Analytics
Auditor,Falcon Ridge Ledger Co.,"Austin, TX",Full-time,"Investment Analysis, Risk Management, Procurement, Competitive Intelligence, Financial Analysis, Data-Driven Decision Making, SAP, NetSuite",77321,90443,"Business, Finance & Analytics"
Procurement Analyst,Stonebridge Bridge Capital,"Chicago, IL",Contract,"Business Development, Procurement, Budgeting & Forecasting, Pricing Strategy, Excel Financial Modeling, P&L Management",86791,95204,"Business, Finance & Analytics"
Senior Financial Analyst,Oakhaven Investment Partners,"Denver, CO",Full-time,"Pricing Strategy, KPI Development, P&L Management",115868,132363,"Business, Finance & Analytics"
Senior Accounting Manager,Granite Ledger Co.,Remote,Full-time,"Financial Analysis, Pricing Strategy, SAP, Cost-Benefit Analysis, Negotiation",114545,132725,"Business, Finance & Analytics"
Junior Risk Manager,Summit Solutions Group,"San Francisco, CA",Internship,"Vendor Management, Business Development, Accounting Principles",37140,42360,"Business, Finance & Analytics"
Portfolio Analyst Intern,Falcon Ridge Analytics,Remote,Internship,"Presentation Skills, QuickBooks, Data-Driven Decision Making, Investment Analysis, Supply Chain Analysis, NetSuite",29050,34108,"Business, Finance & Analytics"
Procurement Analyst,Falcon Ridge Ledger Co.,"Charlotte, NC",Contract,"Business Development, Accounting Principles, Financial Analysis, Presentation Skills, KPI Development",95618,107349,"Business, Finance & Analytics"
Strategy Analyst,Summit Advisory Group,Remote,Contract,"Vendor Management, P&L Management, Contract Negotiation, NetSuite",82782,96697,"Business, Finance & Analytics"
Junior Controller,Redwood Capital Group,"Seattle, WA",Internship,"Risk Management, Excel Financial Modeling, Data-Driven Decision Making, Investment Analysis, NetSuite, Accounting Principles, Presentation Skills, Contract Negotiation",33590,37400,"Business, Finance & Analytics"
Senior Supply Chain Analyst,Brambleton Trust Group,"Dublin, Ireland",Full-time,"Budgeting & Forecasting, Competitive Intelligence, SAP, Investment Analysis",100975,120301,Business Operations
Portfolio Analyst,Redwood & Associates,"Toronto, ON",Full-time,"NetSuite, Risk Management, Competitive Intelligence, Time Management, Contract Negotiation, Data-Driven Decision Making",87662,100039,"Business, Finance & Analytics"
Financial Analyst,Sterling Strategy Group,"Atlanta, GA",Part-time,"KPI Development, Data-Driven Decision Making, Business Development, Procurement, Financial Modeling, Vendor Management, SAP, Excel Financial Modeling",99730,111600,"Business, Finance & Analytics"
Senior Revenue Analyst,Bluepeak Strategy Group,"New York, NY",Full-time,"Budgeting & Forecasting, Risk Management, Excel Financial Modeling, Cost-Benefit Analysis, Business Development, Data-Driven Decision Making, Financial Analysis, Competitive Intelligence",130863,142423,"Business, Finance & Analytics"
Procurement Analyst,Brambleton Solutions Group,"Austin, TX",Full-time,"KPI Development, Business Development, Pricing Strategy, QuickBooks, Competitive Intelligence, Data-Driven Decision Making, Excel Financial Modeling, SAP",85493,96208,"Business, Finance & Analytics"
Credit Analyst,Fernbrook Solutions Group,Remote,Full-time,"Investment Analysis, NetSuite, Competitive Intelligence, Contract Negotiation, Pricing Strategy",96327,103893,"Business, Finance & Analytics"
Payroll Specialist Manager,Foxglen Strategy Group,"Austin, TX",Contract,"Cost-Benefit Analysis, Supply Chain Analysis, Risk Management, Vendor Management",130677,146871,"Business, Finance & Analytics"
Finance Manager,Highfield Financial Group,Remote,Full-time,"Pricing Strategy, Procurement, Competitive Intelligence, Risk Management",100493,111094,"Business, Finance & Analytics"
Senior Financial Planning Analyst,Oakhaven Investment Partners,"Charlotte, NC",Full-time,"Competitive Intelligence, Negotiation, Vendor Management, Data-Driven Decision Making, Budgeting & Forecasting, Accounting Principles",131151,143603,"Business, Finance & Analytics"
Junior Accountant,Thornwood Insights,Remote,Full-time,"Excel, Supply Chain Analysis, Accounting Principles, Cost-Benefit Analysis",53032,62977,"Business, Finance & Analytics"
Revenue Analyst,Highfield Solutions Group,"New York, NY",Full-time,"Data-Driven Decision Making, Budgeting & Forecasting, Contract Negotiation",98463,110092,"Business, Finance & Analytics"
Financial Planning Analyst Manager,Cobalt Capital Group,Remote,Full-time,"Risk Management, Excel Financial Modeling, Data-Driven Decision Making, P&L Management, Investment Analysis, SAP, Financial Analysis",129409,151094,"Business, Finance & Analytics"
Senior Compliance Analyst,Brightpath Financial Services,Remote,Part-time,"Investment Analysis, SAP, Vendor Management, Cost-Benefit Analysis, Presentation Skills, QuickBooks, NetSuite, Excel Financial Modeling",129969,144819,"Business, Finance & Analytics"
Lead Financial Planning Analyst,Bluepeak Investment Partners,"Austin, TX",Full-time,"Competitive Intelligence, Pricing Strategy, Procurement",131585,141940,"Business, Finance & Analytics"
Pricing Analyst Intern,Wrenfield & Associates,Remote,Internship,"Risk Management, Financial Analysis, Budgeting & Forecasting, Excel, Competitive Intelligence, NetSuite, Investment Analysis",29485,32850,"Business, Finance & Analytics"
Principal Risk Analyst,Summit Advisory Group,"Austin, TX",Contract,"Risk Management, Pricing Strategy, QuickBooks, Data-Driven Decision Making, Financial Analysis, Supply Chain Analysis, Accounting Principles",149709,163723,"Business, Finance & Analytics"
Portfolio Analyst,Redwood Capital Group,"Chicago, IL",Part-time,"Procurement, Accounting Principles, Competitive Intelligence, Data-Driven Decision Making, Investment Analysis, P&L Management, Pricing Strategy",85393,93597,"Business, Finance & Analytics"
Accountant,Lakeshore Trust Group,"New York, NY",Part-time,"Competitive Intelligence, NetSuite, Budgeting & Forecasting, Investment Analysis, Pricing Strategy, Risk Management",95074,106248,"Business, Finance & Analytics"
Strategy Analyst,Skyline Strategy Group,Remote,Full-time,"Presentation Skills, KPI Development, Budgeting & Forecasting, Pricing Strategy, Vendor Management, QuickBooks, Data-Driven Decision Making",90400,97120,"Business, Finance & Analytics"
Staff Accountant,Summit & Associates,"Austin, TX",Full-time,"Competitive Intelligence, SAP, P&L Management, Investment Analysis, Negotiation",89903,103013,"Business, Finance & Analytics"
Senior Risk Manager,Summit Solutions Group,"Boston, MA",Full-time,"Accounting Principles, KPI Development, Contract Negotiation, Excel Financial Modeling, Data-Driven Decision Making, Competitive Intelligence, Business Development, Financial Analysis",103332,116122,"Business, Finance & Analytics"
Principal Accounting Manager,Ashford Advisory Group,"Denver, CO",Full-time,"NetSuite, P&L Management, Agile Methodology, accounting principles, Agile Methodology",166425,180536,"Business, Finance & Analytics"
Portfolio Analyst Intern,Northfield Ventures,"Chicago, IL",Internship,"Cost-Benefit Analysis, Data-Driven Decision Making, Financial Analysis, Pricing Strategy, Procurement, Competitive Intelligence",29687,36012,"Business, Finance & Analytics"
Senior Tax Analyst,Highfield Investment Partners,"Chicago, IL",Full-time,"KPI Development, Risk Management, Contract Negotiation, Business Development, SAP, Procurement, Excel",128868,141382,"Business, Finance & Analytics"
Junior Procurement Analyst,Harborline Ledger Co.,"New York, NY",Full-time,"Stakeholder Management, Supply Chain Analysis, Procurement, Contract Negotiation, KPI Development, QuickBooks, Cost-Benefit Analysis, Competitive Intelligence",54120,63994,"Business, Finance & Analytics"
Senior Treasury Analyst,Ashford Advisory Group,"San Francisco, CA",Full-time,"Financial Analysis, NetSuite, Risk Management, Competitive Intelligence, Contract Negotiation, Budgeting & Forecasting, Procurement, Supply Chain Analysis",130386,145823,"Business, Finance & Analytics"
Junior Payroll Specialist,Bluepeak Investment Partners,"Sydney, Australia",Contract,"NetSuite, Cost-Benefit Analysis, Contract Negotiation, Risk Management, Business Development, QuickBooks, Competitive Intelligence, Excel Financial Modeling",61803,69797,"Business, Finance & Analytics"
Senior Accounting Manager,Redwood Financial Group,"Seattle, WA",Full-time,"SAP, Investment Analysis, QuickBooks, Time Management, Budgeting & Forecasting",131806,139970,"Business, Finance & Analytics"
Senior Operations Analyst,Summit Advisory Group,"Charlotte, NC",Full-time,"Excel, Financial Analysis, Accounting Principles, Excel Financial Modeling",121125,132719,Business Operations
Investment Analyst Intern,Foxglen Advisory Group,"London, UK",Internship,"QuickBooks, Contract Negotiation, Supply Chain Analysis",36843,41929,"Business, Finance & Analytics"
Financial Analyst Manager,Lakeshore Trust Group,Remote,Full-time,"Investment Analysis, Competitive Intelligence, QuickBooks, Agile Methodology, Business Development, Budgeting & Forecasting, NetSuite",121027,137553,"Business, Finance & Analytics"
Junior Financial Planning Analyst,Sterling Financial Partners,"Boston, MA",Contract,"Budgeting & Forecasting, Contract Negotiation, Vendor Management, Risk Management, Business Development, P&L Management",60472,66137,"Business, Finance & Analytics"
Senior Controller,Wrenfield & Associates,Remote,Full-time,"Contract Negotiation, Risk Management, Data-Driven Decision Making, Accounting Principles, Business Development",103193,118641,"Business, Finance & Analytics"
Internal Auditor,Palisade Holdings,"Atlanta, GA",Full-time,"Vendor Management, Contract Negotiation, Agile Methodology, KPI Development, Business Development, Excel",100499,111600,"Business, Finance & Analytics"
Staff Financial Planning Analyst,Meridian Financial Partners,Remote,Full-time,"KPI Development, Financial Analysis, Investment Analysis",162724,176965,"Business, Finance & Analytics"
Junior Business Intelligence Analyst,Cobalt Capital Group,"Seattle, WA",Full-time,"Salesforce, Financial Analysis, Business Development, Competitive Intelligence, Budgeting & Forecasting, Contract Negotiation",64014,73979,Data & Analytics
BI Developer,Ironwood Strategy Group,"Chicago, IL",Full-time,"Procurement, Excel, NetSuite, P&L Management, Investment Analysis, Data-Driven Decision Making, Accounting Principles",74392,80435,Data & Analytics
Finance Manager,Onyx Solutions Group,"Toronto, ON",Full-time,"Vendor Management, Budgeting & Forecasting, NetSuite",72954,84071,"Business, Finance & Analytics"
Senior Bookkeeper,Highfield Solutions Group,"Boston, MA",Full-time,"Contract Negotiation, Agile Methodology, Excel Financial Modeling, Competitive Intelligence",131973,148501,"Business, Finance & Analytics"
Lead Financial Planning Analyst,Onyx Strategy Group,"Austin, TX",Full-time,"Business Development, Competitive Intelligence, Investment Analysis",129728,144721,"Business, Finance & Analytics"
Treasury Analyst Manager,Rivergate Analytics,Remote,Part-time,"SAP, Accounting Principles, Supply Chain Analysis, Business Development, Competitive Intelligence",145611,154190,"Business, Finance & Analytics"
Risk Analyst,Pinecrest Consulting,"Charlotte, NC",Full-time,"Contract Negotiation, Excel Financial Modeling, Financial Analysis, Competitive Intelligence, Stakeholder Management, Supply Chain Analysis, NetSuite, QuickBooks",86954,99668,"Business, Finance & Analytics"
Credit Analyst,Fernbrook Solutions Group,"San Francisco, CA",Part-time,"Pricing Strategy, NetSuite, Cost-Benefit Analysis",94849,108196,"Business, Finance & Analytics"
Principal Investment Analyst,Summit & Associates,"Toronto, ON",Full-time,"Financial Analysis, Financial Modeling, Cost-Benefit Analysis, Procurement, Excel Financial Modeling, Supply Chain Analysis, Business Development, Investment Analysis",177247,186847,"Business, Finance & Analytics"
Pricing Analyst Manager,Foxglen Strategy Group,"Charlotte, NC",Full-time,"Excel, KPI Development, Supply Chain Analysis, Business Development",116110,127070,"Business, Finance & Analytics"
Junior Revenue Analyst,Brightpath Solutions Group,"Dallas, TX",Part-time,"Vendor Management, KPI Development, Risk Management, QuickBooks, Pricing Strategy, NetSuite, SAP, Cost-Benefit Analysis",71800,75726,"Business, Finance & Analytics"
Junior Treasury Analyst,Ironwood Financial Group,"New York, NY",Full-time,"NetSuite, Time Management, Cost-Benefit Analysis, Contract Negotiation, KPI Development, Business Development, P&L Management, Vendor Management",62247,72474,"Business, Finance & Analytics"
Accountant Manager,Redwood Financial Group,"Chicago, IL",Full-time,"Risk Management, QuickBooks, NetSuite, Pricing Strategy, P&L Management, Business Development",155252,169361,"Business, Finance & Analytics"
Lead Compliance Analyst,Lakeshore Capital Group,"Seattle, WA",Contract,"Financial Analysis, NetSuite, Excel Financial Modeling, Supply Chain Analysis, Presentation Skills, Competitive Intelligence",140517,151545,"Business, Finance & Analytics"
Controller,Redwood Advisory Group,Remote,Full-time,"Excel Financial Modeling, NetSuite, P&L Management, QuickBooks, Budgeting & Forecasting, Competitive Intelligence, Financial Analysis",148583,162034,"Business, Finance & Analytics"
Procurement Analyst,Sterling Strategy Group,"Austin, TX",Full-time,"Communication, Procurement, SAP, Accounting Principles, Budgeting & Forecasting, Business Development, Excel Financial Modeling, QuickBooks",100761,109947,"Business, Finance & Analytics"
Lead Data Analyst,Bluepeak Strategy Group,"Dallas, TX",Full-time,"Financial Modeling, Excel Financial Modeling, Risk Management, Investment Analysis, Salesforce, Communication",136156,148912,Data & Analytics
Accountant Manager,Rivergate Financial Services,"Seattle, WA",Full-time,"Financial Analysis, Budgeting & Forecasting, Cost-Benefit Analysis, Excel Financial Modeling, Procurement, P&L Management, Vendor Management, Accounting Principles",122882,133623,"Business, Finance & Analytics"
Financial Analyst,Highfield Financial Group,Singapore,Full-time,"Cost-Benefit Analysis, NetSuite,  Accounting Principles , Budgeting & Forecasting, NetSuite",87974,94244,"Business, Finance & Analytics"
Bookkeeper,Kestrel Asset Management,"Sydney, Australia",Full-time,"KPI Development, Procurement, Time Management, Excel, SAP, Excel Financial Modeling",92613,106708,"Business, Finance & Analytics"
Senior Tax Analyst,Brambleton Holdings,"Chicago, IL",Full-time,"Competitive Intelligence, SAP, Supply Chain Analysis, Business Development, Presentation Skills, Pricing Strategy",135003,143391,"Business, Finance & Analytics"
Principal Revenue Analyst,Highfield Financial Group,"Chicago, IL",Full-time,"Data-Driven Decision Making, NetSuite, Investment Analysis, Accounting Principles, Procurement, Pricing Strategy, Excel Financial Modeling, Financial Analysis",175597,193284,"Business, Finance & Analytics"
Compliance Analyst,Palisade Investment Partners,Remote,Full-time,"Business Development, Pricing Strategy, Investment Analysis, Investment Analysis",96360,110320,"Business, Finance & Analytics"
Bookkeeper,Onyx Solutions Group,"Atlanta, GA",Full-time,"Business Development, Supply Chain Analysis, Accounting Principles, Vendor Management, SAP, P&L Management, Excel, Contract Negotiation",72302,80764,"Business, Finance & Analytics"
Tax Analyst Manager,Brightpath Trust Group,Remote,Full-time,"Competitive Intelligence, Excel, Procurement, Contract Negotiation, Supply Chain Analysis, Business Development, Investment Analysis, Risk Management",145940,166240,"Business, Finance & Analytics"
Bookkeeper,Redwood Capital Group,"Atlanta, GA",Full-time,"KPI Development, Excel Financial Modeling, P&L Management, Excel, QuickBooks, Investment Analysis, Vendor Management",89490,101177,"Business, Finance & Analytics"
Accountant Intern,Ravenscroft Strategy Group,"Atlanta, GA",Internship,"Contract Negotiation, Investment Analysis, Accounting Principles",24320,31921,"Business, Finance & Analytics"
Pricing Analyst Intern,Kestrel Asset Management,"Charlotte, NC",Internship,"Procurement, Financial Analysis, Accounting Principles, Cost-Benefit Analysis, QuickBooks",28031,33297,"Business, Finance & Analytics"
Strategy Analyst,Onyx Trust Group,"Austin, TX",Full-time,"Budgeting & Forecasting, Vendor Management, Pricing Strategy, Competitive Intelligence, Stakeholder Management, QuickBooks",100534,111600,"Business, Finance & Analytics"
Supply Chain Analyst,Falcon Ridge Ledger Co.,"Austin, TX",Full-time,"Pricing Strategy, Business Development, Accounting Principles, Risk Management, Cost-Benefit Analysis, Excel, Budgeting & Forecasting",87954,95884,Business Operations
Business Analyst Manager,Skyline Consulting,"Denver, CO",Full-time,"SAP, SQL, Supply Chain Analysis, Financial Analysis, Competitive Intelligence, Budgeting & Forecasting, Investment Analysis, Contract Negotiation",123233,136911,"Business, Finance & Analytics"
Accountant,Cobalt Trust Group,"Austin, TX",Full-time,"Financial Analysis, Competitive Intelligence, NetSuite",86255,98721,"Business, Finance & Analytics"
Senior Strategy Analyst,Granite Ledger Co.,Remote,Full-time,"KPI Development, Contract Negotiation, QuickBooks, Budgeting & Forecasting, Competitive Intelligence, Cost-Benefit Analysis, Financial Analysis, NetSuite",131527,139799,"Business, Finance & Analytics"
Junior Pricing Analyst,Brightpath Financial Services,"Dallas, TX",Full-time,"Vendor Management, Excel, Excel Financial Modeling, Problem Solving",62600,71449,"Business, Finance & Analytics"
Senior Strategy Analyst,Fernbrook Solutions Group,"Dallas, TX",Full-time,"Vendor Management, Supply Chain Analysis, Business Development, Financial Analysis, P&L Management, KPI Development",123312,139326,"Business, Finance & Analytics"
Junior Procurement Analyst,Falcon Ridge Financial Group,"Boston, MA",Part-time,"NetSuite, KPI Development, QuickBooks, Investment Analysis",56087,60625,"Business, Finance & Analytics"
