title,company,location,type,skills_required,salary_min,salary_max,category
Lead Content Marketing,Rosemount Analytics,"Austin, TX",Part-time,"Copywriting, Content Marketing, SEO",81079,92993,"Marketing, Sales & Growth"
Senior Brand Strategist,Onyx Partners,"London, UK",Full-time,"Market Research, Marketing Analytics, Content Strategy, Social Media Marketing, Brand Strategy, Excel",115334,144670,"Marketing, Sales & Growth"
Senior Social Media Manager,Ironwood Studio,"Seattle, WA",Contract,"Social Media Marketing, Influencer Marketing, Brand Strategy, Copywriting, Collaboration",118231,144159,"Marketing, Sales & Growth"
Lead Product Marketing Manager,Cascade Group,Remote,Internship,"Marketing Analytics, Lead Generation, Market Research, Brand Strategy, Content Strategy, Public Relations, Excel",24453,42000,"Marketing, Sales & Growth"
Lead Content Strategist,Cascade Group,"Austin, TX",Full-time,"Content Strategy, Public Relations, Social Media Marketing, Public Speaking",145762,159685,"Marketing, Sales & Growth"
Junior Marketing Automation Specialist,Granite Bridge Tech,Remote,Internship,"Email Marketing, HubSpot, Lead Generation, Marketing Analytics, Marketing Automation",23599,42000,"Marketing, Sales & Growth"
VP of Marketing,Ironwood Partners,Remote,Full-time,"Growth Hacking, Public Relations, Market Research, Sales Forecasting, Project Management",145815,163747,"Marketing, Sales & Growth"
Manager Affiliate Marketing Manager,Redwood Holdings,"Sydney, Australia",Full-time,"Marketing Analytics, Affiliate Marketing, Conversion Rate Optimization, Collaboration",116271,147835,"Marketing, Sales & Growth"
Influencer Marketing Manager,Lumen Digital,"San Francisco, CA",Full-time,"Content Marketing, Marketing Analytics, Social Media Marketing, Influencer Marketing, Brand Strategy",85674,96639,"Marketing, Sales & Growth"
Content Marketing,Windmere Interactive,Remote,Full-time,"Content Marketing, Copywriting, Content Strategy, SEO, Excel",83212,106632,"Marketing, Sales & Growth"
VP of Marketing,Cobalt Partners,"San Francisco, CA",Internship,"Growth Hacking, Marketing Analytics, Brand Strategy, CRM Management, Market Research, Sales Forecasting, Agile Methodology",27683,42000,"Marketing, Sales & Growth"
Lead Marketing Analytics Manager,Clearwater Digital,"Atlanta, GA",Contract,"Conversion Rate Optimization, Digital Marketing, Excel, SQL, Market Research, Marketing Analytics",146121,161530,"Marketing, Sales & Growth"
Manager Brand Manager,Quartzridge Analytics,"San Francisco, CA",Internship,"Social Media Marketing, Brand Strategy, Content Strategy, Marketing Analytics, Public Relations, Market Research, Excel",20302,42000,"Marketing, Sales & Growth"
Senior Content Strategist,Lumen Digital,Singapore,Full-time,"Social Media Marketing, Email Marketing, Public Relations, SEO, Content Strategy, Content Marketing, Communication",119558,128887,"Marketing, Sales & Growth"
Account Executive,Sterling Networks,"Boston, MA",Full-time,"Salesforce, Negotiation, Customer Retention Strategy, Lead Generation, CRM Management, Account-Based Marketing, Project Management",81622,91080,"Marketing, Sales & Growth"
Senior Affiliate Marketing Manager,Lumen Studio,"Miami, FL",Full-time,"Marketing Analytics, Affiliate Marketing, Conversion Rate Optimization, Lead Generation, Communication",100986,125995,"Marketing, Sales & Growth"
VP of Sales,Falconhurst Solutions,"Dublin, Ireland",Full-time,"Marketing Analytics, Growth Hacking,   Public Relations  , Market Research",139429,152069,"Marketing, Sales & Growth"
Affiliate Marketing Manager,Vertex Analytics,"Denver, CO",Contract,"Digital Marketing, Lead Generation, Marketing Analytics, Presentation Skills",86936,106331,"Marketing, Sales & Growth"
Senior Marketing Analytics Manager,Windmere Partners,"Berlin, Germany",Full-time,"SQL, Excel, Conversion Rate Optimization, Digital Marketing, Market Research, Marketing Analytics, Negotiation",114646,126152,"Marketing, Sales & Growth"
Senior Brand Manager,MARBLE MEDIA GROUP,Remote,Full-time,"Marketing Analytics, Brand Strategy, CONTENT STRATEGY",110352,143075,"Marketing, Sales & Growth"
Marketing Automation Specialist,Ironwood Studio,"Portland, OR",Contract,"CRM Management, Lead Generation, HubSpot, Marketing Analytics, Email Marketing, Marketing Automation",76578,109725,"Marketing, Sales & Growth"
Sales Development Representative,Timbergate Solutions,"Toronto, Canada",Full-time,"CRM Management, Salesforce, Account-Based Marketing, Negotiation",83870,95614,"Marketing, Sales & Growth"
Demand Generation Manager,Marble Analytics,Remote,Full-time,"Marketing Automation, Paid Search Advertising, Lead Generation, Account-Based Marketing, Agile Methodology",83527,98353,"Marketing, Sales & Growth"
SEO Manager,Granite Brands,Remote,Internship,"Marketing Analytics, SEO, Digital Marketing, Conversion Rate Optimization, Content Strategy, Content Marketing, Agile Methodology",30978,42000,"Marketing, Sales & Growth"
Junior SEO Specialist,Halcyon Interactive,"Boston, MA",Internship,"Content Strategy, Digital Marketing, Conversion Rate Optimization, SEO, Marketing Analytics, Communication",22323,42000,"Marketing, Sales & Growth"
Senior Content Strategist,Halcyon Cloud Labs,"Atlanta, GA",Contract,"Content Strategy, Email Marketing, Public Relations",119694,131907,"Marketing, Sales & Growth"
Manager Business Development Manager,Falconhurst Networks,Remote,Full-time,"Negotiation, Lead Generation, Salesforce, Collaboration",113520,134579,"Marketing, Sales & Growth"
Lead Marketing Automation Specialist,Meridian Commerce,Remote,Full-time,"HubSpot, Email Marketing, CRM Management",131637,156447,"Marketing, Sales & Growth"
Senior Brand Manager,Granite Systems,"Toronto, Canada",Full-time,"Content Strategy, Social Media Marketing, Public Relations, Brand Strategy, Market Research, Marketing Analytics, Excel",112761,143772,"Marketing, Sales & Growth"
Sales Operations Analyst,Havenwood Interactive,Remote,Full-time,"Salesforce, Marketing Analytics, Excel, CRM Management",82240,109452,"Marketing, Sales & Growth"
VP of Sales,Windmere Interactive,"Sydney, Australia",Contract,"Marketing Analytics, Public Relations, Brand Strategy",149247,164045,"Marketing, Sales & Growth"
Content Strategist,Quartzridge Analytics,Singapore,Full-time,"Content Strategy, Email Marketing, Content Marketing, Copywriting, Public Relations, Social Media Marketing",88850,106814,"Marketing, Sales & Growth"
Senior CRM Manager,Cascade Ventures,"San Francisco, CA",Full-time,"CRM Management, HubSpot, Sales Forecasting, Customer Retention Strategy, Marketing Automation, Salesforce, Public Speaking",103616,148160,"Marketing, Sales & Growth"
Manager Affiliate Marketing Manager,Vertex Analytics,"Chicago, IL",Full-time,"Lead Generation, Affiliate Marketing, Marketing Analytics, Digital Marketing, Conversion Rate Optimization",121097,155824,"Marketing, Sales & Growth"
Intern Social Media Coordinator,Cobalt Partners,"Austin, TX",Internship,"Content Marketing, Influencer Marketing, Social Media Marketing, Paid Social Advertising, Copywriting, Brand Strategy, Public Speaking",21596,28283,"Marketing, Sales & Growth"
Lead Marketing Analytics Manager,Halcyon Cloud Labs,Remote,Internship,"Digital Marketing, Conversion Rate Optimization, Market Research, Excel",33466,42000,"Marketing, Sales & Growth"
Digital Marketing Specialist,Cobalt Networks,"London, UK",Contract,"SEO, Paid Search Advertising, Paid Social Advertising, Marketing Automation",88258,102678,"Marketing, Sales & Growth"
Junior Sales Operations Analyst,Crestline Partners,"Seattle, WA",Full-time,"Market Research, Salesforce, Marketing Analytics, Presentation Skills",57539,69972,"Marketing, Sales & Growth"
DIGITAL MARKETING MANAGER,Timbergate Networks,"New York, NY",Contract,"Marketing Analytics, Marketing Automation, Paid Social Advertising, Email Marketing, PAID SEARCH ADVERTISING, Digital Marketing, Negotiation",85489,96508,"Marketing, Sales & Growth"
Senior Digital Marketing Specialist,Wildflower Systems,Remote,Full-time,"Marketing Analytics, SEO, Marketing Automation, Email Marketing",106582,135877,"Marketing, Sales & Growth"
Senior CRM Manager,Solstice Labs,"Dublin, Ireland",Full-time,"Customer Retention Strategy, CRM Management, Sales Forecasting, HubSpot, Salesforce, Agile Methodology",116429,133515,"Marketing, Sales & Growth"
Email Marketing Specialist,Ashgrove Commerce,"London, UK",Internship,"Lead Generation, Marketing Automation, Copywriting, Collaboration",28173,42000,"Marketing, Sales & Growth"
Brand Manager,Ashgrove Bridge Tech,"Chicago, IL",Full-time,"Brand Strategy, Content Strategy, Marketing Analytics, Social Media Marketing, Market Research, Public Relations",87186,93518,"Marketing, Sales & Growth"
Senior Demand Generation Manager,Cobalt Cloud Labs,"Austin, TX",Full-time,"Paid Search Advertising, Lead Generation, Marketing Automation, CRM Management, Marketing Analytics, Account-Based Marketing, Communication",104538,147487,"Marketing, Sales & Growth"
Head of Growth,Pinnacle Digital,Singapore,Contract,"Growth Hacking, Market Research, Public Relations, Sales Forecasting, CRM Management, Presentation Skills",146923,185611,"Marketing, Sales & Growth"
Intern Business Development Representative,Onyx Brands,"San Francisco, CA",Full-time,"CRM Management, Negotiation, Salesforce",26250,33481,"Marketing, Sales & Growth"
Junior Content Strategist,Falconhurst Group,"Austin, TX",Full-time,"Social Media Marketing, Email Marketing, Public Relations, SEO, Content Strategy, Copywriting, Negotiation",58390,64509,"Marketing, Sales & Growth"
Lead Sales Manager,Redwood Holdings,"Atlanta, GA",Full-time,"Negotiation, Salesforce, Lead Generation, Customer Retention Strategy, Account-Based Marketing, CRM Management, Collaboration",140361,149779,"Marketing, Sales & Growth"
Junior Growth Hacker,Vertex Partners,"Seattle, WA",Full-time,"Paid Social Advertising, Conversion Rate Optimization, Growth Hacking, Paid Search Advertising, Marketing Analytics, Lead Generation, Excel",60288,79714,"Marketing, Sales & Growth"
Manager Business Development Manager,Bluepeak Brands,Remote,Full-time,"Negotiation, Customer Retention Strategy, Salesforce, Sales Forecasting, CRM Management, Account-Based Marketing",124201,147909,"Marketing, Sales & Growth"
Social Media Coordinator,Wildflower Cloud Labs,"San Francisco, CA",Full-time,"Content Marketing, Copywriting, Social Media Marketing, Influencer Marketing, Paid Social Advertising, Negotiation",87266,108560,"Marketing, Sales & Growth"
Junior Growth Hacker,Silverlane Group,"Berlin, Germany",Internship,"Paid Social Advertising, Lead Generation, Customer Retention Strategy, Conversion Rate Optimization",21007,42000,"Marketing, Sales & Growth"
Senior SEO Manager,Pinnacle Partners,"Austin, TX",Contract,"Digital Marketing, Content Marketing, SEO, Marketing Analytics, Conversion Rate Optimization, Presentation Skills",113939,143012,"Marketing, Sales & Growth"
VP OF SALES,Onyx Brands,"Austin, TX",Full-time,"CRM Mgmt, Sales Forecasting, Marketing Analytics, Market Research, Public Relations, Growth Hacking, Presentation Skills",148621,161066,"Marketing, Sales & Growth"
Sales Development Representative,Falconhurst Systems,Remote,Internship,"Sales Forecasting, Lead Generation, Account-Based Marketing, CRM Management, Negotiation",24559,42000,"Marketing, Sales & Growth"
Sales Operations Analyst,Cobalt Networks,"Dublin, Ireland",Full-time,"Marketing Analytics, Salesforce, Sales Forecasting, Market Research, Project Management",87287,95493,"Marketing, Sales & Growth"
Intern Social Media Coordinator,Driftwood Growth Co,"Sydney, Australia",Full-time,"Social Media Marketing, Content Marketing, Influencer Marketing, Brand Strategy, Paid Social Advertising, Agile Methodology",26017,31812,"Marketing, Sales & Growth"
Lead Product Marketing Manager,Pinnacle Networks,"Denver, CO",Full-time,"Public Relations, Lead Generation, Brand Strategy, Marketing Analytics, Content Strategy, Market Research",145148,169616,"Marketing, Sales & Growth"
Senior Growth Hacker,Sterling Networks,Remote,Full-time,"Lead Generation, Paid Search Advertising, Paid Social Advertising, Growth Hacking, Conversion Rate Optimization, Public Speaking",114587,149388,"Marketing, Sales & Growth"
Intern Social Media Coordinator,Driftwood Commerce,"Austin, TX",Full-time,"Influencer Marketing, Copywriting, Content Marketing, Brand Strategy, Social Media Marketing, Communication",25628,30192,"Marketing, Sales & Growth"
Email Marketing Specialist,Falconhurst Systems,"London, UK",Contract,"CRM Management, Marketing Analytics, Marketing Automation, Email Marketing, Excel",76121,86615,"Marketing, Sales & Growth"
Digital Marketing Manager,Meridian Brands,"Austin, TX",Internship,"Marketing Automation, Marketing Analytics, Paid Search Advertising, Email Marketing, Digital Marketing, Paid Social Advertising",29377,42000,"Marketing, Sales & Growth"
Lead Content Strategist,Lumen Studio,Remote,Full-time,"Content Marketing, Content Strategy, Social Media Marketing, Public Relations",140858,164413,"Marketing, Sales & Growth"
Senior Growth Hacker,Anchorpoint Analytics,Singapore,Full-time,"Paid Search Advertising, Conversion Rate Optimization, Customer Retention Strategy, Growth Hacking, Paid Social Advertising, Marketing Analytics",106552,119378,"Marketing, Sales & Growth"
Growth Marketer,Cascade Group,"Amsterdam, Netherlands",Contract,"Growth Hacking, Paid Social Advertising, Customer Retention Strategy, Agile Methodology",76976,96357,"Marketing, Sales & Growth"
Manager Digital Marketing Manager,Vertex Bridge Tech,"San Francisco, CA",Full-time,"Paid Social Advertising, Email Marketing, Paid Search Advertising, SEO, Digital Marketing, Public Speaking",122608,137702,"Marketing, Sales & Growth"
Senior Public Relations Specialist,Bluepeak Group,"Denver, CO",Contract,"Public Relations, Content Strategy, Brand Strategy, Copywriting, Market Research, Social Media Marketing, Collaboration",107849,141582,"Marketing, Sales & Growth"
Digital Marketing Manager,Falconhurst Systems,"San Francisco, CA",Full-time,"Email Marketing, Digital Marketing, Marketing Analytics, Paid Social Advertising, Collaboration",86679,108666,"Marketing, Sales & Growth"
Senior Affiliate Marketing Manager,Onyx Solutions,Singapore,Full-time,"Marketing Analytics, Conversion Rate Optimization, Affiliate Marketing, Lead Generation, Digital Marketing, Excel",110297,131514,"Marketing, Sales & Growth"
SEO Manager,Lumen Cloud Labs,Remote,Part-time,"Conversion Rate Optimization, Content Marketing, SEO, Content Strategy, Digital Marketing, Marketing Analytics",48060,57519,"Marketing, Sales & Growth"
Business Development Representative,Timbergate Networks,"Los Angeles, CA",Full-time,"Lead Generation, CRM Management, Sales Forecasting, Collaboration",81531,95700,"Marketing, Sales & Growth"
VP of Sales,Windmere Partners,Remote,Part-time,"Brand Strategy, Sales Forecasting, Public Relations, CRM Management, Growth Hacking, Public Speaking",86950,102446,"Marketing, Sales & Growth"
Senior Sales Manager,Falconhurst Group,"San Francisco, CA",Full-time,"Sales Forecasting, Lead Generation, Salesforce, Negotiation, Customer Retention Strategy, Communication",116347,126446,"Marketing, Sales & Growth"
Junior Account Executive,Redwood Holdings,"Boston, MA",Full-time,"Sales Forecasting, Account-Based Marketing, Negotiation",57592,70947,"Marketing, Sales & Growth"
Social Media Manager,Driftwood Commerce,"Austin, TX",Full-time,"Copywriting, Brand Strategy, Content Marketing, Paid Social Advertising, Negotiation",85850,100317,"Marketing, Sales & Growth"
Manager Digital Marketing Manager,Cobalt Bridge Tech,Remote,Part-time,"Marketing Automation, Digital Marketing, Email Marketing, SEO, Paid Social Advertising, Paid Search Advertising, Collaboration",69125,75050,"Marketing, Sales & Growth"
Senior SEO Manager,Meridian Commerce,"Berlin, Germany",Full-time,"Conversion Rate Optimization, Marketing Analytics, SEO, Digital Marketing, Content Strategy, Content Marketing",119947,132358,"Marketing, Sales & Growth"
Junior Public Relations Specialist,Wildflower Growth Co,Remote,Internship,"Brand Strategy, Content Strategy, Copywriting, Public Relations, Project Management",20136,42000,"Marketing, Sales & Growth"
VP of Sales,Marble Media Group,"Miami, FL",Full-time," Market Research,Market Research, Public Relations, Brand Strategy, Marketing Analytics, CRM Management",157666,184098,"Marketing, Sales & Growth"
Manager Social Media Manager,Wildflower Cloud Labs,"Seattle, WA",Part-time,"Brand Strategy, Content Marketing, Copywriting, Paid Social Advertising, Social Media Marketing, Public Speaking",72822,91739,"Marketing, Sales & Growth"
Junior Brand Strategist,Amberfield Digital,"Boston, MA",Internship,"Marketing Analytics, Market Research, Public Relations, Content Strategy, Social Media Marketing, Brand Strategy, Excel",23616,42000,"Marketing, Sales & Growth"
Intern Social Media Coordinator,Wildflower Analytics,Remote,Internship,"Content Marketing, Brand Strategy, Influencer Marketing",22241,29999,"Marketing, Sales & Growth"
Manager Public Relations Manager,Wildflower Systems,"Boston, MA",Full-time,"Social Media Marketing, Brand Strategy, Copywriting, Public Relations, Content Strategy, Negotiation",120328,153615,"Marketing, Sales & Growth"
Senior Digital Marketing Manager,Pinnacle Partners,Remote,Full-time,"Digital Marketing, Paid Search Advertising, Paid Social Advertising, Marketing Automation, SEO, Marketing Analytics",110694,140671,"Marketing, Sales & Growth"
Manager SEO Manager,Marble Analytics,Remote,Contract,"Marketing Analytics, Conversion Rate Optimization, SEO, Communication",119408,151308,"Marketing, Sales & Growth"
Social Media Manager,Anchorpoint Analytics,"London, UK",Full-time,"Social Media Marketing, Content Marketing, Paid Social Advertising, Copywriting, Brand Strategy",78398,85335,"Marketing, Sales & Growth"
Junior Sales Operations Analyst,Falconhurst Systems,Remote,Full-time,"Salesforce, Sales Forecasting, Excel, Market Research, Marketing Analytics, CRM Management, Collaboration",62221,71182,"Marketing, Sales & Growth"
Digital Marketing Manager,Wildflower Analytics,"Austin, TX",Internship,"Digital Marketing, Paid Social Advertising, Marketing Automation, Email Marketing, Paid Search Advertising",26554,42000,"Marketing, Sales & Growth"
Account Executive,Wildflower Analytics,"Toronto, Canada",Full-time,"Salesforce, Customer Retention Strategy, Sales Forecasting, CRM Management, Account-Based Marketing",82990,100203,"Marketing, Sales & Growth"
Junior SEO Specialist,Granite Bridge Tech,"New York, NY",Full-time,"Marketing Analytics, Digital Marketing, Content Marketing",59693,71278,"Marketing, Sales & Growth"
Manager Public Relations Manager,Cobalt Labs,"Boston, MA",Internship,"Social Media Marketing, Public Relations, Brand Strategy, Public Speaking",21003,42000,"Marketing, Sales & Growth"
Junior Digital Marketing Specialist,Ashgrove Commerce,"San Francisco, CA",Full-time,"Email Marketing, Digital Marketing, Paid Social Advertising, Marketing Analytics, Paid Search Advertising, Marketing Automation",60569,71845,"Marketing, Sales & Growth"
Manager Business Development Manager,Halcyon Cloud Labs,Remote,Full-time,"Negotiation, Customer Retention Strategy, Sales Forecasting, Lead Generation, Account-Based Marketing",122335,137571,"Marketing, Sales & Growth"
Head of Growth,Timbergate Solutions,"Denver, CO",Full-time,"Brand Strategy, Market Research, Sales Forecasting",143452,150220,"Marketing, Sales & Growth"
Email Marketing Specialist,Quartzridge Analytics,"Austin, TX",Full-time,"Marketing Analytics, CRM Management, Email Marketing, Copywriting, Agile Methodology",84941,109462,"Marketing, Sales & Growth"
Sales Operations Analyst,Silverlane Group,Remote,Full-time,"Excel, Salesforce, Marketing Analytics",86035,99529,"Marketing, Sales & Growth"
Senior Brand Manager,Crestline Partners,"Toronto, Canada",Full-time,"Public Relations, Social Media Marketing, Marketing Analytics, Content Strategy, Market Research, Brand Strategy",106966,135724,"Marketing, Sales & Growth"
Senior Brand Strategist,Onyx Partners,Remote,Contract,"Marketing Analytics, Content Strategy, Brand Strategy, Market Research",112196,142880,"Marketing, Sales & Growth"
Manager Affiliate Marketing Manager,Driftwood Growth Co,Remote,Full-time,"Lead Generation, Affiliate Marketing, Conversion Rate Optimization, Digital Marketing, Marketing Analytics, Excel",112321,148756,"Marketing, Sales & Growth"
Senior Growth Marketer,Everline Networks,"Boston, MA",Full-time,"Conversion Rate Optimization, Growth Hacking, Customer Retention Strategy, Presentation Skills",110094,127141,"Marketing, Sales & Growth"
Senior Sales Manager,Cobalt Networks,Remote,Full-time,"CRM Management, Salesforce, Lead Generation, Negotiation, Customer Retention Strategy, Negotiation",111739,138347,"Marketing, Sales & Growth"
VP of Marketing,Silverlane Group,Remote,Full-time,"Public Relations, Market Research, Growth Hacking, Marketing Analytics, Presentation Skills",159960,174888,"Marketing, Sales & Growth"
Affiliate Marketing Manager,Halcyon Interactive,Remote,Full-time,"Conversion Rate Optimization, Affiliate Marketing, Digital Marketing",81008,96611,"Marketing, Sales & Growth"
Growth Marketer,Granite Systems,"Seattle, WA",Full-time,"Growth Hacking, Marketing Analytics, Conversion Rate Optimization, Negotiation",77392,97799,"Marketing, Sales & Growth"
Product Marketing Manager,Wildflower Cloud Labs,"Denver, CO",Internship,"Marketing Analytics, Lead Generation, Content Strategy, Brand Strategy, Market Research",34507,42000,"Marketing, Sales & Growth"
Growth Hacker,Halcyon Interactive,"Sydney, Australia",Internship,"Marketing Analytics, Customer Retention Strategy, Paid Social Advertising, Lead Generation",31829,42000,"Marketing, Sales & Growth"
Lead Business Development Manager,Northgate Cloud Labs,"Sydney, Australia",Full-time,"CRM Management, Customer Retention Strategy, Lead Generation, Account-Based Marketing, Salesforce",136709,147215,"Marketing, Sales & Growth"
SENIOR AFFILIATE MARKETING MANAGER,Brightpath Labs,"Los Angeles, CA",Full-time,"lead generation, Marketing Analytics, Affiliate Marketing, Conversion Rate Optimization",105229,121659,"Marketing, Sales & Growth"
Senior Brand Strategist,Northgate Cloud Labs,Remote,Full-time,"Public Relations, Content Strategy, Marketing Analytics, Collaboration",117965,128267,"Marketing, Sales & Growth"
Business Development Representative,Bluepeak Growth Co,"Toronto, Canada",Full-time,"Account-Based Marketing, Lead Generation, Negotiation",80789,97229,"Marketing, Sales & Growth"
Senior Marketing Analytics Manager,Crestline Interactive,"Atlanta, GA",Full-time,"SQL, Excel, Market Research, Marketing Analytics, Conversion Rate Optimization, Digital Marketing, Negotiation",116749,146830,"Marketing, Sales & Growth"
Manager Social Media Manager,Bluepeak Growth Co,"Amsterdam, Netherlands",Contract,"Brand Strategy, Copywriting, Paid Social Advertising, Influencer Marketing",133353,167205,"Marketing, Sales & Growth"
Marketing Analyst,Basalt Digital,"New York, NY",Full-time,"Marketing Analytics, Market Research, Conversion Rate Optimization, Digital Marketing, Negotiation",85147,96544,"Marketing, Sales & Growth"
Marketing Analyst,Cascade Group,Remote,Internship,"Market Research, Excel, SQL, Marketing Analytics, Conversion Rate Optimization, Digital Marketing",25835,42000,"Marketing, Sales & Growth"
Email Marketing Specialist,Cobalt Networks,"Toronto, Canada",Full-time,"Email Marketing, CRM Management, Marketing Automation, Copywriting, Negotiation",84335,101268,"Marketing, Sales & Growth"
Social Media Manager,Clearwater Digital,"Atlanta, GA",Internship,"Social Media Marketing, Influencer Marketing, Copywriting",21614,42000,"Marketing, Sales & Growth"
Sales Manager,Wildflower Growth Co,"Sydney, Australia",Full-time,"Lead Generation, Customer Retention Strategy, Salesforce, Negotiation, Project Management",78863,103776,"Marketing, Sales & Growth"
Marketing Analyst,Marble Media Group,"Toronto, Canada",Full-time,"Conversion Rate Optimization, Digital Marketing, Marketing Analytics, Market Research",77195,84108,"Marketing, Sales & Growth"
Business Development Manager,Silverlane Group,Remote,Internship,"Negotiation, Sales Forecasting, Customer Retention Strategy, Salesforce, Account-Based Marketing, Lead Generation, Collaboration",33557,42000,"Marketing, Sales & Growth"
Senior Sales Operations Analyst,Auroraline Commerce,"Amsterdam, Netherlands",Full-time,"Excel, CRM Management, Marketing Analytics, Market Research",117461,127912,"Marketing, Sales & Growth"
Lead Growth Manager,Solstice Labs,Remote,Contract,"Customer Retention Strategy, Conversion Rate Optimization, Paid Social Advertising, Paid Search Advertising",130698,147430,"Marketing, Sales & Growth"
Junior Marketing Automation Specialist,Larkspur Holdings,"Seattle, WA",Internship,"Marketing Analytics, Email Marketing, CRM Management, Marketing Automation, Lead Generation, Project Management",25141,42000,"Marketing, Sales & Growth"
Junior Content Strategist,Vertex Bridge Tech,"London, UK",Full-time,"Copywriting, Social Media Marketing, Content Strategy, Email Marketing, SEO, Presentation Skills",55622,71021,"Marketing, Sales & Growth"
Manager CRM Manager,Halcyon Interactive,"San Francisco, CA",Full-time,"CRM Management, Marketing Automation, HubSpot",114884,163412,"Marketing, Sales & Growth"
Social Media Coordinator,Falconhurst Networks,"San Francisco, CA",Full-time,"Copywriting, Social Media Marketing, Brand Strategy, Influencer Marketing, Content Marketing, Collaboration",78949,98249,"Marketing, Sales & Growth"
Senior Content Marketing,Brightpath Systems,Singapore,Full-time,"Content Strategy, Copywriting, Content Marketing, Presentation Skills",115799,124523,"Marketing, Sales & Growth"
Junior Sales Operations Analyst,Wildflower Cloud Labs,"Atlanta, GA",Full-time,"Marketing Analytics, CRM Management, Market Research, Excel, Salesforce",63594,73309,"Marketing, Sales & Growth"
CRM Manager,Ashgrove Commerce,"Berlin, Germany",Full-time,"Customer Retention Strategy, Marketing Automation, HubSpot",87240,102837,"Marketing, Sales & Growth"
VP of Marketing,Havenwood Interactive,"Boston, MA",Full-time,"Sales Forecasting, Public Relations, CRM Management",145358,154146,"Marketing, Sales & Growth"
Manager SEO Manager,Lumen Cloud Labs,"Atlanta, GA",Internship,"Digital Marketing, Content Strategy, Marketing Analytics, Content Marketing, SEO, Conversion Rate Optimization",34366,42000,"Marketing, Sales & Growth"
Lead Business Development Manager,Cobalt Partners,"Sydney, Australia",Full-time,"Lead Generation, Sales Forecasting, Account-Based Marketing, Presentation Skills",140273,162922,"Marketing, Sales & Growth"
Brand Strategist,Cobalt Cloud Labs,"Berlin, Germany",Full-time,"Marketing Analytics, Market Research, Brand Strategy, Content Strategy, Public Relations, Agile Methodology",84730,103664,"Marketing, Sales & Growth"
Senior Account Executive,Bluepeak Growth Co,"Atlanta, GA",Full-time,"Salesforce, CRM Management, Lead Generation, Customer Retention Strategy, Sales Forecasting",110107,148276,"Marketing, Sales & Growth"
  Lead Business Development Manager  ,Crestline Interactive,"Chicago, IL",Full-time,"CRM MANAGEMENT, Account-Based Marketing, Sales Forecasting, Customer Retention Strategy, Agile Methodology",145430,164168,"Marketing, Sales & Growth"
Intern Social Media Coordinator,Meridian Commerce,Remote,Full-time,"Paid Social Advertising, Influencer Marketing, Social Media Marketing, Brand Strategy, Communication",20886,31793,"Marketing, Sales & Growth"
Product Marketing Manager,Pinnacle Partners,"Sydney, Australia",Full-time,"Lead Generation, Market Research, Content Strategy, Marketing Analytics",82108,99019,"Marketing, Sales & Growth"
Head of Growth,Crestline Group,"Miami, FL",Internship,"Market Research, CRM Management, Sales Forecasting, Agile Methodology",24093,42000,"Marketing, Sales & Growth"
Senior Demand Generation Manager,Everline Networks,Remote,Full-time,"Paid Search Advertising, Lead Generation, Marketing Analytics, Agile Methodology",116532,145165,"Marketing, Sales & Growth"
Sales Development Representative,Fernbrook Cloud Labs,"Miami, FL",Full-time,"CRM Management, Account-Based Marketing, Lead Generation, Communication",87703,106534,"Marketing, Sales & Growth"
Brand Strategist,Cobalt Bridge Tech,"Atlanta, GA",Full-time,"Marketing Analytics, Brand Strategy, Public Relations, Content Strategy, Market Research",79424,98433,"Marketing, Sales & Growth"
Account Executive,Onyx Partners,"New York, NY",Full-time,"Account-Based Marketing, Customer Retention Strategy, Sales Forecasting, CRM Management, Public Speaking",78865,102716,"Marketing, Sales & Growth"
Junior Social Media Coordinator,Basalt Digital,Remote,Part-time,"Copywriting, Social Media Marketing, Influencer Marketing, Content Marketing",32508,35725,"Marketing, Sales & Growth"
Manager Brand Manager,Quartzridge Analytics,"Austin, TX",Full-time,"Marketing Analytics, Market Research, Content Strategy, Agile Methodology",128314,163619,"Marketing, Sales & Growth"
Junior Business Development Representative,Onyx Partners,"Dublin, Ireland",Full-time,"Sales Forecasting, Negotiation, Salesforce, Account-Based Marketing, Public Speaking",58002,62077,"Marketing, Sales & Growth"
Senior Email Marketing Specialist,Windmere Partners,"Dublin, Ireland",Part-time,"Copywriting, CRM Management, Email Marketing, Marketing Automation, Lead Generation, Marketing Analytics, Presentation Skills",64779,78427,"Marketing, Sales & Growth"
Lead Sales Manager,Bluepeak Brands,"London, UK",Full-time,"Account-Based Marketing, Lead Generation, CRM Management, Sales Forecasting",134559,163991,"Marketing, Sales & Growth"
VP of Marketing,Amberfield Bridge Tech,"Amsterdam, Netherlands",Full-time,"Growth Hacking, CRM Management, Marketing Analytics, Public Relations, Negotiation",146193,169498,"Marketing, Sales & Growth"
Junior Social Media Coordinator,Havenwood Growth Co,"New York, NY",Contract,"Brand Strategy, Content Marketing, Influencer Marketing, Paid Social Advertising, Negotiation",56433,75208,"Marketing, Sales & Growth"
Senior Sales Operations Analyst,Ironwood Solutions,"San Francisco, CA",Full-time,"Excel, Salesforce, CRM Management, Market Research",112898,136053,"Marketing, Sales & Growth"
Senior Digital Marketing Specialist,Lumen Digital,"Amsterdam, Netherlands",Full-time,"SEO, Email Marketing, Digital Marketing, Paid Search Advertising, Marketing Automation, Paid Social Advertising, Communication",118674,147464,"Marketing, Sales & Growth"
Product Marketing Manager,Wildflower Growth Co,Remote,Full-time,"Brand Strategy, Lead Generation, Public Relations, Content Strategy, Marketing Analytics, Market Research",84431,106511,"Marketing, Sales & Growth"
Senior Email Marketing Specialist,Wildflower Systems,"New York, NY",Full-time,"Lead Generation, Marketing Automation, Copywriting, CRM Management",101232,109157,"Marketing, Sales & Growth"
Senior Digital Marketing Specialist,Lumen Cloud Labs,"Denver, CO",Full-time,"Marketing Analytics, Marketing Automation, SEO, Paid Social Advertising",114425,125796,"Marketing, Sales & Growth"
Brand Strategist,Timbergate Solutions,"Boston, MA",Full-time,"Social Media Marketing, Public Relations, Marketing Analytics, Market Research, Brand Strategy, Project Management",77225,102932,"Marketing, Sales & Growth"
Lead SEO Specialist,Brightpath Labs,"Austin, TX",Part-time,"Content Marketing, SEO, Digital Marketing, Content Strategy, Conversion Rate Optimization, Marketing Analytics, Excel",77149,95207,"Marketing, Sales & Growth"
Lead Growth Marketer,Clearwater Brands,"London, UK",Full-time,"Conversion Rate Optimization, Lead Generation, Growth Hacking, Negotiation",146989,160027,"Marketing, Sales & Growth"
Manager Demand Generation Manager,Granite Ventures,"Portland, OR",Full-time,"CRM Management, Lead Generation, Marketing Automation, MARKETING ANALYTICS, Agile Methodology",122374,148932,"Marketing, Sales & Growth"
Junior Marketing Analyst,Bluepeak Growth Co,"Boston, MA",Full-time,"Excel, Digital Marketing, Conversion Rate Optimization, Marketing Analytics, Market Research, SQL",64571,69000,"Marketing, Sales & Growth"
Junior Marketing Analyst,Cascade Ventures,"San Francisco, CA",Internship,"Market Research, SQL, Conversion Rate Optimization, Digital Marketing, Marketing Analytics, Excel",31163,42000,"Marketing, Sales & Growth"
Lead Demand Generation Manager,Everline Networks,Remote,Full-time,"Marketing Analytics, Marketing Automation, Paid Search Advertising, Account-Based Marketing, Lead Generation, CRM Management, Negociation",132970,173222,"Marketing, Sales & Growth"
Intern Marketing Analyst,Onyx Partners,Remote,Full-time,"Market Research, Conversion Rate Optimization, SQL, Negotiation",22702,29011,"Marketing, Sales & Growth"
Sales Manager,Wildflower Growth Co,"Chicago, IL",Part-time,"Negotiation, Salesforce, Lead Generation, CRM Management, Sales Forecasting, Account-Based Marketing, Public Speaking",47966,59639,"Marketing, Sales & Growth"
Senior Marketing Automation Specialist,Ironwood Solutions,"New York, NY",Part-time,"Marketing Analytics, CRM Management, Lead Generation, HubSpot, Email Marketing, Marketing Automation, Presentation Skills",64735,70238,"Marketing, Sales & Growth"
Junior Growth Hacker,Wildflower Analytics,"New York, NY",Part-time,"Paid Social Advertising, Marketing Analytics, Growth Hacking, Conversion Rate Optimization",30402,33772,"Marketing, Sales & Growth"
Email Marketing Specialist,Northgate Cloud Labs,"Chicago, IL",Internship,"Lead Generation, Marketing Automation, Marketing Analytics, Copywriting, Email Marketing, CRM Management, Public Speaking",34242,42000,"Marketing, Sales & Growth"
Manager Influencer Marketing Manager,Havenwood Systems,Remote,Part-time,"Brand Strategy, Marketing Analytics, Content Marketing, Social Media Marketing, Influencer Marketing, Public Speaking",73084,81670,"Marketing, Sales & Growth"
Account Executive,Vertex Partners,Singapore,Internship,"Sales Forecasting, Lead Generation, Negotiation, CRM Management, Account-Based Marketing",20991,42000,"Marketing, Sales & Growth"
Lead SEO Specialist,Havenwood Systems,Remote,Full-time,"Digital Marketing, Conversion Rate Optimization, Content Marketing, Content Strategy, SEO",147309,170193,"Marketing, Sales & Growth"
Junior Business Development Representative,Solstice Labs,"Sydney, Australia",Full-time,"Sales Forecasting, Negotiation, Salesforce",60836,76964,"Marketing, Sales & Growth"
Social Media Manager,Bluepeak Growth Co,"Toronto, Canada",Full-time,"Copywriting, Content Marketing, Social Media Marketing, Brand Strategy, Paid Social Advertising, Influencer Marketing",86130,105652,"Marketing, Sales & Growth"
Junior Content Marketing,Ironwood Partners,"Austin, TX",Full-time,"SEO, Email Marketing, Content Strategy, Social Media Marketing, Public Relations",60373,64522,"Marketing, Sales & Growth"
Social Media Coordinator,Crestline Interactive,"Denver, CO",Full-time,"Paid Social Advertising, Content Marketing, Copywriting, Brand Strategy, Collaboration",88840,99406,"Marketing, Sales & Growth"
Junior Digital Marketing Specialist,Cobalt Labs,"Sydney, Australia",Contract,"SEO, Marketing Analytics, Marketing Automation",56937,66185,"Marketing, Sales & Growth"
Manager CRM Manager,Meridian Brands,"Amsterdam, Netherlands",Full-time,"Sales Forecasting, Customer Retention Strategy, Salesforce, CRM Management, Marketing Automation, HubSpot, Communication",130553,161720,"Marketing, Sales & Growth"
VP of Marketing,Brightpath Systems,"Seattle, WA",Full-time,"Marketing Analytics, Public Relations, Brand Strategy, Market Research, Presentation Skills",147177,164834,"Marketing, Sales & Growth"
  Intern Copywriter  ,Bluepeak Brands,"Dublin, Ireland",Full-time,"Public Relations, Social Media Marketing, SEO, content marketing, Content Strategy, Copywriting",25631,32194,"Marketing, Sales & Growth"
VP of Marketing,Solstice Bridge Tech,Singapore,Full-time,"Public Relations, Sales Forecasting, Growth Hacking, CRM Management, Brand Strategy, Collaboration",134072,173276,"Marketing, Sales & Growth"
Senior Brand Manager,Vertex Analytics,Remote,Full-time,"Marketing Analytics, Social Media Marketing, Public Relations, Market Research",106919,119795,"Marketing, Sales & Growth"
Senior Email Marketing Specialist,Pinnacle Networks,"Chicago, IL",Part-time,"Lead Generation, CRM Management, Copywriting, Marketing Automation, Marketing Analytics, Email Marketing",55433,70590,"Marketing, Sales & Growth"
Senior Affiliate Marketing Manager,Wildflower Cloud Labs,"San Francisco, CA",Full-time,"Marketing Analytics, Lead Generation, Affiliate Marketing, Communication",116373,144186,"Marketing, Sales & Growth"
Senior Sales Operations Analyst,Sterling Networks,Remote,Full-time,"CRM Management, Marketing Analytics, Sales Forecasting, Excel",115243,146287,"Marketing, Sales & Growth"
Intern Marketing Analyst,Auroraline Commerce,Remote,Internship,"Conversion Rate Optimization, SQL, Market Research, Presentation Skills",20233,31167,"Marketing, Sales & Growth"
Lead Content Strategist,Cobalt Labs,Remote,Full-time,"Content Strategy, Copywriting, Social Media Marketing, Content Marketing, Negotiation",134137,165442,"Marketing, Sales & Growth"
Senior SEO Manager,Falconhurst Media Group,"Austin, TX",Full-time,"Content Marketing, Content Strategy, Marketing Analytics, Conversion Rate Optimization, SEO, Digital Marketing, Excel",104402,142651,"Marketing, Sales & Growth"
VP of Sales,Bluepeak Group,"Amsterdam, Netherlands",Full-time,"Brand Strategy, Public Relations, Growth Hacking",138820,149898,"Marketing, Sales & Growth"
Manager Demand Generation Manager,Onyx Brands,Remote,Part-time,"Account-Based Marketing, Marketing Automation, CRM Management, Marketing Analytics, Paid Search Advertising",62266,75413,"Marketing, Sales & Growth"
Senior Brand Strategist,Vertex Analytics,"San Francisco, CA",Contract,"Public Relations, Marketing Analytics, Market Research, Social Media Marketing, Content Strategy, Brand Strategy, Presentation Skills",114103,123730,"Marketing, Sales & Growth"
Social Media Manager,Sterling Networks,"London, UK",Full-time,"Paid Social Advertising, Content Marketing, Brand Strategy, Copywriting, Influencer Marketing, Social Media Marketing, Negotiation",82224,102850,"Marketing, Sales & Growth"
Manager Influencer Marketing Manager,Auroraline Commerce,"Atlanta, GA",Full-time,"Social Media Marketing, Content Marketing, Brand Strategy, Communication",121537,163625,"Marketing, Sales & Growth"
Lead Growth Manager,Onyx Brands,"London, UK",Internship,"Conversion Rate Optimization, Customer Retention Strategy, Paid Social Advertising, Excel",30449,42000,"Marketing, Sales & Growth"
Marketing Analyst,Halcyon Cloud Labs,"Sydney, Australia",Full-time,"Conversion Rate Optimization, Market Research, Digital Marketing, Excel, SQL, Presentation Skills",88085,105617,"Marketing, Sales & Growth"
Intern Content Marketing,Clearwater Digital,"Miami, FL",Contract,"Public Relations, Content Marketing, SEO, Copywriting",26421,32651,"Marketing, Sales & Growth"
Brand Strategist,Granite Systems,"Chicago, IL",Contract,"Marketing Analytics, Public Relations, Content Strategy, Brand Strategy, Market Research, Social Media Marketing",77378,84896,"Marketing, Sales & Growth"
Senior Email Marketing Specialist,Meridian Brands,"San Francisco, CA",Full-time,"Marketing Automation, Lead Generation, Marketing Analytics, Copywriting, CRM Management, Email Marketing",112221,129384,"Marketing, Sales & Growth"
Senior Sales Operations Analyst,Clearwater Brands,Remote,Full-time,"Market Research, Salesforce, Excel, Marketing Analytics, CRM Management",103458,142100,"Marketing, Sales & Growth"
MANAGER SEO MANAGER,Marble Media Group,Remote,Full-time,"Digital Marketing, Conversion Rate Optimization, Content Marketing, Content Strategy, collaboration",133743,151153,"Marketing, Sales & Growth"
Manager Content Marketing,Vertex Bridge Tech,Singapore,Internship,"Public Relations, Content Marketing, Content Strategy, Email Marketing, Agile Methodology",28662,42000,"Marketing, Sales & Growth"
Senior Marketing Analyst,Basalt Digital,"Sydney, Australia",Part-time,"Excel, Market Research, Digital Marketing, Marketing Analytics, SQL, Negotiation",62332,79448,"Marketing, Sales & Growth"
Junior Account Executive,Larkspur Networks,Remote,Full-time,"Sales Forecasting, Account-Based Marketing, Negotiation, Customer Retention Strategy, Lead Generation",61364,66213,"Marketing, Sales & Growth"
Social Media Manager,Northgate Cloud Labs,"Los Angeles, CA",Full-time,"Copywriting, Brand Strategy, Social Media Marketing, Paid Social Advertising, Influencer Marketing",81246,87691,"Marketing, Sales & Growth"
Business Development Representative,Larkspur Holdings,Remote,Full-time,"Lead Generation, Account-Based Marketing, CRM Management, Salesforce, Negotiation, Negotiation",81552,96165,"Marketing, Sales & Growth"
Sales Operations Analyst,Wildflower Analytics,Singapore,Full-time,"CRM Management, Excel, Marketing Analytics, Sales Forecasting, Salesforce, Market Research",85385,98593,"Marketing, Sales & Growth"
Junior Public Relations Specialist,Pinnacle Ventures,"Amsterdam, Netherlands",Full-time,"Copywriting, Brand Strategy, Public Relations",59974,65365,"Marketing, Sales & Growth"
VP of Marketing,Granite Systems,"San Francisco, CA",Full-time,"Brand Strategy, Market Research, CRM Management, Excel",156567,181682,"Marketing, Sales & Growth"
Affiliate Marketing Manager,Havenwood Systems,"Miami, FL",Full-time,"Conversion Rate Optimization, Affiliate Marketing, Lead Generation, Digital Marketing, Marketing Analytics",87673,107942,"Marketing, Sales & Growth"
Marketing Analytics Manager,Crestline Partners,Singapore,Full-time,"Excel, Conversion Rate Optimization, SQL, Marketing Analytics, Market Research, Digital Marketing, Communication",83398,105936,"Marketing, Sales & Growth"
VP of Sales,Cobalt Networks,Remote,Full-time,"Growth Hacking, Marketing Analytics, Market Research, Collaboration",147640,158635,"Marketing, Sales & Growth"
Intern Marketing Analyst,Onyx Partners,"Los Angeles, CA",Full-time,"Excel, SQL, Marketing Analytics, Market Research, Conversion Rate Optimization, Negotiation",21155,33880,"Marketing, Sales & Growth"
Lead Growth Manager,Redwood Holdings,Remote,Full-time,"Growth Hacking, Marketing Analytics, Paid Search Advertising",140066,163181,"Marketing, Sales & Growth"
Sales Development Representative,BRIGHTPATH LABS,"Chicago, IL",Internship," Account-Based Marketing,Account-Based Marketing, Salesforce, Sales Forecasting, CRM Management, Negotiation, Lead Generation, Presentation Skills",26430,42000,"Marketing, Sales & Growth"
Manager Marketing Analytics Manager,Amberfield Bridge Tech,"Berlin, Germany",Full-time,"Marketing Analytics, SQL, Conversion Rate Optimization, Market Research, Digital Marketing, Excel, Presentation Skills",111232,163303,"Marketing, Sales & Growth"
Manager CRM Manager,ONYX PARTNERS,Remote,Part-time,"Salesforce, CRM Management, HubSpot, SALES FORECASTING, Marketing Automation",63810,93074,"Marketing, Sales & Growth"
Lead Content Strategist,Cobalt Labs,"London, UK",Full-time,"Content Marketing, Copywriting, Content Strategy, Social Media Marketing, SEO",147579,166560,"Marketing, Sales & Growth"
Intern Marketing Analyst,Cobalt Partners,"Berlin, Germany",Part-time,"SQL, Excel, Marketing Analytics, Digital Marketing, Market Research, Project Management",12636,18333,"Marketing, Sales & Growth"
Senior Marketing Automation Specialist,Marble Media Group,"London, UK",Full-time,"Lead Generation, Marketing Automation, CRM Management, HubSpot, Excel",100976,145137,"Marketing, Sales & Growth"
VP of Sales,Fernbrook Cloud Labs,"San Francisco, CA",Full-time," Market Research,Market Research, Marketing Analytics, Public Relations, Sales Forecasting, Agile Methodology",146535,166172,"Marketing, Sales & Growth"
Lead SEO Specialist,Lumen Cloud Labs,Remote,Full-time,"Digital Marketing, Marketing Analytics, SEO, Content Strategy, Content Marketing, Communication",143674,165299,"Marketing, Sales & Growth"
Sales Development Representative,Lumen Cloud Labs,"Austin, TX",Full-time,"Salesforce, CRM Management, Account-Based Marketing, Lead Generation",81619,97386,"Marketing, Sales & Growth"
Manager Social Media Manager,Marble Analytics,"New York, NY",Internship,"Brand Strategy, Social Media Marketing, Copywriting, Content Marketing, Paid Social Advertising, Influencer Marketing",28900,42000,"Marketing, Sales & Growth"
Manager Growth Manager,Larkspur Holdings,"Sydney, Australia",Part-time,"Paid Social Advertising, Customer Retention Strategy, Marketing Analytics, Conversion Rate Optimization",71317,87995,"Marketing, Sales & Growth"
Public Relations Manager,Meridian Brands,"Denver, CO",Part-time,"Market Research, Social Media Marketing, Brand Strategy",41888,46138,"Marketing, Sales & Growth"
Social Media Manager,Ironwood Commerce,"Dublin, Ireland",Full-time,"Paid Social Advertising, Brand Strategy, Social Media Marketing, Copywriting, Influencer Marketing, Content Marketing, Project Management",79633,100308,"Marketing, Sales & Growth"
Email Marketing Specialist,Granite Ventures,"Berlin, Germany",Full-time,"Copywriting, CRM Management, Email Marketing, Marketing Automation",81443,103280,"Marketing, Sales & Growth"
Intern Social Media Coordinator,Onyx Brands,"Sydney, Australia",Contract,"Paid Social Advertising, Influencer Marketing, Brand Strategy, Social Media Marketing",27308,37451,"Marketing, Sales & Growth"
Copywriter,Cascade Growth Co,Remote,Internship,"Content Marketing, Social Media Marketing, SEO, Content Strategy",25690,42000,"Marketing, Sales & Growth"
Lead SEO Specialist,Bluepeak Growth Co,"Sydney, Australia",Internship,"Conversion Rate Optimization, Digital Marketing, SEO",27658,42000,"Marketing, Sales & Growth"
Head of Growth,Amberfield Digital,Remote,Full-time,"CRM Management, Brand Strategy, Market Research, Marketing Analytics, Growth Hacking, Negotiation",148302,163304,"Marketing, Sales & Growth"
Junior Sales Operations Analyst,Silverlane Group,"Austin, TX",Full-time,"Marketing Analytics, Salesforce, Sales Forecasting, CRM Management, Agile Methodology",62661,74529,"Marketing, Sales & Growth"
Lead Marketing Automation Specialist,Basalt Marketing Collective,"Seattle, WA",Full-time,"Email Marketing, HubSpot, Marketing Automation, Lead Generation, Marketing Analytics, CRM Management, Collaboration",134589,170507,"Marketing, Sales & Growth"
Lead Content Strategist,Emberly Marketing Collective,Remote,Full-time,"SEO, Social Media Marketing, Copywriting, Content Strategy, Public Relations, Content Marketing",137439,162704,"Marketing, Sales & Growth"
Account Executive,Wildflower Systems,Singapore,Part-time,"Customer Retention Strategy, Salesforce, Sales Forecasting, Lead Generation, CRM Management, Project Management",46013,50987,"Marketing, Sales & Growth"
Lead Copywriter,Marble Systems,"Toronto, Canada",Internship,"Content Strategy, Public Relations, Email Marketing, SEO, Social Media Marketing, Copywriting",27047,42000,"Marketing, Sales & Growth"
Junior Content Strategist,Clearwater Digital,"New York, NY",Internship,"Public Relations, Copywriting, Content Marketing, Public Speaking",26027,42000,"Marketing, Sales & Growth"
Manager Business Development Manager,Halcyon Interactive,"Miami, FL",Full-time,"Account-Based Marketing, Salesforce, Sales Forecasting, CRM Management, Lead Generation, Negotiation",129585,163754,"Marketing, Sales & Growth"
Senior Product Marketing Manager,Solstice Labs,"San Francisco, CA",Part-time,"Content Strategy, Marketing Analytics, Lead Generation, Brand Strategy, Market Research",61315,70737,"Marketing, Sales & Growth"
Junior Account Executive,Pinnacle Networks,"Seattle, WA",Internship,"Lead Generation, CRM Management, Salesforce, Negotiation, Account-Based Marketing, Project Management",25305,42000,"Marketing, Sales & Growth"
Growth Manager,Falconhurst Systems,Remote,Full-time,"Paid Social Advertising, Lead Generation, Marketing Analytics, Presentation Skills",79946,101683,"Marketing, Sales & Growth"
Junior Sales Operations Analyst,Sterling Networks,"Sydney, Australia",Internship,"Marketing Analytics, Excel, Market Research, Sales Forecasting, Salesforce",29065,42000,"Marketing, Sales & Growth"
Lead Business Development Manager,Falconhurst Group,"Denver, CO",Full-time,"Account-Based Marketing, Customer Retention Strategy, Negotiation, Sales Forecasting, Salesforce, CRM Management, Communication",147144,173114,"Marketing, Sales & Growth"
Demand Generation Manager,WINDMERE PARTNERS,"Austin, TX",Full-time,"Lead Generation, CRM Management, Paid Search Advertising,   Collaboration  ",80078,103682,"Marketing, Sales & Growth"
MANAGER DIGITAL MARKETING MANAGER,Lumen Digital,Remote,Full-time,"Marketing Automation, Digital Mktg, Marketing Analytics, Email Marketing, Paid Social Advertising, Public Speaking",118731,138622,"Marketing, Sales & Growth"
Senior CRM Manager,Halcyon Cloud Labs,"Austin, TX",Full-time,"Customer Retention Strategy, Sales Forecasting, CRM Management",101076,124368,"Marketing, Sales & Growth"
Manager Digital Marketing Manager,Crestline Interactive,"Amsterdam, Netherlands",Full-time,"Marketing Analytics, Email Marketing, Marketing Automation, Paid Social Advertising, Paid Search Advertising, Presentation Skills",120290,139204,"Marketing, Sales & Growth"
SEO Manager,Lumen Studio,"Austin, TX",Full-time,"Content Strategy, Digital Marketing, Conversion Rate Optimization, Marketing Analytics, Negotiation",83986,93295,"Marketing, Sales & Growth"
Social Media Manager,Marble Systems,"Sydney, Australia",Part-time,"Influencer Marketing, Copywriting, Paid Social Advertising, Social Media Marketing, Collaboration",41951,56860,"Marketing, Sales & Growth"
Junior Public Relations Specialist,Wildflower Analytics,Remote,Full-time,"Public Relations, Content Strategy, Brand Strategy, Agile Methodology",60047,77064,"Marketing, Sales & Growth"
Junior Email Marketing Specialist,Wildflower Growth Co,Singapore,Part-time,"CRM Management, Copywriting, Marketing Automation, Lead Generation, Marketing Analytics, Email Marketing, Excel",34266,39915,"Marketing, Sales & Growth"
Senior Content Strategist,Granite Bridge Tech,"Portland, OR",Full-time,"Copywriting, SEO, Public Relations, Content Strategy, Content Marketing",104269,136186,"Marketing, Sales & Growth"
Affiliate Marketing Manager,Cobalt Cloud Labs,Remote,Internship,"Affiliate Marketing, Marketing Analytics, Lead Generation, Conversion Rate Optimization, Digital Marketing, Excel",34349,42000,"Marketing, Sales & Growth"
Brand Manager,Northgate Cloud Labs,"Amsterdam, Netherlands",Internship,"Public Relations, Brand Strategy, Marketing Analytics",23960,42000,"Marketing, Sales & Growth"
Head of Growth,Falconhurst Media Group,"Denver, CO",Internship,"Brand Strategy, CRM Management, Sales Forecasting, Public Relations, Growth Hacking, Negotiation",32442,42000,"Marketing, Sales & Growth"
Senior Growth Marketer,Fernbrook Cloud Labs,"Los Angeles, CA",Contract,"Lead Generation, Paid Search Advertising, Conversion Rate Optimization, Marketing Analytics, Public Speaking",103074,112820,"Marketing, Sales & Growth"
PUBLIC RELATIONS MANAGER,Lumen Digital,"Boston, MA",Full-time,"Content Strategy, Public Relations, Brand Strategy, Copywritting, Project Management",75396,109690,"Marketing, Sales & Growth"
VP of Marketing,Larkspur Holdings,"Boston, MA",Full-time,"Growth Hacking, CRM Management, Public Relations, Presentation Skills",159905,185015,"Marketing, Sales & Growth"
Brand Strategist,Cascade Growth Co,"Berlin, Germany",Contract,"Public Relations, Market Research, Marketing Analytics",85696,106294,"Marketing, Sales & Growth"
Senior Digital Marketing Manager,Lumen Digital,"Austin, TX",Full-time,"Digital Marketing, Paid Search Advertising, SEO, Paid Social Advertising, Marketing Automation, Excel",119161,145409,"Marketing, Sales & Growth"
Intern Copywriter,Bluepeak Brands,"Chicago, IL",Full-time,"Social Media Marketing, Copywriting, SEO, Excel",20182,28818,"Marketing, Sales & Growth"
Manager Product Marketing Manager,Lumen Studio,"Denver, CO",Full-time,"Lead Generation, Market Research, Marketing Analytics, Public Relations, Negotiation",126122,141984,"Marketing, Sales & Growth"
Manager Product Marketing Manager,Vertex Bridge Tech,"Chicago, IL",Full-time,"Public Relations, Marketing Analytics, Brand Strategy, Content Strategy, Market Research",119888,145353,"Marketing, Sales & Growth"
Public Relations Specialist,Cobalt Networks,Remote,Full-time,"Copywriting, Content Strategy, Brand Strategy, Public Relations, Communication",88918,97877,"Marketing, Sales & Growth"
Marketing Analyst,Silverlane Group,"Miami, FL",Contract,"Conversion Rate Optimization, Excel, Digital Marketing",78831,97372,"Marketing, Sales & Growth"
Lead Growth Manager,Lumen Digital,Remote,Internship,"Lead Generation, Paid Search Advertising, Paid Social Advertising, Conversion Rate Optimization, Public Speaking",28729,42000,"Marketing, Sales & Growth"
Product Marketing Manager,Rosemount Analytics,"Chicago, IL",Internship,"Lead Generation, Brand Strategy, Market Research, Public Relations, Marketing Analytics, Content Strategy",29172,42000,"Marketing, Sales & Growth"
  VP of Sales  ,Crestline Partners,Remote,Contract,"Marketing Analitics, Public Relations, Brand Strategy, Market Research, CRM Management, Presentation Skills",159202,182130,"Marketing, Sales & Growth"
Account Executive,Brightpath Labs,"Dublin, Ireland",Internship,"Lead Generation, Negotiation, Account-Based Marketing",22441,42000,"Marketing, Sales & Growth"
Junior Growth Marketer,Northgate Cloud Labs,"Austin, TX",Internship,"Conversion Rate Optimization, Paid Search Advertising, Customer Retention Strategy, Marketing Analytics, Growth Hacking",20823,42000,"Marketing, Sales & Growth"
Lead Growth Marketer,Cobalt Partners,"Chicago, IL",Part-time,"Conversion Rate Optimization, Paid Search Advertising, Customer Retention Strategy, Lead Generation, Growth Hacking",74800,91550,"Marketing, Sales & Growth"
Senior Content Strategist,Falconhurst Solutions,"London, UK",Full-time,"Content Marketing, Social Media Marketing, Email Marketing, Content Strategy, Copywriting",101702,114741,"Marketing, Sales & Growth"
Intern Content Marketing,Auroraline Commerce,"Dublin, Ireland",Internship,"Public Relations, Email Marketing, Social Media Marketing, Copywriting, Content Strategy, SEO, Negotiation",20538,26809,"Marketing, Sales & Growth"
Digital Marketing Specialist,Ironwood Solutions,Remote,Full-time,"Marketing Analytics, MARKETING AUTOMATION, Digital Marketing",81806,109908,"Marketing, Sales & Growth"
Senior Marketing Analyst,Pinnacle Partners,"Los Angeles, CA",Internship,"Market Research, Digital Marketing, Marketing Analytics, Excel, Conversion Rate Optimization, SQL",27319,42000,"Marketing, Sales & Growth"
Junior Marketing Automation Specialist,Cascade Growth Co,"Seattle, WA",Part-time,"Email Marketing, Lead Generation, Marketing Analytics",30632,42766,"Marketing, Sales & Growth"
Senior Marketing Analyst,Wildflower Cloud Labs,"Atlanta, GA",Full-time,"Digital Marketing, SQL, Market Research, Conversion Rate Optimization, Communication",105730,130198,"Marketing, Sales & Growth"
Junior Social Media Coordinator,Ironwood Solutions,"Portland, OR",Full-time,"Copywriting, Social Media Marketing, Brand Strategy, Paid Social Advertising, Communication",57990,61897,"Marketing, Sales & Growth"
Brand Strategist,Cobalt Cloud Labs,"Dublin, Ireland",Full-time,"Public Relations, Market Research, Brand Strategy, Public Speaking",79310,97614,"Marketing, Sales & Growth"
Intern Business Development Representative,Falconhurst Group,"Chicago, IL",Full-time,"Sales Forecasting, Lead Generation, Account-Based Marketing, Negotiation, CRM Management, Communication",24232,34468,"Marketing, Sales & Growth"
Growth Hacker,Amberfield Digital,"Denver, CO",Full-time,"Growth Hacking, Lead Generation, Customer Retention Strategy, Paid Social Advertising, Conversion Rate Optimization, Marketing Analytics, Collaboration",76843,107824,"Marketing, Sales & Growth"
Head of Growth,Pinnacle Ventures,"Boston, MA",Full-time,"Market Research, Brand Strategy, CRM Management, Public Relations, Marketing Analytics, Growth Hacking, Collaboration",146588,174069,"Marketing, Sales & Growth"
VP of Marketing,Havenwood Systems,Remote,Full-time,"Market Research, CRM Management, Marketing Analytics, Collaboration",151798,178635,"Marketing, Sales & Growth"
Senior Brand Manager,Vertex Bridge Tech,"Berlin, Germany",Contract,"Content Strategy, Marketing Analytics, Public Relations, Market Research, Brand Strategy, Social Media Marketing",113215,143530,"Marketing, Sales & Growth"
Copywriter,Auroraline Commerce,"Portland, OR",Full-time,"Content Marketing, Social Media Marketing, SEO, Email Marketing, Copywriting, Public Relations, Negotiation",76189,102207,"Marketing, Sales & Growth"
Lead Copywriter,Emberly Marketing Collective,"Amsterdam, Netherlands",Full-time,"Copywriting, Content Marketing, Public Relations, Presentation Skills",147704,160424,"Marketing, Sales & Growth"
VP OF SALES,Cobalt Networks,"Amsterdam, Netherlands",Full-time,"MARKET RESEARCH, Sales Forecasting, Marketing Analytics, Project Management",157967,178184,"Marketing, Sales & Growth"
Digital Marketing Specialist,Falconhurst Group,"Boston, MA",Full-time,"Marketing Automation, Email Marketing, Marketing Analytics, Paid Search Advertising, SEO, Digital Marketing",88979,106365,"Marketing, Sales & Growth"
Junior Brand Strategist,Pinnacle Ventures,"Boston, MA",Contract,"Market Research, Social Media Marketing, Content Strategy, Marketing Analytics, Brand Strategy, Public Relations",62716,67626,"Marketing, Sales & Growth"
VP of Sales,Brightpath Labs,"San Francisco, CA",Contract,"Brand Strategy, Public Relations, Growth Hacking, Marketing Analytics, Sales Forecasting, Communication",130000,155564,"Marketing, Sales & Growth"
Lead Business Development Manager,Crestline Interactive,"Denver, CO",Full-time,"Salesforce, Account-Based Marketing, CRM Management, Lead Generation, Sales Forecasting, Customer Retention Strategy, Public Speaking",132795,140141,"Marketing, Sales & Growth"
Sales Development Representative,Timbergate Networks,Remote,Full-time,"Negotiation, Account-Based Marketing, Lead Generation, Sales Forecasting, Salesforce, CRM Management, Presentation Skills",79255,96326,"Marketing, Sales & Growth"
Lead Content Strategist,Falconhurst Solutions,"San Francisco, CA",Full-time,"Public Relations, Content Strategy, Content Marketing, Social Media Marketing, Collaboration",143874,161033,"Marketing, Sales & Growth"
Senior Sales Operations Analyst,Meridian Brands,Singapore,Internship,"CRM Management, Salesforce, Market Research, Excel, Communication",29331,42000,"Marketing, Sales & Growth"
Lead Growth Manager,Anchorpoint Analytics,"Seattle, WA",Full-time,"Customer Retention Strategy, Lead Generation, Paid Social Advertising, Marketing Analytics",147241,156647,"Marketing, Sales & Growth"
Manager Affiliate Marketing Manager,Vertex Bridge Tech,"Miami, FL",Full-time,"Affiliate Marketing, Digital Marketing, Conversion Rate Optimization, Marketing Analytics, Lead Generation, Project Management",119837,149245,"Marketing, Sales & Growth"
Junior Business Development Representative,Basalt Marketing Collective,Remote,Full-time,"CRM Management, Salesforce, Negotiation, Account-Based Marketing, Sales Forecasting, Public Speaking",64764,78439,"Marketing, Sales & Growth"
Digital Marketing Specialist,Windmere Bridge Tech,"Sydney, Australia",Full-time,"Paid Search Advertising, Marketing Automation, Email Marketing, SEO, Paid Social Advertising",86033,106208,"Marketing, Sales & Growth"
Senior Marketing Automation Specialist,Pinnacle Partners,Remote,Full-time,"Email Marketing, CRM Management, HubSpot, Lead Generation",112199,144640,"Marketing, Sales & Growth"
Senior Marketing Analytics Manager,Fernbrook Cloud Labs,"Atlanta, GA",Contract,"Marketing Analytics, Digital Marketing, Excel, SQL, Market Research, Conversion Rate Optimization, Presentation Skills",107409,147969,"Marketing, Sales & Growth"
Junior Growth Hacker,Havenwood Interactive,Remote,Full-time,"Marketing Analytics, Growth Hacking, Paid Social Advertising, Lead Generation, Conversion Rate Optimization, Negotiation",56364,68449,"Marketing, Sales & Growth"
Manager Product Marketing Manager,Cobalt Bridge Tech,"Los Angeles, CA",Internship,"Public Relations, Brand Strategy, Market Research, Content Strategy, Lead Generation, Marketing Analytics, Project Management",32040,42000,"Marketing, Sales & Growth"
Senior Sales Manager,Onyx Partners,Remote,Full-time,"Negotiation, Account-Based Marketing, Lead Generation, Salesforce, Sales Forecasting, Excel",104542,131690,"Marketing, Sales & Growth"
Senior Growth Marketer,Windmere Bridge Tech,"Austin, TX",Full-time,"Lead Generation, Paid Search Advertising, Marketing Analytics, Excel",109660,148151,"Marketing, Sales & Growth"
VP of Marketing,Vertex Bridge Tech,"Toronto, Canada",Part-time,"Market Research, Marketing Analytics, Sales Forecasting, Public Speaking",87704,97345,"Marketing, Sales & Growth"
Copywriter,Halcyon Cloud Labs,"Miami, FL",Full-time,"SEO, Content Strategy, Copywriting, Content Marketing, Public Relations, Social Media Marketing, Agile Methodology",76424,105292,"Marketing, Sales & Growth"
Senior Account Executive,Pinnacle Ventures,"Dublin, Ireland",Full-time,"CRM Management, Customer Retention Strategy, Lead Generation, Account-Based Marketing, Collaboration",105937,121190,"Marketing, Sales & Growth"
Junior Copywriter,Ashgrove Commerce,"Berlin, Germany",Full-time,"Content Marketing, Public Relations, Social Media Marketing",59477,70150,"Marketing, Sales & Growth"
Senior Digital Marketing Manager,Auroraline Commerce,"Austin, TX",Full-time,"Paid Social Advertising, Marketing Analytics, Digital Marketing, Paid Search Advertising, Email Marketing, Agile Methodology",116768,132956,"Marketing, Sales & Growth"
Intern Content Marketing,Vertex Partners,"Boston, MA",Full-time,"Public Relations, SEO, Content Strategy, Social Media Marketing, Content Marketing, Email Marketing",26895,30125,"Marketing, Sales & Growth"
VP of Marketing,Basalt Marketing Collective,"Portland, OR",Full-time,"Sales Forecasting, Marketing Analytics, Brand Strategy, Market Research, Collaboration",131343,171253,"Marketing, Sales & Growth"
Senior Marketing Analyst,Basalt Marketing Collective,Singapore,Full-time,"SQL, Marketing Analytics, Market Research, Digital Marketing, Excel, Project Management",116793,124832,"Marketing, Sales & Growth"
Junior Brand Strategist,Marble Media Group,Remote,Part-time,"Content Strategy, Market Research, Social Media Marketing, Marketing Analytics, Public Relations, Agile Methodology",32222,35004,"Marketing, Sales & Growth"
Junior Content Marketing,Vertex Bridge Tech,"Sydney, Australia",Part-time,"Social Media Marketing, Email Marketing, Public Relations, SEO",31192,38148,"Marketing, Sales & Growth"
Manager SEO Manager,Halcyon Interactive,"Sydney, Australia",Full-time,"Content Strategy, Conversion Rate Optimization, Content Marketing, Agile Methodology",117843,140071,"Marketing, Sales & Growth"
Manager Public Relations Manager,Redwood Holdings,Singapore,Full-time,"Social Media Marketing, Content Strategy, Market Research, BRAND STRATEGY, Copywriting, Public Relations, Excel",112096,143121,"Marketing, Sales & Growth"
Intern Content Marketing,Ironwood Commerce,"Seattle, WA",Full-time,"Email Marketing, Social Media Marketing, Content Marketing, SEO, Public Relations",20983,27551,"Marketing, Sales & Growth"
Marketing Automation Specialist,Basalt Marketing Collective,"Los Angeles, CA",Full-time,"Marketing Analytics, HubSpot, Email Marketing, Marketing Automation, Excel",88840,109442,"Marketing, Sales & Growth"
Senior Sales Operations Analyst,Sterling Solutions,"Amsterdam, Netherlands",Part-time,"Salesforce, Marketing Analytics, CRM Management, Sales Forecasting, Excel, Market Research",63054,79787,"Marketing, Sales & Growth"
VP of Marketing,Pinnacle Partners,Remote,Full-time,"Marketing Analytics, Market Research, CRM Management, Brand Strategy, Sales Forecasting",160668,170930,"Marketing, Sales & Growth"
Junior Sales Development Representative,Windmere Interactive,"Seattle, WA",Full-time,"Lead Generation, Sales Forecasting, Account-Based Marketing, Negotiation, CRM Management",59427,74614,"Marketing, Sales & Growth"
Manager Public Relations Manager,Cobalt Networks,"London, UK",Full-time,"Brand Strategy, Market Research, Public Relations, Copywriting, Negotiation",110463,132324,"Marketing, Sales & Growth"
Senior Copywriter,Wildflower Cloud Labs,"Miami, FL",Full-time,"Public Relations, Email Marketing, SEO, Content Marketing, Copywriting, Content Strategy",115879,148377,"Marketing, Sales & Growth"
Junior Social Media Coordinator,Halcyon Interactive,"London, UK",Part-time,"Content Marketing, Paid Social Advertising, Influencer Marketing, Copywriting, Social Media Marketing, Brand Strategy, Negotiation",31008,40253,"Marketing, Sales & Growth"
Intern Digital Marketing Specialist,Halcyon Interactive,Singapore,Contract,"Marketing Automation, Paid Search Advertising, SEO, Marketing Analytics, Email Marketing",25214,34654,"Marketing, Sales & Growth"
Senior Marketing Automation Specialist,Havenwood Interactive,"Austin, TX",Full-time,"CRM Management, Marketing Automation, Marketing Analytics, HubSpot, Lead Generation",114649,123687,"Marketing, Sales & Growth"
Intern Sales Development Representative,Onyx Solutions,"Boston, MA",Full-time,"CRM Management, Lead Generation, Account-Based Marketing, Salesforce, Sales Forecasting, Negotiation",20199,25441,"Marketing, Sales & Growth"
Affiliate Marketing Manager,Cobalt Cloud Labs,"Austin, TX",Contract,"Marketing Analytics, Affiliate Marketing, Digital Marketing, Conversion Rate Optimization, Lead Generation, Collaboration",83090,95747,"Marketing, Sales & Growth"
Junior Content Strategist,Larkspur Networks,"Portland, OR",Full-time,"Email Marketing, Content Marketing, SEO, Social Media Marketing, Copywriting",55424,77833,"Marketing, Sales & Growth"
Junior Sales Operations Analyst,Meridian Brands,"Boston, MA",Full-time,"CRM Management, Sales Forecasting, Marketing Analytics, Market Research, Salesforce, Excel, Public Speaking",57135,79374,"Marketing, Sales & Growth"
Intern Sales Development Representative,Basalt Marketing Collective,"Miami, FL",Full-time,"Negotiation, Salesforce, Lead Generation, Account-Based Marketing, Sales Forecasting, Public Speaking",23146,38883,"Marketing, Sales & Growth"
Affiliate Marketing Manager,Vertex Bridge Tech,"Sydney, Australia",Full-time,"Conversion Rate Optimization, Digital Marketing, Lead Generation, Project Management",82248,101925,"Marketing, Sales & Growth"
Manager CRM Manager,Granite Brands,Remote,Full-time,"Salesforce, Marketing Automation, HubSpot, Presentation Skills",119283,168024,"Marketing, Sales & Growth"
Senior Content Strategist,Amberfield Analytics,"San Francisco, CA",Full-time,"Public Relations, Email Marketing, Content Strategy, Social Media Marketing, Copywriting, SEO",104408,134322,"Marketing, Sales & Growth"
Marketing Analyst,Falconhurst Networks,Remote,Contract,"Conversion Rate Optimization, Digital Marketing, Marketing Analytics",88442,99048,"Marketing, Sales & Growth"
Senior Marketing Analyst,Cobalt Labs,"London, UK",Full-time,"Market Research, Conversion Rate Optimization, SQL, Digital Marketing, Communication",112286,133913,"Marketing, Sales & Growth"
Junior Sales Development Representative,Cobalt Bridge Tech,Remote,Internship,"Sales Forecasting, Lead Generation, Account-Based Marketing",22091,42000,"Marketing, Sales & Growth"
Lead SEO Specialist,Marble Systems,"San Francisco, CA",Contract,"Marketing Analytics, Content Strategy, Conversion Rate Optimization, Digital Marketing, SEO, Project Management",144614,153275,"Marketing, Sales & Growth"
  Junior Content Marketing  ,Havenwood Growth Co,"Portland, OR",Part-time,"Email Marketing, PR, Copywriting, Social Media Marketing, Content Marketing",30522,37580,"Marketing, Sales & Growth"
VP of Sales,Meridian Commerce,"Los Angeles, CA",Part-time,"Sales Forecasting, Market Research, CRM Management, Marketing Analytics, Public Relations",80880,93545,"Marketing, Sales & Growth"
Junior Marketing Automation Specialist,Bluepeak Brands,"Chicago, IL",Full-time,"Email Marketing, CRM Management, Lead Generation, Marketing Analytics, HubSpot, Marketing Automation",56900,75559,"Marketing, Sales & Growth"
Lead Sales Manager,Cascade Growth Co,"New York, NY",Full-time,"Lead Generation, Customer Retention Strategy, CRM Management, Sales Forecasting",137125,151853,"Marketing, Sales & Growth"
Lead Product Marketing Manager,Havenwood Interactive,Remote,Contract,"Brand Strategy, Market Research, Marketing Analytics, Content Strategy, Public Relations",134953,162383,"Marketing, Sales & Growth"
Manager Demand Generation Manager,Windmere Interactive,Remote,Full-time,"Paid Search Advertising, Account-Based Marketing, CRM Management, Agile Methodology",124931,150605,"Marketing, Sales & Growth"
VP of Sales,Emberly Marketing Collective,Remote,Full-time,"Public Relations, Brand Strategy, Sales Forecasting, CRM Management",159802,177899,"Marketing, Sales & Growth"
Manager Marketing Analytics Manager,Wildflower Growth Co,"Miami, FL",Full-time,"Market Research, Digital Marketing, SQL, Marketing Analytics, Conversion Rate Optimization, Excel",126846,165116,"Marketing, Sales & Growth"
Head of Growth,Falconhurst Group,"Dublin, Ireland",Full-time,"Growth Hacking, Market Research, Marketing Analytics, CRM Management, Sales Forecasting, Communication",152393,181971,"Marketing, Sales & Growth"
Social Media Manager,Sterling Systems,Remote,Full-time,"Copywriting, Influencer Marketing, Paid Social Advertising, Social Media Marketing, Project Management",78927,108820,"Marketing, Sales & Growth"
Senior SEO Specialist,Amberfield Bridge Tech,Remote,Full-time,"SEO, Content Marketing, Marketing Analytics, Conversion Rate Optimization, Content Strategy, Digital Marketing, Public Speaking",103036,148181,"Marketing, Sales & Growth"
Digital Marketing Specialist,Windmere Interactive,"Austin, TX",Full-time,"Digital Marketing, Marketing Analytics, SEO, Marketing Automation, Email Marketing, Paid Search Advertising",88733,108666,"Marketing, Sales & Growth"
Lead Demand Generation Manager,Solstice Bridge Tech,"Atlanta, GA",Internship,"CRM Management, Marketing Automation, Paid Search Advertising",23492,42000,"Marketing, Sales & Growth"
Manager Brand Manager,Larkspur Holdings,"San Francisco, CA",Contract,"Market Research, Marketing Analytics, Social Media Marketing",114420,150706,"Marketing, Sales & Growth"
Manager Affiliate Marketing Manager,Everline Networks,Singapore,Full-time,"Marketing Analytics, Affiliate Marketing, Digital Marketing, Presentation Skills",120565,135542,"Marketing, Sales & Growth"
Lead Content Strategist,Vertex Bridge Tech,"Chicago, IL",Part-time,"Public Relations, Copywriting, Social Media Marketing, Public Speaking",78400,83145,"Marketing, Sales & Growth"
Sales Operations Analyst,Wildflower Growth Co,"New York, NY",Part-time,"Excel, Salesforce, Market Research, Marketing Analytics, CRM Management, Sales Forecasting",42318,52929,"Marketing, Sales & Growth"
Intern Social Media Coordinator,Onyx Solutions,"Austin, TX",Full-time,"Social Media Marketing, Influencer Marketing, Copywriting, Paid Social Advertising, Brand Strategy, Content Marketing",21914,28359,"Marketing, Sales & Growth"
Lead Demand Generation Manager,Vertex Bridge Tech,"Chicago, IL",Full-time,"CRM Management, Paid Search Advertising, Marketing Analytics, Account-Based Marketing, Lead Generation, Marketing Automation, Agile Methodology",143892,170369,"Marketing, Sales & Growth"
Email Marketing Specialist,Sterling Systems,"Austin, TX",Full-time,"Lead Generation, Marketing Analytics, Copywriting",76799,90887,"Marketing, Sales & Growth"
Content Marketing,Vertex Partners,"Austin, TX",Internship,"Content Strategy, Copywriting, SEO, Negotiation",23974,42000,"Marketing, Sales & Growth"
Manager Public Relations Manager,Ironwood Solutions,"San Francisco, CA",Full-time,"Market Research, Copywriting, Content Strategy, Social Media Marketing, Brand Strategy",133534,165598,"Marketing, Sales & Growth"
VP of Sales,Vertex Bridge Tech,Remote,Full-time,"Market Research, CRM Management, Sales Forecasting, Brand Strategy, Growth Hacking, Public Relations, Communication",133844,160970,"Marketing, Sales & Growth"
Junior Marketing Automation Specialist,GRANITE SYSTEMS,"Sydney, Australia",Full-time,"Marketing Analytics, CRM Management, HubSpot, LEAD GENERATION, Email Marketing",62104,71437,"Marketing, Sales & Growth"
VP of Sales,Granite Bridge Tech,Remote,Full-time,"Public Relations, Marketing Analytics, Market Research, CRM Management, Growth Hacking, Brand Strategy",139170,161077,"Marketing, Sales & Growth"
Senior Growth Manager,Onyx Partners,"Sydney, Australia",Full-time,"Paid Social Advertising, Paid Search Advertising, Customer Retention Strategy, Marketing Analytics",102721,140865,"Marketing, Sales & Growth"
Brand Strategist,Fernbrook Cloud Labs,"New York, NY",Contract,"Market Research, Brand Strategy, Marketing Analytics, Content Strategy, Social Media Marketing",83878,93892,"Marketing, Sales & Growth"
Intern Sales Development Representative,Marble Media Group,"Sydney, Australia",Full-time,"Account-Based Marketing, Lead Generation, Salesforce, CRM Management",27885,32431,"Marketing, Sales & Growth"
Social Media Coordinator,Falconhurst Group,"Miami, FL",Full-time,"Influencer Marketing, Paid Social Advertising, Content Marketing, Excel",76552,93155,"Marketing, Sales & Growth"
Senior Email Marketing Specialist,Sterling Systems,Remote,Part-time,"Copywriting, Email Marketing, CRM Management, Marketing Analytics, Marketing Automation, Lead Generation, Presentation Skills",55655,77189,"Marketing, Sales & Growth"
SEO Specialist,Cascade Group,"New York, NY",Full-time,"Content Marketing, Conversion Rate Optimization, SEO, Marketing Analytics, Digital Marketing",86278,109441,"Marketing, Sales & Growth"
Manager Demand Generation Manager,Ashgrove Commerce,"Austin, TX",Contract,"Marketing Automation, CRM Management, Marketing Analytics, Account-Based Marketing, Paid Search Advertising, Lead Generation",122968,151826,"Marketing, Sales & Growth"
Sales Operations Analyst,Falconhurst Group,Remote,Full-time,"Sales Forecasting, Marketing Analytics, Excel, Salesforce",79881,85717,"Marketing, Sales & Growth"
Manager Brand Manager,Onyx Brands,"Austin, TX",Full-time,"Public Relations, Marketing Analytics, Content Strategy",115853,162285,"Marketing, Sales & Growth"
Growth Hacker,Ironwood Studio,"Toronto, Canada",Internship,"Marketing Analytics, Paid Search Advertising, Customer Retention Strategy, Lead Generation, Conversion Rate Optimization, Paid Social Advertising, Presentation Skills",34992,42000,"Marketing, Sales & Growth"
VP of Sales,Havenwood Interactive,"New York, NY",Full-time,"CRM Management, Public Relations, Sales Forecasting, Marketing Analytics",148185,183533,"Marketing, Sales & Growth"
Senior Public Relations Specialist,Driftwood Commerce,"Berlin, Germany",Internship,"Brand Strategy, Market Research, Social Media Marketing, Copywriting",27996,42000,"Marketing, Sales & Growth"
Junior Sales Operations Analyst,Quartzridge Analytics,"Miami, FL",Full-time,"Market Research, Salesforce, Marketing Analytics, Communication",55946,61627,"Marketing, Sales & Growth"
Manager Content Marketing,Cobalt Cloud Labs,"Los Angeles, CA",Full-time,"Content Strategy, Email Marketing, Copywriting, Project Management",122668,162097,"Marketing, Sales & Growth"
Lead Product Marketing Manager,Northgate Cloud Labs,"Miami, FL",Full-time,"Lead Generation, Market Research, Marketing Analytics, Public Relations, Communication",135514,147850,"Marketing, Sales & Growth"
Junior Sales Development Representative,Driftwood Commerce,"London, UK",Internship,"Salesforce, Lead Generation, Sales Forecasting, Account-Based Marketing, CRM Management",27641,42000,"Marketing, Sales & Growth"
Junior Growth Marketer,Cascade Ventures,"Sydney, Australia",Full-time,"Growth Hacking, Conversion Rate Optimization, Customer Retention Strategy, Paid Search Advertising, Paid Social Advertising, Lead Generation, Agile Methodology",63719,69971,"Marketing, Sales & Growth"
VP of Sales,Meridian Brands,"Dublin, Ireland",Contract,"Growth Hacking, CRM Management, Brand Strategy, Marketing Analytics, Excel",145799,156830,"Marketing, Sales & Growth"
Intern Marketing Analyst,Wildflower Analytics,"Boston, MA",Full-time,"Excel, Marketing Analytics, Conversion Rate Optimization, Market Research, Excel",25570,38624,"Marketing, Sales & Growth"
Junior Public Relations Specialist,Windmere Partners,"Dublin, Ireland",Full-time,"Content Strategy, Social Media Marketing, Brand Strategy, Market Research, Public Relations, Copywriting, Negotiation",61067,75229,"Marketing, Sales & Growth"
Influencer Marketing Manager,Larkspur Networks,Remote,Part-time,"Social Media Marketing, Influencer Marketing, Marketing Analytics",41665,53946,"Marketing, Sales & Growth"
Brand Manager,Auroraline Commerce,Remote,Full-time,"Marketing Analytics, Social Media Marketing, Market Research, Excel",77110,85604,"Marketing, Sales & Growth"
Senior Account Executive,Havenwood Systems,"Seattle, WA",Full-time,"CRM Management, Lead Generation, Account-Based Marketing",110149,144706,"Marketing, Sales & Growth"
Manager Demand Generation Manager,Auroraline Commerce,"New York, NY",Internship,"Paid Search Advertising, Marketing Analytics, CRM Management, Lead Generation, Account-Based Marketing, Marketing Automation",33010,42000,"Marketing, Sales & Growth"
Manager Affiliate Marketing Manager,Northgate Cloud Labs,Remote,Full-time,"Lead Generation, Marketing Analytics, Conversion Rate Optimization, Public Speaking",133077,153146,"Marketing, Sales & Growth"
Senior Content Marketing,Amberfield Analytics,"New York, NY",Internship,"Copywriting, SEO, Social Media Marketing, Public Relations, Agile Methodology",29686,42000,"Marketing, Sales & Growth"
VP of Sales,Bluepeak Growth Co,Remote,Full-time,"Public Relations, Sales Forecasting, Marketing Analytics, Growth Hacking",142796,164238,"Marketing, Sales & Growth"
VP of Marketing,Rosemount Analytics,"Austin, TX",Internship,"CRM Management, Growth Hacking, Public Relations, Public Speaking",28034,42000,"Marketing, Sales & Growth"
Affiliate Marketing Manager,Halcyon Interactive,"Seattle, WA",Full-time,"Affiliate Marketing, Marketing Analytics, Conversion Rate Optimization, Lead Generation, Negotiation",78006,105039,"Marketing, Sales & Growth"
Senior Sales Operations Analyst,Wildflower Growth Co,"Austin, TX",Full-time,"Excel, CRM Management, Marketing Analytics, Sales Forecasting, Salesforce",114443,131314,"Marketing, Sales & Growth"
Junior Sales Operations Analyst,Falconhurst Networks,"Boston, MA",Full-time,"CRM Management, Salesforce, Market Research, Excel",56500,61358,"Marketing, Sales & Growth"
CRM Manager,Vertex Bridge Tech,"Los Angeles, CA",Part-time,"Salesforce, Customer Retention Strategy, Sales Forecasting, Marketing Automation, CRM Management, HubSpot",43815,55370,"Marketing, Sales & Growth"
Head of Growth,Redwood Holdings,"New York, NY",Full-time,"Brand Strategy, Growth Hacking, Market Research, Sales Forecasting, Marketing Analytics, CRM MANAGEMENT, Agile Methodology",149910,178581,"Marketing, Sales & Growth"
Senior Digital Marketing Specialist,Crestline Interactive,"Toronto, Canada",Full-time,"Marketing Analytics, Paid Search Advertising, Email Marketing, Paid Social Advertising, Digital Marketing, SEO, Project Management",101480,134055,"Marketing, Sales & Growth"
Lead Demand Generation Manager,Falconhurst Media Group,"Chicago, IL",Internship,"Paid Search Advertising, Lead Generation, Marketing Analytics",33207,42000,"Marketing, Sales & Growth"
Junior Public Relations Specialist,Cascade Growth Co,Remote,Full-time,"Copywriting, Social Media Marketing, Content Strategy, Brand Strategy, Project Management",60498,70153,"Marketing, Sales & Growth"
VP of Marketing,Basalt Digital,"Toronto, Canada",Full-time,"Public Relations, Sales Forecasting, CRM Management, Growth Hacking, Brand Strategy",147965,169677,"Marketing, Sales & Growth"
Junior Copywriter,Wildflower Cloud Labs,"Portland, OR",Full-time,"Copywriting, Content Strategy, Social Media Marketing",61162,74561,"Marketing, Sales & Growth"
Senior Social Media Manager,Meridian Brands,"Berlin, Germany",Full-time,"Brand Strategy, Social Media Marketing, Content Marketing, Influencer Marketing, Paid Social Advertising, Agile Methodology",101650,117797,"Marketing, Sales & Growth"
Senior CRM Manager,Falconhurst Solutions,"Portland, OR",Part-time,"CRM Management, Salesforce, Marketing Automation",56128,61662,"Marketing, Sales & Growth"
Manager Affiliate Marketing Manager,Havenwood Growth Co,Remote,Full-time,"Conversion Rate Optimization, Digital Marketing, Marketing Analytics, Communication",117646,127771,"Marketing, Sales & Growth"
Senior Sales Manager,Havenwood Systems,"Atlanta, GA",Full-time,"Sales Forecasting, Account-Based Marketing, CRM Management, Lead Generation, Salesforce, Communication",119905,135599,"Marketing, Sales & Growth"
Sales Operations Analyst,Ironwood Solutions,"Toronto, Canada",Full-time,"Excel, Sales Forecasting, Salesforce",76763,82663,"Marketing, Sales & Growth"
Senior CRM Manager,Granite Systems,"London, UK",Internship,"CRM Management, HubSpot, Customer Retention Strategy, Salesforce, Sales Forecasting, Marketing Automation",20599,42000,"Marketing, Sales & Growth"
Social Media Manager,Falconhurst Solutions,"Austin, TX",Full-time,"Brand Strategy, Social Media Marketing, Paid Social Advertising, Copywriting, Influencer Marketing, Content Marketing, Negotiation",77882,101802,"Marketing, Sales & Growth"
  Senior Marketing Automation Specialist  ,Clearwater Brands,"Berlin, Germany",Full-time,"Marketing Analitics, CRM Management, Marketing Automation, Communication",106286,125770,"Marketing, Sales & Growth"
Manager Content Marketing,Solstice Bridge Tech,"Los Angeles, CA",Internship,"Copywriting, SEO, Public Relations, Content Marketing, Email Marketing, Content Strategy, Public Speaking",29957,42000,"Marketing, Sales & Growth"
Lead Demand Generation Manager,Emberly Marketing Collective,"London, UK",Part-time,"Marketing Analytics, CRM Management, Paid Search Advertising, Lead Generation, Presentation Skills",78531,83892,"Marketing, Sales & Growth"
SEO Specialist,Lumen Cloud Labs,Remote,Internship,"Content Strategy, Conversion Rate Optimization, Content Marketing, Presentation Skills",31730,42000,"Marketing, Sales & Growth"
Manager Sales Manager,Timbergate Solutions,Remote,Part-time,"CRM Management, Lead Generation, Negotiation, Sales Forecasting, Salesforce, Communication",66350,86035,"Marketing, Sales & Growth"
Senior Public Relations Specialist,Sterling Networks,"Austin, TX",Part-time,"Market Research, Social Media Marketing, Copywriting, Public Relations, Content Strategy",59265,67779,"Marketing, Sales & Growth"
Senior Social Media Manager,Marble Solutions,"San Francisco, CA",Part-time,"Copywriting, Brand Strategy, Social Media Marketing, Content Marketing, Excel",56698,76714,"Marketing, Sales & Growth"
Account Executive,Vertex Bridge Tech,"Amsterdam, Netherlands",Full-time,"Account-Based Marketing, CRM Management, Negotiation, Sales Forecasting, Lead Generation, Customer Retention Strategy, Project Management",82261,100006,"Marketing, Sales & Growth"
Social Media Manager,Ironwood Partners,Remote,Full-time,"Paid Social Advertising, Social Media Marketing, Brand Strategy, Influencer Marketing, Copywriting, Presentation Skills",78896,94782,"Marketing, Sales & Growth"
Head of Growth,Quartzridge Analytics,"Miami, FL",Contract,"Sales Forecasting, Public Relations, Market Research, CRM Management, Growth Hacking, Agile Methodology",138887,182885,"Marketing, Sales & Growth"
Senior SEO Manager,Cascade Growth Co,"Seattle, WA",Full-time,"Conversion Rate Optimization, MARKETING ANALYTICS, Content Marketing, Content Strategy, Digital Marketing",104263,116307,"Marketing, Sales & Growth"
Email Marketing Specialist,Windmere Partners,"Dublin, Ireland",Internship,"Copywriting, Email Marketing, Marketing Automation, Lead Generation",30316,42000,"Marketing, Sales & Growth"
Senior Sales Operations Analyst,Sterling Solutions,"Seattle, WA",Full-time,"CRM Management, Sales Forecasting, Salesforce, Project Management",119209,132993,"Marketing, Sales & Growth"
Brand Manager,Lumen Cloud Labs,"Sydney, Australia",Internship,"Content Strategy, Brand Strategy, Market Research, Marketing Analytics, Social Media Marketing, Agile Methodology",20894,42000,"Marketing, Sales & Growth"
Affiliate Marketing Manager,Ironwood Commerce,Remote,Full-time,"Affiliate Marketing, Marketing Analytics, Digital Marketing, Collaboration",84470,107786,"Marketing, Sales & Growth"
Sales Operations Analyst,Amberfield Digital,Remote,Full-time,"Excel, Market Research, Sales Forecasting, Marketing Analytics, Salesforce, Communication",84872,97567,"Marketing, Sales & Growth"
Junior Growth Hacker,Larkspur Networks,Remote,Full-time,"Conversion Rate Optimization, Paid Search Advertising, Growth Hacking, Agile Methodology",58491,73261,"Marketing, Sales & Growth"
Junior Social Media Manager,Amberfield Digital,Remote,Full-time,"Brand Strategy, Paid Social Advertising, Influencer Marketing, Negotiation",64952,72437,"Marketing, Sales & Growth"
Lead Content Marketing,Basalt Digital,"San Francisco, CA",Full-time,"Copywriting, SEO, Public Relations, Collaboration",144589,169216,"Marketing, Sales & Growth"
Senior Account Executive,Solstice Bridge Tech,Remote,Full-time,"CRM Management, Account-Based Marketing, Customer Retention Strategy, Sales Forecasting, Communication",117350,130450,"Marketing, Sales & Growth"
Senior Growth Manager,Bluepeak Brands,Remote,Full-time,"Marketing Analytics, Lead Generation, Growth Hacking, Paid Social Advertising, Conversion Rate Optimization, Customer Retention Strategy, Communication",106775,138571,"Marketing, Sales & Growth"
VP of Sales,Solstice Bridge Tech,"Dublin, Ireland",Full-time,"Brand Strategy, Market Research, Marketing Analytics",154870,172567,"Marketing, Sales & Growth"
Junior Account Executive,Marble Analytics,Remote,Internship,"Negotiation, Customer Retention Strategy, Lead Generation",24876,42000,"Marketing, Sales & Growth"
Manager Digital Marketing Manager,Basalt Marketing Collective,"Chicago, IL",Full-time,"Marketing Automation, Marketing Analytics, Email Marketing",124770,159061,"Marketing, Sales & Growth"
Junior Social Media Manager,Falconhurst Solutions,"Seattle, WA",Internship,"Brand Strategy, Paid Social Advertising, Content Marketing",29460,42000,"Marketing, Sales & Growth"
Junior SEO Specialist,Auroraline Commerce,"Toronto, Canada",Internship,"Content Marketing, Marketing Analytics, SEO, Digital Marketing, Conversion Rate Optimization, Project Management",26353,42000,"Marketing, Sales & Growth"
Junior Sales Development Representative,Marble Analytics,Remote,Full-time,"Salesforce, Lead Generation, Negotiation, Account-Based Marketing, CRM Management",58795,67647,"Marketing, Sales & Growth"
Senior Content Strategist,Rosemount Analytics,"Toronto, Canada",Full-time,"Email Marketing, SEO, Content Strategy, Public Relations, Copywriting, Collaboration",107833,139705,"Marketing, Sales & Growth"
Manager Demand Generation Manager,Pinnacle Networks,"Denver, CO",Internship,"CRM Management, Paid Search Advertising, Marketing Analytics, Lead Generation",26539,42000,"Marketing, Sales & Growth"
Junior Content Strategist,Cobalt Partners,Remote,Full-time,"SEO, Email Marketing, Social Media Marketing, Public Relations, Copywriting, Content Strategy",64757,71106,"Marketing, Sales & Growth"
VP of Sales,Everline Networks,Remote,Full-time,"Brand Strategy, Growth Hacking, CRM Management, Market Research, Sales Forecasting, Marketing Analytics, Public Speaking",157898,177775,"Marketing, Sales & Growth"
  VP of Marketing  ,Marble Analytics,"Toronto, Canada",Full-time,"Marketing Analitics, Brand Strategy, Sales Forecasting",133390,155413,"Marketing, Sales & Growth"
Manager Marketing Analytics Manager,Crestline Group,"Seattle, WA",Full-time,"Excel, Marketing Analytics, Conversion Rate Optimization, SQL, Market Research, Digital Marketing, Agile Methodology",126209,148796,"Marketing, Sales & Growth"
Junior Social Media Coordinator,Clearwater Brands,"Berlin, Germany",Full-time,"Influencer Marketing, Brand Strategy, Content Marketing",63240,72107,"Marketing, Sales & Growth"
Lead Product Marketing Manager,Crestline Partners,"Amsterdam, Netherlands",Full-time,"Marketing Analytics, Market Research, Content Strategy, Public Relations, Lead Gen, Negotiation",135959,155191,"Marketing, Sales & Growth"
Public Relations Specialist,Amberfield Analytics,Singapore,Full-time,"Copywriting, Public Relations, Brand Strategy",83929,91568,"Marketing, Sales & Growth"
Lead Marketing Analytics Manager,Meridian Brands,"Dublin, Ireland",Full-time,"SQL, Marketing Analytics, Digital Marketing, Market Research, Excel, Conversion Rate Optimization",142446,173832,"Marketing, Sales & Growth"
Intern Digital Marketing Specialist,Granite Ventures,Remote,Part-time,"Paid Search Advertising, Paid Social Advertising, Digital Marketing, SEO",13293,19190,"Marketing, Sales & Growth"
Marketing Analytics Manager,Emberly Marketing Collective,"San Francisco, CA",Full-time,"Digital Marketing, SQL, Excel, Conversion Rate Optimization, Marketing Analytics",77748,105508,"Marketing, Sales & Growth"
Social Media Coordinator,Pinnacle Networks,"Denver, CO",Full-time,"Paid Social Advertising, Content Marketing, Influencer Marketing, Copywriting, Brand Strategy, Agile Methodology",82669,89685,"Marketing, Sales & Growth"
Senior Sales Manager,Larkspur Holdings,"San Francisco, CA",Internship,"Negotiation, Sales Forecasting, Account-Based Marketing, Customer Retention Strategy, Public Speaking",30509,42000,"Marketing, Sales & Growth"
Affiliate Marketing Manager,Windmere Interactive,"Berlin, Germany",Full-time,"Affiliate Marketing, Conversion Rate Optimization, Digital Marketing, Marketing Analytics, Lead Generation",87472,95947,"Marketing, Sales & Growth"
Senior SEO Specialist,Amberfield Bridge Tech,"Chicago, IL",Full-time,"Digital Marketing, Conversion Rate Optimization, Marketing Analytics, Content Strategy, SEO, Content Marketing",110077,139331,"Marketing, Sales & Growth"
Social Media Coordinator,Crestline Group,Remote,Full-time,"Paid Social Advertising, Content Marketing, Brand Strategy, Copywriting",80356,91300,"Marketing, Sales & Growth"
Manager Affiliate Marketing Manager,Larkspur Holdings,"Austin, TX",Full-time,"Marketing Analytics, Digital Marketing, Affiliate Marketing",115654,163069,"Marketing, Sales & Growth"
Digital Marketing Manager,Cascade Ventures,"Amsterdam, Netherlands",Internship,"Paid Social Advertising, Marketing Automation, SEO, Email Marketing, Digital Marketing",30257,42000,"Marketing, Sales & Growth"
Senior Public Relations Manager,Basalt Digital,"Miami, FL",Full-time,"Content Strategy, Copywriting, Public Relations, Excel",109096,126682,"Marketing, Sales & Growth"
Senior CRM Manager,Cobalt Bridge Tech,"San Francisco, CA",Part-time,"Marketing Automation, Customer Retention Strategy, CRM Management, Sales Forecasting, Agile Methodology",59546,80020,"Marketing, Sales & Growth"
Growth Hacker,FALCONHURST SYSTEMS,"Boston, MA",Internship,"Paid Social Advertising,   Marketing Analytics  , Customer Retention Strategy",22013,42000,"Marketing, Sales & Growth"
Senior Public Relations Specialist,Marble Systems,"Chicago, IL",Full-time,"Social Media Marketing, Market Research, Copywriting, Brand Strategy, Content Strategy, Public Relations, Presentation Skills",105698,126309,"Marketing, Sales & Growth"
Senior Marketing Analytics Manager,Driftwood Growth Co,"Dublin, Ireland",Full-time,"Excel, Market Research, Marketing Analytics, SQL",112856,145083,"Marketing, Sales & Growth"
Intern Marketing Analyst,Crestline Interactive,Singapore,Part-time,"SQL, Excel, Market Research, Marketing Analytics, Digital Marketing, Conversion Rate Optimization, Public Speaking",13691,18928,"Marketing, Sales & Growth"
Manager Business Development Manager,Ironwood Solutions,"Austin, TX",Full-time,"Account-Based Marketing, Negotiation, Lead Generation, CRM Management",119738,147740,"Marketing, Sales & Growth"
Intern Sales Development Representative,Amberfield Bridge Tech,"Berlin, Germany",Full-time,"Lead Generation, Negotiation, Sales Forecasting, Salesforce, CRM Management, Negotiation",27292,35342,"Marketing, Sales & Growth"
Junior Email Marketing Specialist,Meridian Commerce,"Atlanta, GA",Internship,"Copywriting, CRM Management, Email Marketing, Public Speaking",30894,42000,"Marketing, Sales & Growth"
Email Marketing Specialist,Bluepeak Growth Co,"Austin, TX",Full-time,"Lead Generation, Marketing Analytics, Copywriting, Email Marketing, CRM Management, Agile Methodology",86689,104772,"Marketing, Sales & Growth"
Junior Digital Marketing Specialist,Lumen Digital,"Berlin, Germany",Full-time,"Email Marketing, SEO, Marketing Analytics, Collaboration",64863,79193,"Marketing, Sales & Growth"
Head of Growth,Marble Media Group,"Atlanta, GA",Contract,"Growth Hacking, CRM Management, Market Research, Marketing Analytics, Public Relations, Brand Strategy, Project Management",150514,162298,"Marketing, Sales & Growth"
CRM Manager,Falconhurst Media Group,Remote,Full-time,"CRM Management, Marketing Automation, HubSpot, Customer Retention Strategy, Sales Forecasting, Salesforce, Negotiation",76075,87778,"Marketing, Sales & Growth"
Head of Growth,Crestline Interactive,"Amsterdam, Netherlands",Contract,"Growth Hacking, CRM Management, Public Relations, Marketing Analytics, Sales Forecasting, Market Research",147196,185224,"Marketing, Sales & Growth"
Affiliate Marketing Manager,Meridian Brands,"Berlin, Germany",Internship,"Affiliate Marketing, Lead Generation, Digital Marketing, Marketing Analytics",25150,42000,"Marketing, Sales & Growth"
Junior Business Development Representative,Crestline Group,"Berlin, Germany",Full-time,"Negotiation, Account-Based Marketing, Salesforce, Sales Forecasting, Lead Generation, Excel",56255,62127,"Marketing, Sales & Growth"
Lead Sales Manager,Pinnacle Digital,"Amsterdam, Netherlands",Internship,"CRM Management, Salesforce, Customer Retention Strategy",23439,42000,"Marketing, Sales & Growth"
Manager Influencer Marketing Manager,Onyx Brands,"New York, NY",Full-time,"Marketing Analytics, Brand Strategy, Influencer Marketing, Content Marketing, Social Media Marketing",117922,140612,"Marketing, Sales & Growth"
Growth Manager,Pinnacle Networks,Remote,Full-time,"Customer Retention Strategy, Paid Social Advertising, Conversion Rate Optimization, Growth Hacking, Paid Search Advertising",88208,103787,"Marketing, Sales & Growth"
Lead Marketing Analytics Manager,Clearwater Brands,"Denver, CO",Internship,"Digital Marketing, SQL, Conversion Rate Optimization, Collaboration",24402,42000,"Marketing, Sales & Growth"
Senior Product Marketing Manager,Cobalt Partners,Singapore,Full-time,"Public Relations, Content Strategy, Market Research, Lead Generation, Marketing Analytics, Presentation Skills",116097,137525,"Marketing, Sales & Growth"
Head of Growth,Bluepeak Group,"Chicago, IL",Contract,"Brand Strategy, Market Research, CRM Management, Presentation Skills",152103,179858,"Marketing, Sales & Growth"
Junior Sales Development Representative,Bluepeak Group,"Amsterdam, Netherlands",Full-time,"Sales Forecasting, CRM Management, Lead Generation, Negotiation",62462,78269,"Marketing, Sales & Growth"
Senior Sales Operations Analyst,Windmere Interactive,Remote,Full-time,"Excel, Marketing Analytics, CRM Management, Market Research",101376,146541,"Marketing, Sales & Growth"
Public Relations Specialist,Timbergate Solutions,Remote,Contract,"Content Strategy, Copywriting, Brand Strategy, Market Research",84391,94968,"Marketing, Sales & Growth"
Head of Growth,Wildflower Systems,"Chicago, IL",Full-time,"CRM Management, Brand Strategy, Public Relations, Sales Forecasting, Market Research",160724,183456,"Marketing, Sales & Growth"
Lead Marketing Automation Specialist,Amberfield Bridge Tech,Remote,Internship,"Marketing Analytics, CRM Management, HubSpot, Marketing Automation, Lead Generation, Email Marketing, Collaboration",20800,42000,"Marketing, Sales & Growth"
VP of Sales,Pinnacle Digital,"London, UK",Full-time,"Marketing Analytics, Sales Forecasting, Public Relations, Brand Strategy, Negotiation",157688,183127,"Marketing, Sales & Growth"
Junior Content Marketing,Everline Networks,Remote,Contract,"Social Media Marketing, Email Marketing, Content Strategy, Public Relations, Copywriting",63479,78751,"Marketing, Sales & Growth"
Manager Business Development Manager,Ironwood Partners,"Atlanta, GA",Contract,"Customer Retention Strategy, Account-Based Marketing, CRM Management",116631,128330,"Marketing, Sales & Growth"
SENIOR BRAND STRATEGIST,Everline Networks,Remote,Full-time,"Brand Strategy, Marketing Analytics, Content Strategy, PR",111348,139750,"Marketing, Sales & Growth"
Intern Sales Development Representative,Silverlane Group,"Dublin, Ireland",Full-time,"Salesforce, CRM Management, Sales Forecasting, Account-Based Marketing, Negotiation, Lead Generation, Agile Methodology",26620,31564,"Marketing, Sales & Growth"
Junior Email Marketing Specialist,Bluepeak Brands,"Berlin, Germany",Full-time,"CRM Management, Lead Generation, Marketing Analytics, Marketing Automation",55472,75661,"Marketing, Sales & Growth"
Lead Brand Manager,Crestline Partners,"Atlanta, GA",Internship,"Marketing Analytics, Public Relations, Social Media Marketing, Content Strategy, Brand Strategy, Market Research, Collaboration",34073,42000,"Marketing, Sales & Growth"
Intern Copywriter,Falconhurst Media Group,"Boston, MA",Full-time,"SEO, Content Strategy, Social Media Marketing, Communication",25607,34356,"Marketing, Sales & Growth"
Junior Content Strategist,Marble Media Group,Remote,Full-time,"Copywriting, Public Relations, Email Marketing",56510,73463,"Marketing, Sales & Growth"
  Senior Copywriter  ,Pinnacle Digital,Remote,Full-time,"Content Strategy, SEO, email marketing",103707,112306,"Marketing, Sales & Growth"
Marketing Analytics Manager,Driftwood Commerce,"Miami, FL",Full-time,"SQL, Marketing Analytics, Conversion Rate Optimization, Excel, Market Research, Collaboration",81248,103411,"Marketing, Sales & Growth"
Manager Brand Manager,Meridian Commerce,"Amsterdam, Netherlands",Full-time,"Content Strategy, Marketing Analytics, Market Research, Social Media Marketing, Brand Strategy",125591,158870,"Marketing, Sales & Growth"
Manager SEO Manager,Granite Brands,"Austin, TX",Full-time,"Content Strategy, SEO, Conversion Rate Optimization",131048,165569,"Marketing, Sales & Growth"
Intern Social Media Coordinator,Redwood Holdings,Singapore,Contract,"Paid Social Advertising, Influencer Marketing, Social Media Marketing, Brand Strategy",27019,32233,"Marketing, Sales & Growth"
Head of Growth,Havenwood Systems,"Dublin, Ireland",Internship,"Brand Strategy, Growth Hacking, Market Research, Public Relations, CRM Management, Negotiation",33752,42000,"Marketing, Sales & Growth"
Senior Copywriter,Havenwood Systems,Remote,Internship,"Content Marketing, SEO, Email Marketing, Social Media Marketing, Excel",33362,42000,"Marketing, Sales & Growth"
Senior Demand Generation Manager,Windmere Partners,"Sydney, Australia",Internship,"Lead Generation, Account-Based Marketing, Marketing Analytics, Paid Search Advertising, Marketing Automation, CRM Management, Public Speaking",32899,42000,"Marketing, Sales & Growth"
Senior Product Marketing Manager,Falconhurst Networks,Singapore,Full-time,"Market Research, Content Strategy, Lead Generation",101404,127545,"Marketing, Sales & Growth"
Junior Email Marketing Specialist,Meridian Commerce,Remote,Part-time,"Lead Generation, Marketing Analytics, Email Marketing",33075,40273,"Marketing, Sales & Growth"
Lead Content Marketing,Falconhurst Media Group,"New York, NY",Full-time,"Content Strategy, Copywriting, Email Marketing",135881,161080,"Marketing, Sales & Growth"
Junior Marketing Automation Specialist,Northgate Cloud Labs,"Seattle, WA",Full-time,"CRM Management, Lead Generation, Marketing Analytics",58842,67715,"Marketing, Sales & Growth"
Manager Public Relations Manager,Cobalt Networks,Remote,Internship,"Brand Strategy, Content Strategy, Market Research, Copywriting, Social Media Marketing",26695,42000,"Marketing, Sales & Growth"
Intern Business Development Representative,Onyx Partners,"Portland, OR",Full-time,"Salesforce, Account-Based Marketing, CRM Management, Sales Forecasting, Negotiation, Lead Generation",24467,34096,"Marketing, Sales & Growth"
Brand Strategist,Marble Media Group,"Berlin, Germany",Full-time,"Public Relations, Marketing Analytics, Market Research, Content Strategy, Brand Strategy",87123,101442,"Marketing, Sales & Growth"
Junior Business Development Representative,Silverlane Group,"Miami, FL",Contract,"Sales Forecasting, Negotiation, Salesforce, Lead Generation, CRM Management, Collaboration",62273,68923,"Marketing, Sales & Growth"
Senior Influencer Marketing Manager,Vertex Analytics,"Seattle, WA",Contract,"Brand Strategy, Marketing Analytics, Social Media Marketing, Content Marketing, Influencer Marketing",112179,139170,"Marketing, Sales & Growth"
Manager Affiliate Marketing Manager,Cascade Growth Co,"Austin, TX",Part-time,"Lead Generation, Conversion Rate Optimization, Affiliate Marketing, Marketing Analytics, Communication",72540,82297,"Marketing, Sales & Growth"
Junior Growth Marketer,Basalt Digital,Remote,Full-time,"Lead Generation, Conversion Rate Optimization, Marketing Analytics",55922,63801,"Marketing, Sales & Growth"
Growth Hacker,Cobalt Networks,"Sydney, Australia",Full-time,"Conversion Rate Optimization, Marketing Analytics, Lead Generation, Growth Hacking, Paid Social Advertising, Communication",77312,85911,"Marketing, Sales & Growth"
VP of Marketing,Ashgrove Commerce,"Denver, CO",Full-time,"Growth Hacking, Brand Strategy, CRM Management, Marketing Analytics",131488,169534,"Marketing, Sales & Growth"
Manager Social Media Manager,Marble Media Group,"Chicago, IL",Full-time,"Brand Strategy, Social Media Marketing, Content Marketing, Influencer Marketing, Copywriting",113496,145175,"Marketing, Sales & Growth"
VP of Sales,Meridian Commerce,"Sydney, Australia",Full-time,"Marketing Analytics, Market Research, Growth Hacking, Brand Strategy, Presentation Skills",139624,153093,"Marketing, Sales & Growth"
Senior SEO Specialist,Bluepeak Brands,Singapore,Full-time,"Content Strategy, SEO, Content Marketing, Marketing Analytics, Conversion Rate Optimization, Digital Marketing, Excel",103784,119246,"Marketing, Sales & Growth"
Manager Public Relations Manager,Vertex Bridge Tech,"Chicago, IL",Full-time,"Copywriting, Brand Strategy, Market Research, Collaboration",124606,163501,"Marketing, Sales & Growth"
VP of Sales,Bluepeak Group,"Austin, TX",Internship,"CRM Management, Marketing Analytics, Growth Hacking, Brand Strategy, Market Research, Public Speaking",33265,42000,"Marketing, Sales & Growth"
Senior Sales Operations Analyst,Marble Solutions,Remote,Part-time,"Market Research, CRM Management, Excel",60537,66449,"Marketing, Sales & Growth"
Social Media Manager,Wildflower Growth Co,"Seattle, WA",Internship,"Brand Strategy, Influencer Marketing, Copywriting, Content Marketing, Paid Social Advertising, Communication",23016,42000,"Marketing, Sales & Growth"
VP of Marketing,Pinnacle Networks,"Chicago, IL",Contract,"Brand Strategy, Sales Forecasting, Growth Hacking, Market Research",147216,172815,"Marketing, Sales & Growth"
Account Executive,Cobalt Bridge Tech,Remote,Internship,"ACCOUNT-BASED MARKETING, Lead Generation, Sales Forecasting, Negotiation, Customer Retention Strategy, CRM Management, Excel",31233,42000,"Marketing, Sales & Growth"
Growth Marketer,Falconhurst Networks,Remote,Full-time,"Paid Search Advertising, Conversion Rate Optimization, Customer Retention Strategy, Lead Generation, Presentation Skills",87025,109059,"Marketing, Sales & Growth"
Affiliate Marketing Manager,Marble Media Group,"Boston, MA",Full-time,"Affiliate Marketing, Marketing Analytics, Conversion Rate Optimization, Lead Generation, Digital Marketing",76668,81941,"Marketing, Sales & Growth"
Senior CRM Manager,Clearwater Digital,"Dublin, Ireland",Full-time,"HubSpot, Customer Retention Strategy, Salesforce, Sales Forecasting, Excel",119886,128689,"Marketing, Sales & Growth"
Social Media Manager,Granite Bridge Tech,"Toronto, Canada",Contract,"Copywriting, Content Marketing, Paid Social Advertising, Social Media Marketing, Project Management",81198,89106,"Marketing, Sales & Growth"
Senior Public Relations Manager,Wildflower Growth Co,Remote,Internship,"Copywriting, Market Research, Social Media Marketing, Public Speaking",21527,42000,"Marketing, Sales & Growth"
Growth Hacker,Bluepeak Group,"San Francisco, CA",Full-time,"Conversion Rate Optimization, Customer Retention Strategy, Paid Social Advertising, Marketing Analytics, Lead Generation, Growth Hacking, Public Speaking",81374,90957,"Marketing, Sales & Growth"
Growth Hacker,Falconhurst Solutions,"Berlin, Germany",Full-time,"Customer Retention Strategy, Growth Hacking, Lead Generation, Paid Social Advertising, Marketing Analytics, Project Management",88515,108546,"Marketing, Sales & Growth"
Lead Copywriter,Bluepeak Brands,"Miami, FL",Contract,"Public Relations, Copywriting, SEO",143813,161310,"Marketing, Sales & Growth"
Sales Development Representative,Falconhurst Systems,Remote,Full-time,"Negotiation, CRM Management, Account-Based Marketing, Lead Generation, Sales Forecasting, Salesforce",80281,96513,"Marketing, Sales & Growth"
Business Development Manager,Falconhurst Media Group,"Chicago, IL",Part-time,"Negotiation, Sales Forecasting, CRM Management, Account-Based Marketing, Salesforce, Lead Generation, Negotiation",41658,50706,"Marketing, Sales & Growth"
Manager Business Development Manager,Havenwood Growth Co,"Boston, MA",Full-time,"Customer Retention Strategy, Account-Based Marketing, Negotiation, CRM Management",126790,168092,"Marketing, Sales & Growth"
Senior Affiliate Marketing Manager,Marble Analytics,"Austin, TX",Internship,"Digital Marketing, Lead Generation, Conversion Rate Optimization, Marketing Analytics, Excel",30089,42000,"Marketing, Sales & Growth"
Senior Marketing Automation Specialist,Granite Ventures,"Chicago, IL",Internship,"  Marketing Automation  , Lead Generation, CRM Management, Excel",33736,42000,"Marketing, Sales & Growth"
Senior Influencer Marketing Manager,Fernbrook Cloud Labs,"New York, NY",Contract,"Marketing Analytics, Brand Strategy, Influencer Marketing, Content Marketing, Collaboration",108667,142382,"Marketing, Sales & Growth"
Public Relations Specialist,Sterling Systems,"Miami, FL",Full-time,"Copywriting, Brand Strategy, Public Relations, Social Media Marketing, Market Research, Content Strategy",87075,95921,"Marketing, Sales & Growth"
MANAGER MARKETING ANALYTICS MANAGER,Cascade Growth Co,"Denver, CO",Full-time,"EXCEL, Digital Marketing, Conversion Rate Optimization",133978,148897,"Marketing, Sales & Growth"
Social Media Manager,Windmere Bridge Tech,"Austin, TX",Full-time,"Social Media Marketing, Paid Social Advertising, Brand Strategy",82994,93631,"Marketing, Sales & Growth"
VP of Sales,Solstice Bridge Tech,"Chicago, IL",Full-time,"Public Relations, Market Research, Marketing Analytics, CRM Management, Growth Hacking, Sales Forecasting",138026,169531,"Marketing, Sales & Growth"
VP of Sales,Falconhurst Media Group,"San Francisco, CA",Full-time,"Public Relations, CRM Management, Sales Forecasting",149397,174633,"Marketing, Sales & Growth"
Brand Manager,Crestline Interactive,Remote,Full-time,"Social Media Marketing, Market Research, Brand Strategy, Marketing Analytics, Content Strategy",88329,100525,"Marketing, Sales & Growth"
Senior Marketing Analytics Manager,Havenwood Growth Co,"Seattle, WA",Full-time,"Market Research, Marketing Analytics, Excel, Communication",102124,126668,"Marketing, Sales & Growth"
Intern Business Development Representative,Granite Brands,"Sydney, Australia",Part-time,"CRM Management, Lead Generation, Negotiation, Salesforce",14170,20735,"Marketing, Sales & Growth"
Senior Growth Manager,Falconhurst Networks,"Amsterdam, Netherlands",Full-time,"Lead Generation, Paid Social Advertising, Conversion Rate Optimization, Growth Hacking, Customer Retention Strategy, Marketing Analytics, Presentation Skills",117842,132533,"Marketing, Sales & Growth"
Intern Sales Development Representative,Larkspur Holdings,"New York, NY",Internship,"Account-Based Marketing, Sales Forecasting, Negotiation, Salesforce, CRM Management, Agile Methodology",26717,33636,"Marketing, Sales & Growth"
SEO Manager,Bluepeak Brands,"Chicago, IL",Part-time,"Conversion Rate Optimization, SEO, Content Marketing, Content Strategy, Excel",45521,56604,"Marketing, Sales & Growth"
Senior Email Marketing Specialist,Basalt Digital,"Chicago, IL",Full-time,"Marketing Automation, Marketing Analytics, Copywriting, Lead Generation, CRM Management, Email Marketing, Excel",111843,139819,"Marketing, Sales & Growth"
Senior Brand Manager,Pinnacle Digital,"Miami, FL",Full-time,"Public Relations, Brand Strategy, Content Strategy, Marketing Analytics, Social Media Marketing, Market Research",118383,133008,"Marketing, Sales & Growth"
Senior SEO Manager,Windmere Partners,"Austin, TX",Full-time,"Digital Marketing,  SEO,SEO, Content Strategy, Marketing Analytics, Conversion Rate Optimization",111539,144113,"Marketing, Sales & Growth"
Brand Manager,Cascade Ventures,Singapore,Full-time,"Public Relations, Brand Strategy, Market Research, Marketing Analytics, Content Strategy, Social Media Marketing",83687,109163,"Marketing, Sales & Growth"
Email Marketing Specialist,Northgate Cloud Labs,"San Francisco, CA",Internship,"Marketing Automation, Copywriting, Lead Generation, Email Marketing",21961,42000,"Marketing, Sales & Growth"
Senior Affiliate Marketing Manager,Amberfield Digital,Remote,Contract,"Lead Generation, Marketing Analytics, Affiliate Marketing, Digital Marketing",111802,119872,"Marketing, Sales & Growth"
Senior Content Strategist,Pinnacle Networks,"Austin, TX",Full-time,"Social Media Marketing, SEO, Copywriting, Content Strategy, Negotiation",100368,111482,"Marketing, Sales & Growth"
Junior Sales Development Representative,Ashgrove Commerce,Singapore,Full-time,"Salesforce, CRM Management, Lead Generation, Account-Based Marketing, Sales Forecasting, Negotiation, Collaboration",58040,68313,"Marketing, Sales & Growth"
Influencer Marketing Manager,Amberfield Bridge Tech,"Boston, MA",Part-time,"Marketing Analytics, Brand Strategy, Influencer Marketing, Social Media Marketing, Content Marketing, Project Management",45823,55471,"Marketing, Sales & Growth"
Manager Business Development Manager,Onyx Partners,"San Francisco, CA",Full-time,"Account-Based Marketing, Sales Forecasting, Negotiation, CRM Management, Salesforce",133182,162152,"Marketing, Sales & Growth"
Manager SEO Manager,Ironwood Commerce,"London, UK",Part-time,"Content Marketing, Content Strategy, SEO",63611,81374,"Marketing, Sales & Growth"
Content Strategist,Marble Systems,"London, UK",Full-time,"Public Relations, SEO, Copywriting",82312,90670,"Marketing, Sales & Growth"
Manager Digital Marketing Manager,Pinnacle Partners,"Sydney, Australia",Full-time,"SEO, Paid Social Advertising, Paid Search Advertising, Digital Marketing, Collaboration",115782,132889,"Marketing, Sales & Growth"
Sales Operations Analyst,Bluepeak Group,Remote,Internship,"CRM Management, Salesforce, Sales Forecasting",22484,42000,"Marketing, Sales & Growth"
Manager Demand Generation Manager,Larkspur Networks,"Berlin, Germany",Full-time,"Lead Generation, CRM Management, Account-Based Marketing, Marketing Automation",132264,160223,"Marketing, Sales & Growth"
Junior Account Executive,Falconhurst Networks,"Dublin, Ireland",Contract,"Salesforce, Account-Based Marketing, Lead Generation, Sales Forecasting, Negotiation, Customer Retention Strategy, Project Management",58514,71140,"Marketing, Sales & Growth"
Sales Operations Analyst,Cobalt Networks,"Austin, TX",Part-time,"Sales Forecasting, Excel, CRM Management, Public Speaking",43152,51159,"Marketing, Sales & Growth"
Brand Strategist,Vertex Bridge Tech,"Denver, CO",Internship,"Public Relations, Marketing Analytics, Market Research, Brand Strategy, Social Media Marketing",33643,42000,"Marketing, Sales & Growth"
Marketing Automation Specialist,Windmere Bridge Tech,"Denver, CO",Full-time,"Lead Generation, Marketing Automation, Email Marketing",78098,92000,"Marketing, Sales & Growth"
Lead Demand Generation Manager,Basalt Digital,"Sydney, Australia",Full-time,"Paid Search Advertising, Marketing Analytics, Lead Generation, Marketing Automation, Public Speaking",131228,154081,"Marketing, Sales & Growth"
Lead Product Marketing Manager,Sterling Networks,Remote,Full-time,"Public Relations, Lead Generation, Brand Strategy, Market Research, Marketing Analytics, Content Strategy, Project Management",147333,155081,"Marketing, Sales & Growth"
Junior Marketing Automation Specialist,LUMEN STUDIO,Remote,Full-time,"CRM Management, Marketing Automation, HubSpot, Marketing Analytics, Lead Generation, Email Marketing,  Presentation Skills,Presentation Skills",56232,68977,"Marketing, Sales & Growth"
Junior Marketing Analyst,Wildflower Systems,"Denver, CO",Full-time,"Digital Marketing, Excel, Market Research, Marketing Analytics, Conversion Rate Optimization, SQL, Communication",60670,77818,"Marketing, Sales & Growth"
Social Media Manager,Meridian Commerce,"Austin, TX",Full-time,"Social Media Marketing, Influencer Marketing, Content Marketing, Brand Strategy, Copywriting, Negotiation",75933,108910,"Marketing, Sales & Growth"
Senior Email Marketing Specialist,Lumen Cloud Labs,"Los Angeles, CA",Full-time,"Email Marketing, Marketing Analytics, CRM Management",116679,146113,"Marketing, Sales & Growth"
Social Media Manager,Bluepeak Group,"Miami, FL",Internship,"Influencer Marketing, Copywriting, Brand Strategy, Paid Social Advertising, Collaboration",22755,42000,"Marketing, Sales & Growth"
Senior Business Development Manager,Ashgrove Commerce,Remote,Internship,"Salesforce, Lead Generation, CRM Management, Account-Based Marketing",31393,42000,"Marketing, Sales & Growth"
Affiliate Marketing Manager,Havenwood Systems,"Chicago, IL",Full-time,"Marketing Analytics, Affiliate Marketing, Conversion Rate Optimization, Lead Generation, Communication",86770,103026,"Marketing, Sales & Growth"
Senior Brand Strategist,Driftwood Commerce,Remote,Contract,"Marketing Analytics, Public Relations, Content Strategy, Market Research, Brand Strategy, Agile Methodology",110621,143858,"Marketing, Sales & Growth"
Affiliate Marketing Manager,Lumen Studio,"Los Angeles, CA",Contract,"Digital Marketing, Lead Generation, Marketing Analytics, Conversion Rate Optimization, Project Management",76564,86688,"Marketing, Sales & Growth"
Public Relations Specialist,Granite Ventures,"Amsterdam, Netherlands",Full-time,"Copywriting, Public Relations, Content Strategy",80628,92039,"Marketing, Sales & Growth"
Senior Growth Manager,Crestline Interactive,"Dublin, Ireland",Internship,"Growth Hacking, Paid Social Advertising, Conversion Rate Optimization, Lead Generation, Paid Search Advertising, Agile Methodology",23857,42000,"Marketing, Sales & Growth"
Manager Affiliate Marketing Manager,Driftwood Commerce,"London, UK",Full-time,"Affiliate Marketing, Digital Marketing, Lead Generation, Conversion Rate Optimization",123399,159026,"Marketing, Sales & Growth"
SENIOR BUSINESS DEVELOPMENT MANAGER,Sterling Solutions,Remote,Full-time,"Salesforce, Negotiation, ACCOUNT-BASED MARKETING, Sales Forecasting, Lead Generation",119885,132787,"Marketing, Sales & Growth"
Junior Public Relations Specialist,Marble Systems,Remote,Internship,"Copywriting, Public Relations, Brand Strategy, PRESENTATION SKILLS",29759,42000,"Marketing, Sales & Growth"
Manager Digital Marketing Manager,Cascade Group,"Portland, OR",Contract,"SEO, Paid Search Advertising, Marketing Analytics, Paid Social Advertising, Email Marketing, Marketing Automation",110073,158685,"Marketing, Sales & Growth"
Intern Content Marketing,Windmere Bridge Tech,"Miami, FL",Internship,"Social Media Marketing, SEO, Public Relations, Copywriting, Content Strategy, Email Marketing, Communication",26094,35849,"Marketing, Sales & Growth"
Manager SEO Manager,Ironwood Partners,"San Francisco, CA",Full-time,"Digital Marketing, Conversion Rate Optimization, Content Marketing, Marketing Analytics, SEO, Public Speaking",123526,157990,"Marketing, Sales & Growth"
Sales Development Representative,Vertex Bridge Tech,Singapore,Internship,"Salesforce, CRM Management, Negotiation, Sales Forecasting",25537,42000,"Marketing, Sales & Growth"
Digital Marketing Specialist,Cascade Ventures,Remote,Part-time,"Paid Social Advertising, Paid Search Advertising, Email Marketing, Marketing Analytics, Collaboration",41418,57783,"Marketing, Sales & Growth"
Lead Marketing Automation Specialist,Pinnacle Digital,"Amsterdam, Netherlands",Contract,"Marketing Automation, Email Marketing, Lead Generation, CRM Management, Agile Methodology",132146,152260,"Marketing, Sales & Growth"
Senior Influencer Marketing Manager,Falconhurst Group,Remote,Full-time,"Brand Strategy, Social Media Marketing, Influencer Marketing, Marketing Analytics, Content Marketing, Communication",100930,110721,"Marketing, Sales & Growth"
Senior Influencer Marketing Manager,Marble Solutions,"San Francisco, CA",Contract,"Marketing Analytics, Brand Strategy, Influencer Marketing",105539,116452,"Marketing, Sales & Growth"
Senior Demand Generation Manager,Crestline Group,"Boston, MA",Internship,"CRM Management, Account-Based Marketing, Lead Generation",32518,42000,"Marketing, Sales & Growth"
Senior Public Relations Specialist,Crestline Partners,"San Francisco, CA",Full-time,"Social Media Marketing, Public Relations, Content Strategy, Brand Strategy, Copywriting",117109,128523,"Marketing, Sales & Growth"
Senior Brand Manager,Cobalt Cloud Labs,Remote,Part-time,"Marketing Analytics, PR, Social Media Marketing",56814,62983,"Marketing, Sales & Growth"
Junior Marketing Analyst,Larkspur Networks,Remote,Full-time,"Excel, Conversion Rate Optimization, Market Research, SQL",60628,75446,"Marketing, Sales & Growth"
Social Media Coordinator,Driftwood Commerce,"Denver, CO",Internship,"Social Media Marketing, Brand Strategy, Paid Social Advertising, Content Marketing, Copywriting, Influencer Marketing, Negotiation",20342,42000,"Marketing, Sales & Growth"
Product Marketing Manager,Lumen Studio,Remote,Full-time,"Marketing Analytics, Lead Generation, Brand Strategy, Content Strategy, Market Research",76042,83787,"Marketing, Sales & Growth"
Lead Business Development Manager,Marble Solutions,"Denver, CO",Full-time,"Lead Generation, Sales Forecasting, CRM Management, Negotiation, Salesforce",141591,174896,"Marketing, Sales & Growth"
Influencer Marketing Manager,Pinnacle Ventures,"Portland, OR",Part-time,"Social Media Marketing, Marketing Analytics, Influencer Marketing, Content Marketing, Collaboration",45830,54236,"Marketing, Sales & Growth"
Junior Account Executive,Ironwood Studio,Remote,Part-time,"Account-Based Marketing, Salesforce, Negotiation, CRM Management, Lead Generation",34627,40908,"Marketing, Sales & Growth"
Lead Copywriter,Clearwater Digital,"New York, NY",Full-time,"SEO, Social Media Marketing, Content Strategy, Email Marketing, Public Relations, Copywriting, Negotiation",135426,144364,"Marketing, Sales & Growth"
Senior Demand Generation Manager,Onyx Brands,Remote,Full-time,"Marketing Analytics, Lead Generation, Paid Search Advertising, Marketing Automation, CRM Management, Account-Based Marketing",106216,137354,"Marketing, Sales & Growth"
Lead Brand Manager,Cascade Growth Co,"Seattle, WA",Full-time,"Brand Strategy, Content Strategy, Public Relations, Negotiation",145172,170290,"Marketing, Sales & Growth"
Sales Manager,Sterling Systems,"London, UK",Full-time,"Negotiation, Account-Based Marketing, CRM Management, Salesforce, Customer Retention Strategy, Lead Generation",86480,106213,"Marketing, Sales & Growth"
Manager Sales Manager,Falconhurst Media Group,"Dublin, Ireland",Internship,"Customer Retention Strategy, CRM Management, Salesforce, Negotiation, Communication",26162,42000,"Marketing, Sales & Growth"
Senior Growth Manager,Marble Solutions,"Atlanta, GA",Full-time,"Customer Retention Strategy, Marketing Analytics, Lead Generation, Growth Hacking",105390,132194,"Marketing, Sales & Growth"
Email Marketing Specialist,Rosemount Analytics,Singapore,Internship,"Lead Generation, Email Marketing, Marketing Automation, Copywriting",28134,42000,"Marketing, Sales & Growth"
Junior Marketing Automation Specialist,Falconhurst Systems,"New York, NY",Full-time,"Marketing Automation, CRM Management, Lead Generation, HubSpot, Marketing Analytics",60865,79795,"Marketing, Sales & Growth"
Growth Hacker,Ashgrove Commerce,Remote,Full-time,"Lead Generation, Growth Hacking, Paid Social Advertising, Marketing Analytics, Paid Search Advertising, Conversion Rate Optimization, Excel",85148,100871,"Marketing, Sales & Growth"
VP of Sales,Solstice Bridge Tech,"Austin, TX",Full-time,"Marketing Analytics, Brand Strategy, Sales Forecasting",162246,176444,"Marketing, Sales & Growth"
SENIOR EMAIL MARKETING SPECIALIST,Pinnacle Digital,Remote,Full-time,"MARKETING AUTOMATION, Copywriting, Email Marketing",111463,146075,"Marketing, Sales & Growth"
Senior Marketing Automation Specialist,Falconhurst Group,Singapore,Full-time,"Marketing Analytics, Marketing Automation, Email Marketing, CRM Management, HubSpot, Lead Generation",111396,136992,"Marketing, Sales & Growth"
Senior Growth Marketer,Silverlane Group,"Austin, TX",Full-time,"Customer Retention Strategy, Paid Social Advertising, Marketing Analytics",105712,132114,"Marketing, Sales & Growth"
Intern Business Development Representative,Lumen Cloud Labs,Singapore,Full-time,"CRM Management, Account-Based Marketing, Salesforce, Negotiation",22842,39508,"Marketing, Sales & Growth"
Junior Social Media Manager,Cobalt Labs,"Austin, TX",Full-time,"Paid Social Advertising, Content Marketing, Copywriting, Brand Strategy, Influencer Marketing",62087,70564,"Marketing, Sales & Growth"
Manager SEO Manager,Cascade Group,"Toronto, Canada",Full-time,"SEO, Content Strategy, Content Marketing, Digital Marketing",122630,135146,"Marketing, Sales & Growth"
MANAGER INFLUENCER MARKETING MANAGER,Northgate Cloud Labs,"San Francisco, CA",Internship,"CONTENT MARKETING, Social Media Marketing, Brand Strategy, Influencer Marketing, Communication",33162,42000,"Marketing, Sales & Growth"
Intern Business Development Representative,Auroraline Commerce,"Portland, OR",Full-time,"Salesforce, Account-Based Marketing, Lead Generation, CRM Management, Negotiation, Sales Forecasting, Excel",23887,33249,"Marketing, Sales & Growth"
Email Marketing Specialist,Lumen Cloud Labs,"New York, NY",Part-time,"Marketing Automation, Email Marketing, Copywriting, Marketing Analytics, Lead Generation, CRM Management",44499,56488,"Marketing, Sales & Growth"
  Manager CRM Manager  ,Pinnacle Networks,"Berlin, Germany",Full-time,"CUSTOMER RETENTION STRATEGY, Sales Forecasting, CRM Management, Salesforce, HubSpot, Marketing Automation",130602,148043,"Marketing, Sales & Growth"
Intern Business Development Representative,Northgate Cloud Labs,Remote,Full-time,"Sales Forecasting, Negotiation, CRM Management",20563,25799,"Marketing, Sales & Growth"
Lead Content Marketing,Crestline Interactive,Remote,Full-time,"Public Relations, Social Media Marketing, Content Marketing, Email Marketing, Communication",138699,170376,"Marketing, Sales & Growth"
Head of Growth,Fernbrook Cloud Labs,"Sydney, Australia",Full-time,"Sales Forecasting, Market Research, Brand Strategy, CRM Management, Public Relations, Agile Methodology",143751,159989,"Marketing, Sales & Growth"
Junior Sales Development Representative,LUMEN DIGITAL,Remote,Full-time,"CRM Management, Lead Generation, account-based marketing, Salesforce, Sales Forecasting, Public Speaking",61689,72146,"Marketing, Sales & Growth"
Growth Manager,Pinnacle Networks,"Los Angeles, CA",Full-time,"Marketing Analytics, Paid Search Advertising, Customer Retention Strategy, Paid Social Advertising, Lead Generation",88430,108681,"Marketing, Sales & Growth"
Junior Brand Strategist,Vertex Analytics,Remote,Contract,"Social Media Marketing, Content Strategy, Brand Strategy, Market Research",56496,66796,"Marketing, Sales & Growth"
Email Marketing Specialist,Falconhurst Media Group,"London, UK",Full-time,"CRM Management, Marketing Analytics, Marketing Automation, Presentation Skills",82759,94816,"Marketing, Sales & Growth"
Junior Content Marketing,Ashgrove Bridge Tech,"Miami, FL",Full-time,"SEO, Content Strategy, Copywriting, Social Media Marketing, Collaboration",63404,68911,"Marketing, Sales & Growth"
Social Media Manager,Amberfield Bridge Tech,"Seattle, WA",Full-time,"Content Marketing, Social Media Marketing,  Brand Strategy,Brand Strategy",80906,100372,"Marketing, Sales & Growth"
Junior Growth Hacker,Wildflower Growth Co,"London, UK",Full-time,"Growth Hacking, Paid Social Advertising, Lead Generation, Marketing Analytics, Conversion Rate Optimization, Paid Search Advertising",55751,71637,"Marketing, Sales & Growth"
Influencer Marketing Manager,Granite Ventures,Singapore,Full-time,"Content Marketing, Social Media Marketing, Influencer Marketing, Brand Strategy, Marketing Analytics, Agile Methodology",87949,102120,"Marketing, Sales & Growth"
Junior Digital Marketing Specialist,Amberfield Bridge Tech,"Atlanta, GA",Internship,"Marketing Analytics, Marketing Automation, Email Marketing, Paid Social Advertising, Paid Search Advertising, SEO, Agile Methodology",22921,42000,"Marketing, Sales & Growth"
Manager Influencer Marketing Manager,Timbergate Solutions,Remote,Full-time,"Influencer Marketing, Marketing Analytics, Social Media Marketing, Content Marketing",127791,141864,"Marketing, Sales & Growth"
Junior Digital Marketing Specialist,Vertex Partners,"Chicago, IL",Full-time,"Paid Search Advertising, Marketing Analytics, Digital Marketing, SEO",57275,78570,"Marketing, Sales & Growth"
Lead Content Marketing,Meridian Brands,"Boston, MA",Contract,"SEO, Content Marketing, Social Media Marketing, Email Marketing, Presentation Skills",133821,169927,"Marketing, Sales & Growth"
Junior Marketing Analyst,Havenwood Interactive,Remote,Internship,"Conversion Rate Optimization, Digital Marketing, Marketing Analytics, Agile Methodology",24104,42000,"Marketing, Sales & Growth"
Junior Digital Marketing Specialist,Wildflower Growth Co,"Denver, CO",Part-time,"Paid Search Advertising, Marketing Analytics, Email Marketing, Project Management",32718,41704,"Marketing, Sales & Growth"
Content Strategist,Granite Bridge Tech,"Austin, TX",Contract,"Email Marketing, Content Marketing, Content Strategy, Social Media Marketing, Copywriting",81130,103110,"Marketing, Sales & Growth"
Senior Sales Operations Analyst,Everline Networks,"Sydney, Australia",Full-time,"Market Research, Sales Forecasting, Marketing Analytics, CRM Management, Salesforce, Excel, Agile Methodology",117683,145860,"Marketing, Sales & Growth"
Business Development Manager,Windmere Bridge Tech,"Austin, TX",Internship,"Customer Retention Strategy, Account-Based Marketing, Lead Generation",30677,42000,"Marketing, Sales & Growth"
Senior Brand Strategist,Vertex Partners,"Portland, OR",Full-time,"Brand Strategy, Market Research, Social Media Marketing, Public Relations",106153,119613,"Marketing, Sales & Growth"
Senior Copywriter,Silverlane Group,"Amsterdam, Netherlands",Full-time,"Public Relations, Content Marketing, SEO, Social Media Marketing, Copywriting, Communication",115150,142393,"Marketing, Sales & Growth"
Junior Copywriter,Onyx Brands,"London, UK",Full-time,"Content Marketing, Copywriting, Social Media Marketing, Email Marketing, SEO, Content Strategy",59137,72189,"Marketing, Sales & Growth"
Junior Digital Marketing Specialist,Clearwater Brands,Remote,Full-time,"Paid Search Advertising, Marketing Analytics, SEO, Paid Social Advertising, Digital Marketing",55047,70008,"Marketing, Sales & Growth"
CRM Manager,Bluepeak Group,Remote,Contract,"Marketing Automation, Salesforce, Customer Retention Strategy, HubSpot",80620,93547,"Marketing, Sales & Growth"
Marketing Automation Specialist,Larkspur Networks,"Toronto, Canada",Internship,"HubSpot, Email Marketing, Lead Generation, Marketing Analytics",22337,42000,"Marketing, Sales & Growth"
VP of Marketing,Ironwood Partners,"Miami, FL",Full-time,"Market Research, Sales Forecasting, Growth Hacking, Public Relations",143403,165949,"Marketing, Sales & Growth"
Junior Marketing Automation Specialist,Meridian Brands,Singapore,Full-time,"CRM Management, Lead Generation, Email Marketing, Marketing Analytics, Negotiation",61401,69508,"Marketing, Sales & Growth"
Demand Generation Manager,Marble Systems,"Chicago, IL",Full-time,"Lead Generation, Paid Search Advertising, Marketing Analytics, Marketing Automation, CRM Management",76183,103573,"Marketing, Sales & Growth"
Senior Business Development Manager,Granite Brands,"Dublin, Ireland",Internship,"CRM Management, Account-Based Marketing, Customer Retention Strategy, Negotiation",32899,42000,"Marketing, Sales & Growth"
Head of Growth,Ashgrove Commerce,"Denver, CO",Full-time,"Marketing Analytics, Growth Hacking, Market Research, CRM Management, Brand Strategy, Sales Forecasting, Collaboration",143124,170981,"Marketing, Sales & Growth"
Growth Hacker,Marble Media Group,"New York, NY",Part-time,"Growth Hacking, Paid Social Advertising, Paid Search Advertising, Lead Generation, Customer Retention Strategy, Marketing Analytics, Public Speaking",44965,56017,"Marketing, Sales & Growth"
Social Media Manager,Crestline Group,"Seattle, WA",Full-time,"Social Media Marketing, Brand Strategy, Influencer Marketing, Paid Social Advertising, Copywriting, Collaboration",83529,94412,"Marketing, Sales & Growth"
Intern Copywriter,Meridian Commerce,Remote,Full-time,"Content Marketing, Content Strategy, Social Media Marketing, Public Speaking",25448,37454,"Marketing, Sales & Growth"
Junior SEO Specialist,Timbergate Solutions,"Atlanta, GA",Full-time,"Digital Marketing, SEO, Content Strategy, Marketing Analytics, Conversion Rate Optimization, Content Marketing",59574,76680,"Marketing, Sales & Growth"
Junior Content Marketing,Cascade Group,"Denver, CO",Full-time,"Public Relations, SEO, Content Marketing, Project Management",62460,79312,"Marketing, Sales & Growth"
Intern Business Development Representative,Timbergate Networks,"Atlanta, GA",Part-time,"Sales Forecasting, CRM Management, Account-Based Marketing, Negotiation",11727,17908,"Marketing, Sales & Growth"
Manager Public Relations Manager,Timbergate Solutions,Singapore,Full-time,"Market Research, Brand Strategy, Social Media Marketing, Project Management",133900,160889,"Marketing, Sales & Growth"
Lead Sales Manager,Basalt Digital,"Austin, TX",Internship,"Sales Forecasting, negotiation, Account-Based Marketing",22403,42000,"Marketing, Sales & Growth"
Manager Marketing Analytics Manager,Ashgrove Commerce,Remote,Full-time,"Digital Marketing, Marketing Analytics, Excel, Excel",132749,154765,"Marketing, Sales & Growth"
Junior Growth Hacker,Wildflower Systems,"Denver, CO",Full-time,"Customer Retention Strategy, Marketing Analytics, Paid Search Advertising, Growth Hacking",63122,72256,"Marketing, Sales & Growth"
Lead Business Development Manager,Granite Bridge Tech,"Sydney, Australia",Full-time,"Sales Forecasting, Account-Based Marketing, CRM Management, Salesforce, Customer Retention Strategy, Negotiation, Presentation Skills",141848,167768,"Marketing, Sales & Growth"
Manager Social Media Manager,Cobalt Bridge Tech,Singapore,Contract,"Content Marketing, Social Media Marketing, Brand Strategy, Paid Social Advertising, Influencer Marketing, Copywriting",128931,140599,"Marketing, Sales & Growth"
Intern Business Development Representative,Granite Systems,"Austin, TX",Full-time,"CRM Management, Negotiation, Sales Forecasting,   Lead Generation  ",26535,37676,"Marketing, Sales & Growth"
Junior Content Marketing,Crestline Group,"Atlanta, GA",Part-time,"Content Strategy, Public Relations, Email Marketing, Social Media Marketing, SEO, Content Marketing",31504,40016,"Marketing, Sales & Growth"
VP of Sales,Basalt Digital,"Berlin, Germany",Full-time,"Growth Hacking, CRM Management, Market Research, Public Relations, Marketing Analytics",154939,188672,"Marketing, Sales & Growth"
Junior Digital Marketing Specialist,Cobalt Labs,"Atlanta, GA",Internship,"Email Marketing, Digital Marketing, SEO, Paid Search Advertising, Paid Social Advertising, Public Speaking",33894,42000,"Marketing, Sales & Growth"
VP of Sales,Onyx Partners,"Dublin, Ireland",Internship,"Sales Forecasting, Growth Hacking, Brand Strategy, Marketing Analytics, Public Relations",27153,42000,"Marketing, Sales & Growth"
Senior Sales Manager,Sterling Networks,"Miami, FL",Full-time,"Lead Generation, Salesforce, CRM Management, Account-Based Marketing, Excel",106453,146451,"Marketing, Sales & Growth"
Copywriter,Pinnacle Ventures,Remote,Contract,"Copywriting, Public Relations, Social Media Marketing, Email Marketing",87985,106666,"Marketing, Sales & Growth"
Senior Influencer Marketing Manager,Falconhurst Networks,Singapore,Internship,"Content Marketing, Marketing Analytics, Influencer Marketing",34486,42000,"Marketing, Sales & Growth"
Business Development Representative,Crestline Interactive,"Boston, MA",Internship,"Account-Based Marketing, Lead Generation, Sales Forecasting",20803,42000,"Marketing, Sales & Growth"
Head of Growth,Cobalt Partners,"Boston, MA",Full-time,"Public Relations, Sales Forecasting, Growth Hacking",130335,145806,"Marketing, Sales & Growth"
Junior Growth Hacker,Fernbrook Cloud Labs,"Chicago, IL",Internship,"Marketing Analytics, Customer Retention Strategy, Growth Hacking, Paid Social Advertising",21164,42000,"Marketing, Sales & Growth"
Intern Sales Development Representative,Silverlane Group,Singapore,Full-time,"Account-Based Marketing, Sales Forecasting, Salesforce, Negotiation",22370,33438,"Marketing, Sales & Growth"
Junior Email Marketing Specialist,Clearwater Digital,"Los Angeles, CA",Full-time,"Email Marketing, Marketing Analytics, Lead Generation, Project Management",60922,73529,"Marketing, Sales & Growth"
Senior Growth Manager,Ironwood Commerce,Remote,Full-time,"Conversion Rate Optimization, Growth Hacking, Marketing Analytics",111775,144664,"Marketing, Sales & Growth"
Senior Sales Manager,Windmere Bridge Tech,Singapore,Full-time,"Customer Retention Strategy, Sales Forecasting, Account-Based Marketing, Negotiation, CRM Management",116212,143024,"Marketing, Sales & Growth"
Senior Brand Strategist,Amberfield Digital,"Los Angeles, CA",Contract,"Social Media Marketing, Public Relations, Market Research, Content Strategy, Presentation Skills",106453,145833,"Marketing, Sales & Growth"
SEO Specialist,Northgate Cloud Labs,"Berlin, Germany",Full-time,"Content Marketing, Content Strategy, Marketing Analytics, Digital Marketing",86317,103056,"Marketing, Sales & Growth"
Lead Growth Manager,Ironwood Commerce,"Berlin, Germany",Full-time,"Marketing Analytics, Paid Search Advertising, Paid Social Advertising, Customer Retention Strategy, Conversion Rate Optimization, Communication",145904,162551,"Marketing, Sales & Growth"
Head of Growth,Redwood Holdings,Remote,Full-time,"CRM Management, Sales Forecasting, Brand Strategy, Public Relations, Marketing Analytics, Negotiation",144236,174060,"Marketing, Sales & Growth"
  Head of Growth  ,Pinnacle Networks,"Los Angeles, CA",Full-time,"Brand Strategy, Sales Forecasting, Market Research, CRM Management, Marketing Analitics",146676,165169,"Marketing, Sales & Growth"
Senior Influencer Marketing Manager,Falconhurst Networks,"Amsterdam, Netherlands",Full-time,"Content Marketing, Influencer Marketing, Brand Strategy, Marketing Analytics, Social Media Marketing, Presentation Skills",115834,123953,"Marketing, Sales & Growth"
Brand Strategist,Solstice Bridge Tech,Remote,Full-time,"Marketing Analytics, Market Research, Social Media Marketing, Brand Strategy, Content Strategy",85302,103191,"Marketing, Sales & Growth"
Intern Digital Marketing Specialist,Granite Brands,"Amsterdam, Netherlands",Internship,"Marketing Automation, Paid Social Advertising, Digital Marketing",27216,34161,"Marketing, Sales & Growth"
Senior Growth Marketer,Cobalt Labs,Remote,Full-time,"Paid Social Advertising, Conversion Rate Optimization, Lead Generation, Growth Hacking, Customer Retention Strategy, Paid Search Advertising, Public Speaking",110280,140783,"Marketing, Sales & Growth"
Brand Manager,Onyx Brands,"Dublin, Ireland",Full-time,"Market Research, Marketing Analytics, Public Relations, Content Strategy, Brand Strategy",83326,91443,"Marketing, Sales & Growth"
Manager Sales Manager,Driftwood Commerce,Remote,Full-time,"Sales Forecasting, Salesforce, Lead Generation",127686,169871,"Marketing, Sales & Growth"
Marketing Automation Specialist,Quartzridge Analytics,"Austin, TX",Full-time,"Email Marketing, CRM Management, HubSpot, Agile Methodology",78335,88823,"Marketing, Sales & Growth"
Junior Growth Hacker,Havenwood Interactive,"Toronto, Canada",Full-time,"Paid Social Advertising, Lead Generation, Customer Retention Strategy, Growth Hacking, Agile Methodology",61259,66107,"Marketing, Sales & Growth"
Senior Sales Operations Analyst,Amberfield Analytics,"Portland, OR",Full-time,"Sales Forecasting, Market Research, Excel, Salesforce",106194,134964,"Marketing, Sales & Growth"
Senior Business Development Manager,Basalt Digital,"Dublin, Ireland",Full-time,"Lead Generation, Salesforce, Customer Retention Strategy, CRM Management, Negotiation, Sales Forecasting, Agile Methodology",107191,145769,"Marketing, Sales & Growth"
Intern Social Media Coordinator,Cobalt Partners,"Austin, TX",Full-time,"Brand Strategy, Content Marketing, Influencer Marketing, Paid Social Advertising",25450,28466,"Marketing, Sales & Growth"
Brand Strategist,Falconhurst Networks,"Austin, TX",Internship,"Brand Strategy, Content Strategy, Marketing Analytics, Social Media Marketing, Communication",33147,42000,"Marketing, Sales & Growth"
Manager Demand Generation Manager,Bluepeak Group,"Los Angeles, CA",Full-time,"CRM Management, Marketing Automation, Paid Search Advertising, Marketing Analytics",128858,141597,"Marketing, Sales & Growth"
Senior Public Relations Specialist,Ashgrove Commerce,"Dublin, Ireland",Full-time,"Copywriting, Brand Strategy, Public Relations, Content Strategy, Market Research, Collaboration",114614,128759,"Marketing, Sales & Growth"
Manager CRM Manager,Wildflower Cloud Labs,"Toronto, Canada",Part-time,"Customer Retention Strategy, CRM Management, HubSpot, Sales Forecasting",69692,85862,"Marketing, Sales & Growth"
Manager SEO Manager,Anchorpoint Analytics,"Sydney, Australia",Contract,"Conversion Rate Optimization, Digital Marketing, Marketing Analytics, Content Marketing",115990,161036,"Marketing, Sales & Growth"
Senior SEO Specialist,Auroraline Commerce,Remote,Full-time,"Digital Marketing, SEO, Content Strategy, Content Marketing, Conversion Rate Optimization, Marketing Analytics, Agile Methodology",101685,124202,"Marketing, Sales & Growth"
VP of Sales,Crestline Group,"Los Angeles, CA",Full-time,"Marketing Analytics, Public Relations, Market Research, CRM Management, Sales Forecasting, Presentation Skills",146080,155797,"Marketing, Sales & Growth"
VP of Sales,Driftwood Commerce,"Berlin, Germany",Full-time,"Marketing Analytics, Growth Hacking, Public Relations, Brand Strategy, Excel",139063,174403,"Marketing, Sales & Growth"
Manager Influencer Marketing Manager,Sterling Systems,Singapore,Full-time,"Brand Strategy, Content Marketing, Marketing Analytics, Collaboration",116376,126570,"Marketing, Sales & Growth"
Senior Public Relations Manager,Windmere Bridge Tech,"London, UK",Full-time,"Market Research, Social Media Marketing, Content Strategy, Public Relations, Copywriting",106662,128576,"Marketing, Sales & Growth"
Senior Email Marketing Specialist,Anchorpoint Analytics,"New York, NY",Full-time,"Email Marketing, Copywriting, Marketing Automation, Lead Generation, Marketing Analytics, CRM Management, Negotiation",119972,128426,"Marketing, Sales & Growth"
Manager Influencer Marketing Manager,Granite Brands,Remote,Internship,"Content Marketing, Marketing Analytics, Influencer Marketing",20672,42000,"Marketing, Sales & Growth"
Manager Digital Marketing Manager,Lumen Studio,"Los Angeles, CA",Full-time,"Marketing Automation, Marketing Analytics, Paid Search Advertising, Email Marketing, Paid Social Advertising, Digital Marketing, Public Speaking",123838,152395,"Marketing, Sales & Growth"
Sales Operations Analyst,Halcyon Interactive,Remote,Full-time,"Salesforce, Excel, Sales Forecasting",80838,96345,"Marketing, Sales & Growth"
Junior Growth Marketer,Ironwood Studio,Remote,Full-time,"Lead Generation, Growth Hacking, Paid Social Advertising, Communication",57697,73150,"Marketing, Sales & Growth"
Senior Account Executive,Falconhurst Systems,Remote,Full-time,"Account-Based Marketing, Negotiation, Sales Forecasting, Customer Retention Strategy, Negotiation",105568,131266,"Marketing, Sales & Growth"
Senior Marketing Automation Specialist,Amberfield Bridge Tech,Remote,Full-time,"Marketing Analytics, Email Marketing, Marketing Automation, CRM Management, HubSpot, Negotiation",103351,142175,"Marketing, Sales & Growth"
Lead Content Marketing,Lumen Studio,"Austin, TX",Full-time,"Copywriting, Email Marketing, SEO, Public Relations, Content Marketing, Social Media Marketing",142158,158793,"Marketing, Sales & Growth"
Public Relations Specialist,Ironwood Commerce,Remote,Full-time,"Copywriting, Content Strategy, Brand Strategy, Public Relations, Social Media Marketing, Market Research, Excel",75813,108968,"Marketing, Sales & Growth"
Senior Business Development Manager,Redwood Holdings,"Sydney, Australia",Internship,"Account-Based Marketing, Negotiation, CRM Management",30178,42000,"Marketing, Sales & Growth"
Lead SEO Specialist,Wildflower Growth Co,"New York, NY",Full-time,"Content Strategy, Content Marketing, Marketing Analytics",139753,148636,"Marketing, Sales & Growth"
Lead Growth Marketer,Sterling Systems,"Atlanta, GA",Full-time,"Paid Social Advertising, PAID SEARCH ADVERTISING, Conversion Rate Optimization",146172,161991,"Marketing, Sales & Growth"
SEO Specialist,Clearwater Brands,"London, UK",Full-time,"Marketing Analytics, Conversion Rate Optimization, Digital Marketing, Content Marketing, Excel",85183,92166,"Marketing, Sales & Growth"
Junior Email Marketing Specialist,Marble Media Group,"Austin, TX",Part-time,"Copywriting, Marketing Automation, Lead Generation, CRM Management, Email Marketing, Marketing Analytics",35175,38603,"Marketing, Sales & Growth"
Influencer Marketing Manager,Meridian Brands,"Berlin, Germany",Full-time,"Marketing Analytics, Brand Strategy, Influencer Marketing, Content Marketing, Social Media Marketing, Negotiation",83162,101565,"Marketing, Sales & Growth"
SEO Specialist,Pinnacle Networks,"Toronto, Canada",Internship,"Conversion Rate Optimization, Content Strategy, Content Marketing, SEO, Digital Marketing, Public Speaking",24101,42000,"Marketing, Sales & Growth"
Junior Marketing Automation Specialist,Ashgrove Commerce,"Sydney, Australia",Full-time,"HubSpot, Email Marketing, Lead Generation, Marketing Automation, Marketing Analytics, Excel",56273,79515,"Marketing, Sales & Growth"
Senior Growth Manager,Vertex Bridge Tech,Remote,Full-time,"Growth Hacking, Marketing Analytics, Conversion Rate Optimization, Paid Search Advertising, Paid Social Advertising",109608,134823,"Marketing, Sales & Growth"
Growth Manager,Solstice Labs,"Portland, OR",Internship,"Conversion Rate Optimization, Marketing Analytics, Paid Search Advertising",33298,42000,"Marketing, Sales & Growth"
Digital Marketing Manager,Amberfield Bridge Tech,"Los Angeles, CA",Full-time,"Paid Search Advertising, Marketing Automation, Marketing Analytics",81153,90201,"Marketing, Sales & Growth"
Lead Brand Manager,Bluepeak Group,"Atlanta, GA",Part-time,"Social Media Marketing, Brand Strategy, Market Research, Public Relations, Collaboration",78885,86678,"Marketing, Sales & Growth"
Senior Affiliate Marketing Manager,Basalt Marketing Collective,Remote,Full-time,"Conversion Rate Optimization, Marketing Analytics, Lead Generation, affiliate marketing, Digital Marketing, Communication",107086,138013,"Marketing, Sales & Growth"
Social Media Manager,Auroraline Commerce,"London, UK",Contract,"Brand Strategy, Influencer Marketing, Social Media Marketing, Negotiation",88868,100750,"Marketing, Sales & Growth"
Manager SEO Manager,Meridian Brands,"Berlin, Germany",Full-time,"Content Marketing, Digital Marketing, Content Strategy, Conversion Rate Optimization, Collaboration",116307,130397,"Marketing, Sales & Growth"
Junior SEO Specialist,Cascade Growth Co,"Portland, OR",Full-time,"Content Strategy, Content Marketing, Digital Marketing, SEO",59723,78169,"Marketing, Sales & Growth"
Senior Affiliate Marketing Manager,Marble Analytics,"Berlin, Germany",Contract,"Marketing Analytics, Affiliate Marketing, Conversion Rate Optimization, Agile Methodology",104051,136698,"Marketing, Sales & Growth"
Senior Demand Generation Manager,Marble Systems,"New York, NY",Full-time,"Lead Generation, Account-Based Marketing, Paid Search Advertising, Marketing Analytics, CRM Management, Marketing Automation",108399,129666,"Marketing, Sales & Growth"
Manager Influencer Marketing Manager,Brightpath Labs,"San Francisco, CA",Internship,"Social Media Marketing, Content Marketing, Marketing Analytics, Brand Strategy, Project Management",32959,42000,"Marketing, Sales & Growth"
Intern Copywriter,Halcyon Interactive,Remote,Full-time,"Content Marketing, Copywriting, SEO, Email Marketing, Content Strategy, Social Media Marketing",23432,31123,"Marketing, Sales & Growth"
Lead Brand Manager,Granite Brands,"Austin, TX",Full-time,"Social Media Marketing, Content Strategy, Brand Strategy, Public Speaking",146729,156947,"Marketing, Sales & Growth"
Manager Growth Manager,Ironwood Commerce,"Amsterdam, Netherlands",Full-time,"Growth Hacking, Marketing Analytics, Paid Social Advertising, Lead Generation",122538,132199,"Marketing, Sales & Growth"
Senior Brand Strategist,Meridian Brands,"Miami, FL",Part-time,"Marketing Analytics, Public Relations, Market Research, Social Media Marketing, Agile Methodology",64430,76679,"Marketing, Sales & Growth"
SEO Specialist,Havenwood Systems,"Austin, TX",Full-time,"Conversion Rate Optimization, Content Strategy, SEO, Digital Marketing, Project Management",88497,100377,"Marketing, Sales & Growth"
Marketing Automation Specialist,Bluepeak Growth Co,"Miami, FL",Full-time,"Marketing Analytics, CRM Management, Marketing Automation, HubSpot, Lead Generation, Email Marketing, Excel",79492,96218,"Marketing, Sales & Growth"
Senior Product Marketing Manager,Vertex Analytics,"Denver, CO",Internship,"Public Relations, Brand Strategy, Content Strategy, Market Research, Lead Generation",22841,42000,"Marketing, Sales & Growth"
Senior Product Marketing Manager,Clearwater Digital,"Amsterdam, Netherlands",Full-time,"Market Research, Content Strategy, Public Relations, Lead Generation, Brand Strategy",104091,142432,"Marketing, Sales & Growth"
CRM Manager,Lumen Digital,"Miami, FL",Internship,"Salesforce, Sales Forecasting, CRM Management, Marketing Automation, HubSpot",23710,42000,"Marketing, Sales & Growth"
Junior Growth Hacker,Onyx Partners,Singapore,Full-time,"Growth Hacking, Paid Search Advertising, Paid Social Advertising",55881,76281,"Marketing, Sales & Growth"
Manager Sales Manager,Driftwood Growth Co,"Chicago, IL",Internship,"CRM Management, Negotiation, Account-Based Marketing, Customer Retention Strategy, Lead Generation",29152,42000,"Marketing, Sales & Growth"
Intern Marketing Analyst,Pinnacle Digital,"Toronto, Canada",Full-time,"Market Research, SQL, Marketing Analytics, Digital Marketing, Project Management",23627,30933,"Marketing, Sales & Growth"
Senior Brand Strategist,Cobalt Cloud Labs,"Denver, CO",Full-time,"Marketing Analytics, Brand Strategy, Public Relations, Content Strategy, Social Media Marketing, Market Research",101425,146886,"Marketing, Sales & Growth"
Manager Affiliate Marketing Manager,Solstice Bridge Tech,"Berlin, Germany",Contract,"Marketing Analytics, Digital Marketing, Affiliate Marketing",114650,166182,"Marketing, Sales & Growth"
Manager CRM Manager,Vertex Bridge Tech,"Los Angeles, CA",Full-time,"CRM Management, Customer Retention Strategy, Marketing Automation, Sales Forecasting, HubSpot, Salesforce, Excel",130305,145370,"Marketing, Sales & Growth"
Manager Marketing Analytics Manager,Halcyon Interactive,"Portland, OR",Internship,"Digital Marketing, Conversion Rate Optimization, Excel",20760,42000,"Marketing, Sales & Growth"
Junior Sales Operations Analyst,Vertex Partners,Remote,Internship,"Market Research, CRM Management, Sales Forecasting, Excel, Salesforce",30098,42000,"Marketing, Sales & Growth"
Junior Marketing Analyst,Timbergate Networks,"Toronto, Canada",Full-time,"Market Research, Conversion Rate Optimization, Digital Marketing, Excel",59069,70937,"Marketing, Sales & Growth"
Senior Sales Manager,Granite Bridge Tech,Remote,Part-time,"Negotiation, Sales Forecasting, CRM Management, Account-Based Marketing, Lead Generation, Salesforce, Presentation Skills",60463,71176,"Marketing, Sales & Growth"
Manager Product Marketing Manager,Driftwood Growth Co,"Denver, CO",Full-time,"Lead Generation, Content Strategy, Marketing Analytics, Brand Strategy",131502,167568,"Marketing, Sales & Growth"
Marketing Analyst,Marble Solutions,"San Francisco, CA",Full-time,"SQL, Market Research, Excel, Conversion Rate Optimization, Marketing Analytics, Digital Marketing, Communication",86759,107517,"Marketing, Sales & Growth"
Marketing Analyst,Cobalt Partners,"Seattle, WA",Contract,"Excel, Marketing Analytics, Conversion Rate Optimization, Market Research, Digital Marketing, Excel",85419,102996,"Marketing, Sales & Growth"
Lead SEO Specialist,Meridian Commerce,"Denver, CO",Full-time,"SEO, Content Strategy, Marketing Analytics, Presentation Skills",144202,158828,"Marketing, Sales & Growth"
Public Relations Specialist,Larkspur Holdings,"Los Angeles, CA",Internship,"Brand Strategy, Social Media Marketing, Public Relations, Copywriting",24242,42000,"Marketing, Sales & Growth"
Manager Product Marketing Manager,Amberfield Digital,Remote,Part-time,"Lead Generation, Brand Strategy, Public Relations, Content Strategy",69382,76205,"Marketing, Sales & Growth"
Senior Product Marketing Manager,Crestline Partners,Remote,Full-time,"Brand Strategy, Lead Generation, Public Relations, Agile Methodology",113194,136979,"Marketing, Sales & Growth"
Senior Growth Hacker,Fernbrook Cloud Labs,Remote,Full-time,"Growth Hacking, Lead Generation, Customer Retention Strategy, Paid Social Advertising, Conversion Rate Optimization, Excel",103948,119259,"Marketing, Sales & Growth"
SALES OPERATIONS ANALYST,Vertex Analytics,"New York, NY",Full-time,"Sales Forecasting, Marketing Analytics, CRM Management, Salesforce, PRESENTATION SKILLS",88522,100053,"Marketing, Sales & Growth"
Social Media Coordinator,Basalt Marketing Collective,Remote,Full-time,"Copywriting, Influencer Marketing, Paid Social Advertising",83146,91821,"Marketing, Sales & Growth"
Manager CRM Manager,Clearwater Brands,"Berlin, Germany",Contract,"Marketing Automation, CRM Management, Customer Retention Strategy, Sales Forecasting",117051,127006,"Marketing, Sales & Growth"
VP of Sales,Windmere Partners,"Boston, MA",Full-time,"Brand Strategy, CRM Management, MARKET RESEARCH, Growth Hacking",136822,173461,"Marketing, Sales & Growth"
Senior Affiliate Marketing Manager,Granite Ventures,"Berlin, Germany",Full-time,"Affiliate Marketing, Conversion Rate Optimization, Lead Generation, Communication",117991,126754,"Marketing, Sales & Growth"
Brand Manager,Brightpath Systems,"Berlin, Germany",Part-time,"Brand Strategy, Marketing Analytics, Market Research, Public Relations, Social Media Marketing, Content Strategy, Agile Methodology",42765,55900,"Marketing, Sales & Growth"
CRM Manager,Falconhurst Solutions,"New York, NY",Full-time,"Salesforce, Marketing Automation, Customer Retention Strategy, CRM Management",79709,100138,"Marketing, Sales & Growth"
Business Development Representative,Marble Analytics,"Portland, OR",Part-time,"Negotiation, Lead Generation, CRM Management, Salesforce, Sales Forecasting, Account-Based Marketing",43711,50694,"Marketing, Sales & Growth"
Senior Growth Hacker,Bluepeak Group,"Berlin, Germany",Full-time,"Conversion Rate Optimization, Growth Hacking, Paid Social Advertising, Communication",108749,148910,"Marketing, Sales & Growth"
VP of Sales,Lumen Cloud Labs,"Denver, CO",Contract,"Marketing Analytics, Sales Forecasting, Public Relations, CRM Management, Brand Strategy",153409,185140,"Marketing, Sales & Growth"
Sales Operations Analyst,Falconhurst Solutions,"London, UK",Part-time,"Sales Forecasting, CRM Management, Excel, Salesforce, Marketing Analytics, Market Research, Presentation Skills",45163,51192,"Marketing, Sales & Growth"
Manager Social Media Manager,Vertex Analytics,"Atlanta, GA",Internship,"Social Media Marketing, Copywriting, Content Marketing",20822,42000,"Marketing, Sales & Growth"
Manager Influencer Marketing Manager,Falconhurst Group,"New York, NY",Contract,"Social Media Marketing, Influencer Marketing, Marketing Analytics, Brand Strategy, Content Marketing, Presentation Skills",119651,153174,"Marketing, Sales & Growth"
Manager Affiliate Marketing Manager,Pinnacle Digital,Remote,Full-time,"Affiliate Marketing, Marketing Analytics, Digital Marketing, Collaboration",132942,143212,"Marketing, Sales & Growth"
Head of Growth,Ironwood Solutions,"Austin, TX",Contract,"Public Relations, Brand Strategy, Marketing Analytics, Sales Forecasting, Negotiation",145204,165323,"Marketing, Sales & Growth"
Manager Business Development Manager,Cascade Group,"Atlanta, GA",Full-time,"Salesforce, Customer Retention Strategy, Sales Forecasting",126186,164225,"Marketing, Sales & Growth"
Manager Affiliate Marketing Manager,Marble Media Group,"Seattle, WA",Full-time,"Digital Marketing, Lead Generation, Conversion Rate Optimization, Marketing Analytics",110890,138703,"Marketing, Sales & Growth"
VP of Marketing,Cascade Ventures,"Amsterdam, Netherlands",Full-time,"Marketing Analytics, Brand Strategy, CRM Management",142224,162927,"Marketing, Sales & Growth"
Lead Brand Manager,Windmere Interactive,"Atlanta, GA",Full-time,"Market Research, Marketing Analytics, Content Strategy, Brand Strategy, Collaboration",131845,147178,"Marketing, Sales & Growth"
SENIOR MARKETING ANALYTICS MANAGER,Falconhurst Group,"Atlanta, GA",Internship,"Market Research, marketing analytics, Digital Marketing",28739,42000,"Marketing, Sales & Growth"
VP of Sales,Redwood Holdings,Remote,Internship,"Public Relations, Marketing Analytics, Brand Strategy, Growth Hacking",33122,42000,"Marketing, Sales & Growth"
Senior Public Relations Specialist,Cobalt Cloud Labs,"Atlanta, GA",Full-time,"Market Research, Copywriting, BRAND STRATEGY, Content Strategy, Social Media Marketing, Project Management",115812,127470,"Marketing, Sales & Growth"
VP of Marketing,Cobalt Networks,Remote,Internship,"Sales Forecasting, Marketing Analytics, Public Relations, CRM Management, Market Research, Growth Hacking",28031,42000,"Marketing, Sales & Growth"
Senior Growth Hacker,Vertex Partners,"Dublin, Ireland",Full-time,"Growth Hacking, Conversion Rate Optimization, Customer Retention Strategy, Paid Search Advertising",107065,148552,"Marketing, Sales & Growth"
Junior Social Media Manager,Marble Media Group,"Seattle, WA",Part-time,"Content Marketing, Social Media Marketing, Copywriting, Influencer Marketing, Paid Social Advertising, Brand Strategy",35550,38212,"Marketing, Sales & Growth"
Intern Business Development Representative,Falconhurst Systems,"Atlanta, GA",Full-time,"Sales Forecasting, Account-Based Marketing, Negotiation, Project Management",27759,32075,"Marketing, Sales & Growth"
Manager CRM Manager,Solstice Labs,Singapore,Part-time,"HubSpot, CRM Management, Sales Forecasting, Marketing Automation, Presentation Skills",70903,80940,"Marketing, Sales & Growth"
Public Relations Manager,Crestline Group,"Denver, CO",Contract,"Copywriting, Content Strategy, Brand Strategy, Public Relations, Social Media Marketing, Collaboration",86245,104460,"Marketing, Sales & Growth"
SENIOR DIGITAL MARKETING MANAGER,Cobalt Partners,"Los Angeles, CA",Full-time,"Marketing Automation, SEO, paid social advertising, Paid Search Advertising, Communication",109403,147533,"Marketing, Sales & Growth"
Junior Copywriter,Pinnacle Networks,"Berlin, Germany",Internship,"Social Media Marketing, SEO, Email Marketing, Excel",27396,42000,"Marketing, Sales & Growth"
Lead Sales Manager,Cobalt Partners,"London, UK",Full-time,"Negotiation, Customer Retention Strategy, Sales Forecasting, Account-Based Marketing",131653,146238,"Marketing, Sales & Growth"
Senior Marketing Analytics Manager,Lumen Cloud Labs,"Miami, FL",Internship,"Conversion Rate Optimization, SQL, Digital Marketing, Marketing Analytics",25475,42000,"Marketing, Sales & Growth"
Manager Brand Manager,Marble Systems,"Austin, TX",Full-time,"Market Research, Public Relations, Brand Strategy, Marketing Analytics",133304,148801,"Marketing, Sales & Growth"
Senior Brand Strategist,Windmere Partners,Remote,Full-time,"Public Relations, Market Research, Social Media Marketing",114370,144911,"Marketing, Sales & Growth"
Junior Public Relations Specialist,Cobalt Bridge Tech,"Dublin, Ireland",Full-time,"Brand Strategy, Copywriting, Social Media Marketing, Content Strategy, Public Relations, Market Research, Negotiation",58525,65964,"Marketing, Sales & Growth"
Manager Growth Manager,Pinnacle Networks,"Dublin, Ireland",Full-time,"Lead Generation, Paid Search Advertising, Paid Social Advertising",114865,141752,"Marketing, Sales & Growth"
Growth Hacker,Rosemount Analytics,"Austin, TX",Full-time,"Growth Hacking, Paid Search Advertising, Marketing Analytics, Conversion Rate Optimization, Presentation Skills",85125,95757,"Marketing, Sales & Growth"
Sales Operations Analyst,Cascade Group,Singapore,Part-time,"Marketing Analytics, Excel, Sales Forecasting, CRM Management, Market Research, Salesforce, Public Speaking",45869,56558,"Marketing, Sales & Growth"
Intern Content Marketing,Everline Networks,Singapore,Full-time,"Copywriting, Content Marketing, SEO, Content Strategy, Public Relations, Social Media Marketing",20145,30112,"Marketing, Sales & Growth"
Manager Demand Generation Manager,Meridian Brands,"Boston, MA",Part-time,"Marketing Analytics, Account-Based Marketing, Lead Generation, Marketing Automation, Public Speaking",62178,82911,"Marketing, Sales & Growth"
Lead SEO Specialist,Fernbrook Cloud Labs,"Boston, MA",Full-time,"Content Marketing, Digital Marketing, Conversion Rate Optimization, SEO, Marketing Analytics, Content Strategy, Public Speaking",133922,144308,"Marketing, Sales & Growth"
Junior Marketing Analyst,Halcyon Cloud Labs,"Boston, MA",Full-time,"Marketing Analytics, Digital Marketing, Conversion Rate Optimization",58307,63895,"Marketing, Sales & Growth"
Junior Brand Strategist,Redwood Holdings,Remote,Full-time,"Content Strategy, Social Media Marketing, Public Relations, Market Research, Project Management",55936,63624,"Marketing, Sales & Growth"
Manager Influencer Marketing Manager,Basalt Digital,"Miami, FL",Internship,"Brand Strategy, Social Media Marketing, Influencer Marketing, Communication",27714,42000,"Marketing, Sales & Growth"
Senior Content Marketing,Cobalt Partners,Remote,Part-time,"Social Media Marketing, SEO, Email Marketing, Communication",64074,77222,"Marketing, Sales & Growth"
Senior Content Strategist,Meridian Brands,"Toronto, Canada",Internship,"Public Relations, Content Strategy, Email Marketing, Content Marketing, SEO, Excel",22318,42000,"Marketing, Sales & Growth"
VP of Marketing,COBALT LABS,"Amsterdam, Netherlands",Full-time,"Public Relations, crm management, Sales Forecasting, Market Research, Communication",150656,179457,"Marketing, Sales & Growth"
VP of Marketing,Bluepeak Brands,"Berlin, Germany",Full-time,"Brand Strategy, CRM Management, Marketing Analytics, Growth Hacking, Sales Forecasting, Market Research",158347,184049,"Marketing, Sales & Growth"
Lead Business Development Manager,Silverlane Group,"Austin, TX",Contract,"Sales Forecasting, Salesforce, Negotiation, Excel",134625,143576,"Marketing, Sales & Growth"
Lead Product Marketing Manager,Windmere Interactive,"Chicago, IL",Full-time,"Public Relations, Brand Strategy, Content Strategy, Market Research, Lead Generation, Marketing Analytics, Agile Methodology",140083,161633,"Marketing, Sales & Growth"
Head of Growth,Silverlane Group,Remote,Contract,"CRM Management, Brand Strategy, Marketing Analytics, Sales Forecasting, Public Relations, Market Research",140476,170642,"Marketing, Sales & Growth"
VP of Sales,Quartzridge Analytics,"Austin, TX",Full-time,"Sales Forecasting, Marketing Analytics, CRM Management, Brand Strategy, Public Relations, Public Speaking",162612,178899,"Marketing, Sales & Growth"
Senior Content Strategist,Cobalt Bridge Tech,"London, UK",Full-time,"Content Marketing, Copywriting, Email Marketing, Social Media Marketing",100794,129348,"Marketing, Sales & Growth"
Manager Sales Manager,Onyx Solutions,"Denver, CO",Contract,"Negotiation, Account-Based Marketing, CRM Management, Sales Forecasting, Salesforce, Lead Generation, Project Management",128676,150739,"Marketing, Sales & Growth"
Senior Product Marketing Manager,ROSEMOUNT ANALYTICS,Singapore,Full-time,"Brand Strategy, Lead Gen, Content Strategy, Agile Methodology",105846,133637,"Marketing, Sales & Growth"
Junior Social Media Coordinator,Pinnacle Digital,"Austin, TX",Full-time,"Content Marketing, Paid Social Advertising, Influencer Marketing",63195,77080,"Marketing, Sales & Growth"
Sales Operations Analyst,Ashgrove Bridge Tech,"Portland, OR",Full-time,"Market Research, Marketing Analytics, Excel, Sales Forecasting, Salesforce, CRM Management",84844,95170,"Marketing, Sales & Growth"
Lead Marketing Automation Specialist,Clearwater Brands,Singapore,Full-time,"CRM Management, Lead Generation, Marketing Analytics",136537,166513,"Marketing, Sales & Growth"
Junior Public Relations Specialist,Falconhurst Media Group,Remote,Full-time,"Copywriting, Market Research, Public Relations, Brand Strategy, Excel",63184,68848,"Marketing, Sales & Growth"
Senior Digital Marketing Manager,Lumen Cloud Labs,"Sydney, Australia",Full-time,"SEO, Email Marketing, Marketing Analytics, Paid Social Advertising, Digital Marketing, Marketing Automation",109165,131126,"Marketing, Sales & Growth"
Senior Digital Marketing Specialist,Onyx Partners,"Portland, OR",Part-time,"SEO, Marketing Automation, Digital Marketing, Paid Social Advertising",61603,77081,"Marketing, Sales & Growth"
Sales Development Representative,Fernbrook Cloud Labs,Remote,Full-time,"Sales Forecasting, Negotiation, Lead Generation, Negotiation",82644,104272,"Marketing, Sales & Growth"
Junior Public Relations Specialist,Timbergate Solutions,"Amsterdam, Netherlands",Full-time,"Copywriting, Brand Strategy, Content Strategy, Market Research, Presentation Skills",62204,72406,"Marketing, Sales & Growth"
Junior Content Strategist,Wildflower Cloud Labs,Remote,Full-time,"Social Media Marketing, SEO, Public Relations, Content Strategy, Collaboration",57093,78682,"Marketing, Sales & Growth"
Senior Digital Marketing Manager,Havenwood Growth Co,Remote,Full-time,"SEO, Marketing Analytics, Email Marketing, Collaboration",102914,114636,"Marketing, Sales & Growth"
Lead Product Marketing Manager,Clearwater Brands,"Sydney, Australia",Part-time,"Marketing Analytics, Content Strategy, Lead Generation, Public Relations, Market Research",76794,91487,"Marketing, Sales & Growth"
Head of Growth,Wildflower Cloud Labs,"London, UK",Internship,"Growth Hacking, Sales Forecasting, Marketing Analytics",24656,42000,"Marketing, Sales & Growth"
Senior Digital Marketing Manager,Ironwood Partners,"Dublin, Ireland",Full-time,"Marketing Automation, Email Marketing, Digital Marketing, Paid Social Advertising, Marketing Analytics, Paid Search Advertising",112770,133484,"Marketing, Sales & Growth"
Senior Digital Marketing Manager,Brightpath Systems,"Boston, MA",Internship,"Paid Social Advertising, Marketing Analytics, Paid Search Advertising, Email Marketing, Communication",32138,42000,"Marketing, Sales & Growth"
Senior Sales Operations Analyst,Wildflower Analytics,"London, UK",Full-time,"Market Research, Salesforce, Marketing Analytics, CRM Management, Sales Forecasting, Excel",115074,143993,"Marketing, Sales & Growth"
Growth Manager,Onyx Solutions,"Boston, MA",Full-time,"Lead Generation, Paid Social Advertising, Conversion Rate Optimization, Paid Search Advertising",85129,107990,"Marketing, Sales & Growth"
Junior Business Development Representative,Rosemount Analytics,"Austin, TX",Contract,"Negotiation, Lead Generation, CRM Management, Salesforce, Sales Forecasting, Account-Based Marketing",62796,70227,"Marketing, Sales & Growth"
Senior Marketing Analyst,Falconhurst Group,"Atlanta, GA",Internship,"SQL, Conversion Rate Optimization, Market Research, Marketing Analytics, Digital Marketing, Excel",31681,42000,"Marketing, Sales & Growth"
Junior Growth Marketer,Vertex Bridge Tech,"Portland, OR",Full-time,"Growth Hacking, Paid Social Advertising, Customer Retention Strategy, Marketing Analytics, Lead Generation, Paid Search Advertising",63035,78224,"Marketing, Sales & Growth"
Growth Hacker,Silverlane Group,"Austin, TX",Full-time,"Marketing Analytics, Growth Hacking, Lead Generation, Conversion Rate Optimization",75262,88550,"Marketing, Sales & Growth"
Public Relations Specialist,Marble Solutions,"Portland, OR",Full-time,"Copywriting, Social Media Marketing, Content Strategy, Market Research, Public Relations, Collaboration",78383,100099,"Marketing, Sales & Growth"
  Business Development Representative  ,Halcyon Interactive,"Seattle, WA",Part-time,"Lead Generation, ACCOUNT-BASED MARKETING, CRM Management",43981,48043,"Marketing, Sales & Growth"
Junior SEO Specialist,Marble Media Group,"Atlanta, GA",Full-time,"Digital Marketing, Content Marketing, SEO, Conversion Rate Optimization, Collaboration",64416,74518,"Marketing, Sales & Growth"
Senior Digital Marketing Manager,Granite Ventures,Remote,Full-time,"SEO, Digital Marketing, Marketing Automation, Email Marketing, Paid Search Advertising",108436,128167,"Marketing, Sales & Growth"
Senior Sales Manager,Lumen Digital,"Austin, TX",Full-time,"Salesforce, Sales Forecasting, Account-Based Marketing, Negotiation, Customer Retention Strategy, Lead Generation",100960,115279,"Marketing, Sales & Growth"
VP of Marketing,Vertex Bridge Tech,Remote,Full-time,"Brand Strategy, CRM Management, Growth Hacking, Sales Forecasting, Market Research, Excel",162574,177873,"Marketing, Sales & Growth"
Junior Digital Marketing Specialist,Halcyon Cloud Labs,Remote,Full-time,"Paid Search Advertising, Email Marketing, Paid Social Advertising, SEO, Marketing Analytics",64570,78596,"Marketing, Sales & Growth"
Intern Social Media Coordinator,Sterling Networks,"London, UK",Internship,"Paid Social Advertising, Influencer Marketing, Content Marketing, Copywriting, Negotiation",24803,28596,"Marketing, Sales & Growth"
Manager Influencer Marketing Manager,Falconhurst Systems,Remote,Full-time,"Content Marketing, Brand Strategy, Marketing Analytics, Social Media Marketing, Influencer Marketing",124896,146374,"Marketing, Sales & Growth"
Senior Influencer Marketing Manager,Falconhurst Networks,"Denver, CO",Full-time,"Brand Strategy, Marketing Analytics, content marketing , Influencer Marketing, Social Media Marketing",114542,128799,"Marketing, Sales & Growth"
Intern Social Media Coordinator,Cobalt Cloud Labs,"Miami, FL",Internship,"Copywriting, Paid Social Advertising, Content Marketing, Social Media Marketing, Excel",25046,36103,"Marketing, Sales & Growth"
Senior Email Marketing Specialist,Lumen Studio,"Austin, TX",Full-time,"Copywriting, CRM Management, Lead Generation",115110,126449,"Marketing, Sales & Growth"
Growth Hacker,Cobalt Cloud Labs,"Denver, CO",Full-time,"Paid Search Advertising, Lead Generation, Paid Social Advertising, Conversion Rate Optimization, Growth Hacking",85067,103877,"Marketing, Sales & Growth"
Senior Content Marketing,Halcyon Cloud Labs,Remote,Internship,"SEO, Email Marketing, Content Marketing, Copywriting",33663,42000,"Marketing, Sales & Growth"
Lead Content Strategist,Brightpath Labs,"Berlin, Germany",Full-time,"Social Media Marketing, Content Strategy, Copywriting, Collaboration",141369,168169,"Marketing, Sales & Growth"
Brand Strategist,Windmere Bridge Tech,"Seattle, WA",Full-time,"Brand Strategy, Marketing Analytics, Public Relations, Content Strategy, Market Research, Social Media Marketing",85070,99186,"Marketing, Sales & Growth"
Junior Growth Marketer,Vertex Partners,"Sydney, Australia",Full-time,"Conversion Rate Optimization, Marketing Analytics, Growth Hacking, Customer Retention Strategy",55823,75317,"Marketing, Sales & Growth"
Junior Business Development Representative,Falconhurst Networks,"London, UK",Full-time,"Negotiation, Account-Based Marketing, Salesforce, CRM Management, Lead Generation, Sales Forecasting, Project Management",57324,70845,"Marketing, Sales & Growth"
Senior Copywriter,Amberfield Digital,Remote,Full-time,"Copywriting, Email Marketing, Social Media Marketing, Public Relations, Content Strategy, SEO",105464,131751,"Marketing, Sales & Growth"
Lead Marketing Automation Specialist,Timbergate Solutions,"Atlanta, GA",Full-time,"Email Marketing, CRM Management, HubSpot, Marketing Analytics, Lead Generation, Marketing Automation, Communication",138944,155344,"Marketing, Sales & Growth"
Manager Business Development Manager,Cobalt Labs,"Austin, TX",Full-time,"Account-Based Marketing, Negotiation, CRM Management, Collaboration",127159,139603,"Marketing, Sales & Growth"
Social Media Manager,Marble Analytics,"Berlin, Germany",Contract,"Copywriting, Content Marketing, Influencer Marketing",84623,89900,"Marketing, Sales & Growth"
Account Executive,Basalt Marketing Collective,"Boston, MA",Part-time,"Negotiation, Customer Retention Strategy, CRM Management, Account-Based Marketing, Sales Forecasting, Salesforce, Public Speaking",41946,56582,"Marketing, Sales & Growth"
Sales Operations Analyst,Driftwood Growth Co,Singapore,Contract,"Market Research, CRM Management, Sales Forecasting, Salesforce",81519,98127,"Marketing, Sales & Growth"
Social Media Coordinator,Cobalt Labs,"Atlanta, GA",Full-time,"Social Media Marketing, Brand Strategy, Content Marketing, Influencer Marketing, Agile Methodology",86146,94427,"Marketing, Sales & Growth"
Intern Business Development Representative,Bluepeak Group,"Toronto, Canada",Full-time,"Account-Based Marketing, CRM Management, Negotiation",23991,30498,"Marketing, Sales & Growth"
Manager SEO Manager,Driftwood Commerce,"Amsterdam, Netherlands",Part-time,"Content Marketing, SEO, Content Strategy, Conversion Rate Optimization, Digital Marketing, Marketing Analytics, Communication",60737,88715,"Marketing, Sales & Growth"
Intern Business Development Representative,Northgate Cloud Labs,"Toronto, Canada",Internship,"Account-Based Marketing, Sales Forecasting, Lead Generation, CRM Management, Salesforce",27346,34122,"Marketing, Sales & Growth"
Growth Hacker,Meridian Commerce,Remote,Internship,"Customer Retention Strategy, Conversion Rate Optimization, Lead Generation, Paid Social Advertising, Paid Search Advertising, Growth Hacking",21388,42000,"Marketing, Sales & Growth"
Affiliate Marketing Manager,Clearwater Digital,"Berlin, Germany",Contract,"Lead Generation, Affiliate Marketing, Conversion Rate Optimization, Marketing Analytics, Project Management",81574,105927,"Marketing, Sales & Growth"
Junior Social Media Coordinator,Halcyon Interactive,"New York, NY",Full-time,"Paid Social Advertising, Brand Strategy, Copywriting, Influencer Marketing, Project Management",62968,68614,"Marketing, Sales & Growth"
Senior Growth Manager,Cobalt Cloud Labs,"Los Angeles, CA",Internship,"Conversion Rate Optimization, Lead Generation, Growth Hacking, Customer Retention Strategy, Paid Social Advertising, Marketing Analytics",22784,42000,"Marketing, Sales & Growth"
Manager Demand Generation Manager,Pinnacle Networks,"Denver, CO",Internship,"Account-Based Marketing, Lead Generation, CRM Management, Paid Search Advertising, Marketing Analytics",28536,42000,"Marketing, Sales & Growth"
VP of Sales,Timbergate Solutions,"Miami, FL",Full-time,"Brand Strategy, CRM Management, Sales Forecasting, Marketing Analytics, Public Relations",146247,163461,"Marketing, Sales & Growth"
Senior Marketing Automation Specialist,Driftwood Commerce,Remote,Part-time,"HubSpot, Email Marketing, CRM Management, Communication",58733,70074,"Marketing, Sales & Growth"
Junior Social Media Coordinator,Vertex Analytics,Remote,Internship,"Paid Social Advertising, Social Media Marketing, Brand Strategy, Copywriting, Content Marketing, Influencer Marketing, Agile Methodology",21686,42000,"Marketing, Sales & Growth"
Senior Brand Strategist,Cobalt Cloud Labs,"Dublin, Ireland",Full-time,"Market Research, Public Relations, Marketing Analytics, Content Strategy, Social Media Marketing, Collaboration",102900,115995,"Marketing, Sales & Growth"
Senior Marketing Analyst,Cobalt Labs,Remote,Full-time,"Conversion Rate Optimization, Market Research, Excel, Digital Marketing, Collaboration",112998,121689,"Marketing, Sales & Growth"
LEAD CONTENT MARKETING,Windmere Bridge Tech,"Dublin, Ireland",Contract,"S.E.O., Email Marketing, Public Relations, Negotiation",142710,169432,"Marketing, Sales & Growth"
Social Media Manager,Marble Systems,Remote,Full-time,"Copywriting, Social Media Marketing, Brand Strategy, Influencer Marketing, Paid Social Advertising",77541,90009,"Marketing, Sales & Growth"
Senior Marketing Analyst,Wildflower Analytics,"Denver, CO",Full-time,"Digital Marketing, Market Research, Marketing Analytics, Excel, Presentation Skills",117824,128817,"Marketing, Sales & Growth"
Junior Copywriter,Everline Networks,"Berlin, Germany",Part-time,"Copywriting, Social Media Marketing, SEO, Content Marketing, Email Marketing",35567,38463,"Marketing, Sales & Growth"
Lead Business Development Manager,Vertex Partners,"Portland, OR",Part-time,"Lead Generation, Sales Forecasting, Account-Based Marketing, Customer Retention Strategy, Negotiation, CRM Management",72474,79146,"Marketing, Sales & Growth"
Brand Manager,Ironwood Partners,Remote,Full-time,"Social Media Marketing, Market Research, Marketing Analytics",82171,102902,"Marketing, Sales & Growth"
Manager Influencer Marketing Manager,Vertex Bridge Tech,"San Francisco, CA",Full-time,"Brand Strategy, Content Marketing, Marketing Analytics, Influencer Marketing, Agile Methodology",116282,147791,"Marketing, Sales & Growth"
Senior Marketing Automation Specialist,Halcyon Cloud Labs,Remote,Full-time,"HubSpot, Email Marketing, Marketing Analytics, Lead Generation, Marketing Automation, CRM Management",117574,149976,"Marketing, Sales & Growth"
Head of Growth,Timbergate Solutions,"Boston, MA",Full-time,"Brand Strategy, Sales Forecasting, Marketing Analytics, Public Relations",130183,161989,"Marketing, Sales & Growth"
Product Marketing Manager,Pinnacle Networks,Remote,Full-time,"Public Relations, Content Strategy, Brand Strategy, Marketing Analytics",85641,96588,"Marketing, Sales & Growth"
MANAGER CONTENT MARKETING,Timbergate Solutions,"Chicago, IL",Full-time,"Email Marketing, Public Relations, Content Strategy, Copywriting,   Social Media Marketing  ",113403,156348,"Marketing, Sales & Growth"
Senior Product Marketing Manager,Amberfield Analytics,"Austin, TX",Full-time,"Public Relations, Lead Generation, Market Research, Brand Strategy, Content Strategy",111464,132467,"Marketing, Sales & Growth"
Senior Demand Generation Manager,Havenwood Growth Co,"London, UK",Full-time,"Paid Search Advertising, Marketing Analytics, Lead Generation, Marketing Automation, Presentation Skills",102787,134206,"Marketing, Sales & Growth"
Demand Generation Manager,Wildflower Cloud Labs,"London, UK",Contract,"Paid Search Advertising, CRM Management, Lead Generation, Marketing Automation, Marketing Analytics, Account-Based Marketing",79391,97626,"Marketing, Sales & Growth"
Senior Digital Marketing Manager,Cascade Ventures,Remote,Full-time,"SEO, Marketing Analytics, Digital Marketing, Email Marketing, Paid Search Advertising, Negotiation",116423,147630,"Marketing, Sales & Growth"
Junior Content Marketing,Windmere Interactive,"Atlanta, GA",Full-time,"SEO, Social Media Marketing, Content Marketing, Public Relations, Copywriting",60750,64889,"Marketing, Sales & Growth"
VP of Marketing,Cobalt Networks,"Amsterdam, Netherlands",Full-time,"Brand Strategy, Public Relations, CRM Management, Sales Forecasting, Negotiation",139803,150779,"Marketing, Sales & Growth"
Affiliate Marketing Manager,Silverlane Group,Singapore,Part-time,"Lead Generation, Conversion Rate Optimization, Affiliate Marketing, Marketing Analytics, Project Management",48615,58213,"Marketing, Sales & Growth"
Lead Marketing Automation Specialist,Marble Analytics,"Portland, OR",Internship,"Marketing Analytics, Marketing Automation, HubSpot, CRM Management, Email Marketing, Lead Generation, Public Speaking",25146,42000,"Marketing, Sales & Growth"
Junior Digital Marketing Specialist,Cobalt Bridge Tech,"New York, NY",Full-time,"Paid Search Advertising, Marketing Automation, Digital Marketing, Marketing Analytics, SEO",56409,60627,"Marketing, Sales & Growth"
Senior Brand Strategist,Auroraline Commerce,"San Francisco, CA",Full-time,"Brand Strategy, Content Strategy, Social Media Marketing, Market Research, Public Relations, Presentation Skills",112769,125520,"Marketing, Sales & Growth"
Head of Growth,Clearwater Digital,"Berlin, Germany",Full-time,"Marketing Analytics, CRM Management, Market Research, Brand Strategy",134621,150757,"Marketing, Sales & Growth"
Junior Sales Operations Analyst,Timbergate Networks,Remote,Full-time,"Excel, Marketing Analytics, Salesforce, Market Research, CRM Management, Project Management",57387,62729,"Marketing, Sales & Growth"
Junior Social Media Coordinator,Lumen Cloud Labs,Remote,Full-time,"Social Media Marketing, Content Marketing, Paid Social Advertising, Collaboration",63345,74407,"Marketing, Sales & Growth"
Junior Brand Strategist,Brightpath Labs,"Miami, FL",Part-time,"Market Research, Social Media Marketing, Brand Strategy, Marketing Analytics, Presentation Skills",30387,35429,"Marketing, Sales & Growth"
Senior Marketing Analyst,Falconhurst Systems,"Sydney, Australia",Full-time,"Marketing Analytics, Conversion Rate Optimization, Excel, SQL, Negotiation",105342,142196,"Marketing, Sales & Growth"
SEO Specialist,Rosemount Analytics,Remote,Full-time,"Marketing Analytics, Content Strategy, Content Marketing, Public Speaking",87269,93654,"Marketing, Sales & Growth"
Senior Content Marketing,Brightpath Labs,"Los Angeles, CA",Full-time,"Content Strategy, Public Relations, Email Marketing",119654,129186,"Marketing, Sales & Growth"
Junior SEO Specialist,Rosemount Analytics,"Seattle, WA",Full-time,"Content Strategy, Digital Marketing, Marketing Analytics",61480,71683,"Marketing, Sales & Growth"
Brand Strategist,Brightpath Labs,Remote,Full-time,"Social Media Marketing, Content Strategy, Public Relations, Marketing Analytics",86677,98127,"Marketing, Sales & Growth"
Intern Social Media Coordinator,Basalt Marketing Collective,"Seattle, WA",Internship,"Brand Strategy, Content Marketing, Influencer Marketing, public speaking",22137,33766,"Marketing, Sales & Growth"
Junior Growth Marketer,Granite Bridge Tech,"Denver, CO",Part-time,"Lead Generation, Growth Hacking, Customer Retention Strategy, Paid Search Advertising",33354,40777,"Marketing, Sales & Growth"
Influencer Marketing Manager,Larkspur Networks,Remote,Full-time,"Content Marketing, Marketing Analytics, Brand Strategy, Influencer Marketing",86489,100513,"Marketing, Sales & Growth"
Affiliate Marketing Manager,Granite Bridge Tech,Remote,Part-time,"Digital Marketing, Lead Generation, Conversion Rate Optimization, Marketing Analytics, Affiliate Marketing, Public Speaking",46556,52011,"Marketing, Sales & Growth"
Sales Development Representative,Wildflower Analytics,"Boston, MA",Full-time,"Lead Generation, Salesforce, Negotiation, Account-Based Marketing, CRM Management, Collaboration",87509,100318,"Marketing, Sales & Growth"
