title,company,location,type,skills_required,salary_min,salary_max,category
Staff Network Administrator,Highgrove Beacon Works,"New York, NY",Part-time,"Team Leadership, DNS Administration, IPv6, Virtualization (VMware), SIEM Tools",152522,180927,DevOps & Infrastructure
Senior Cloud Operations Engineer,Palisade Vector IT,Remote,Full-time,"VoIP Systems, Observability, Linux Administration, Google Kubernetes Engine, IPv6",114326,147151,DevOps & Infrastructure
Junior Build & Release Engineer,Havencrest Systems Technologies,Remote,Full-time,"Puppet, Bitbucket, Canary Deployment, Kubernetes, Continuous Integration, Git, Linux Administration",59216,78499,DevOps & Infrastructure
Mid-level Cloud Security Engineer,Brightwell Bridge Technologies,"San Francisco, CA",Full-time,"Argo CD, Microsoft Azure, Time Management, Amazon Web Services, Service Mesh (Istio), AWS RDS",88157,107048,DevOps & Infrastructure
Principal Cloud Engineer,Ridgeback Relay Tech,Singapore,Full-time,"Communication, AWS Lambda, Kubernetes, Bitbucket, Chef, AWS S3, Ansible, AWS RDS",165025,191288,DevOps & Infrastructure
Staff Observability Engineer,Deepwater Node Networks,Singapore,Full-time,"Shell Scripting, CircleCI, Bash, PowerShell",145098,169938,DevOps & Infrastructure
Cloud Operations Manager,Cobalt Ventures Tech,"Raleigh, NC",Full-time,"Git, GitLab, Infrastructure as Code, Time Management, Monorepo Management",131356,167667,DevOps & Infrastructure
Junior Observability Engineer,Zephyr Data Digital,"Dublin, Ireland",Contract,"Linux Administration, Bash, Azure Functions, Container Orchestration",64276,74451,DevOps & Infrastructure
Mid-level Cloud Security Engineer,Bluepeak Network Tech,"Seattle, WA",Full-time,"Prometheus, Cloud Architecture, Zero Trust Architecture, Firewall Configuration, PagerDuty, Incident Response",85992,110752,DevOps & Infrastructure
Junior Network Administrator,Vertex Anchor IT,"San Francisco, CA",Internship,"DNS Administration, Incident Response,  Windows Server Administration , SD-WAN, Network Routing & Switching, Communication, Storage Area Networks, INCIDENT RESPONSE",63064,77126,DevOps & Infrastructure
Senior Build & Release Engineer,Ridgeback Relay Tech,"San Jose, CA",Internship,"GitHub Actions, Cloud Architecture, Continuous Deployment, Go, Git, Documentation Best Practices",121052,151425,DevOps & Infrastructure
Junior DevOps Architect,Ashgrove Systems Labs,Remote,Full-time,"Prometheus, Git, Trunk-Based Development, GitLab, Documentation Best Practices, Critical Thinking",64849,79942,DevOps & Infrastructure
IT Infrastructure Manager,Quartzline Pulse Solutions,"London, UK",Full-time,"GitLab, Chef, Azure DevOps, Team Leadership",123569,160502,DevOps & Infrastructure
Lead IT Infrastructure Engineer,Havencrest Relay Solutions,"Atlanta, GA",Full-time,"Terraform, Jenkins, DNS Administration, Bitbucket",135989,174223,DevOps & Infrastructure
Mid-level Network Administrator,Solstice Node Tech,"Dallas, TX",Internship,"IPv6, Virtualization (VMware), Active Directory, Windows Server Administration, Storage Area Networks, Incident Response",88864,101212,DevOps & Infrastructure
Staff Infrastructure Engineer,Brightwell Pulse Works,"Dublin, Ireland",Full-time,"Azure Functions, Cost Optimization (FinOps), Mentoring, New Relic",146518,169064,DevOps & Infrastructure
Senior Platform Engineer,Redwood Fleet Systems Group,Remote,Full-time,"Documentation Best Practices, Continuous Integration, Monorepo Management, Continuous Deployment",113786,140896,DevOps & Infrastructure
Senior Network Administrator,Copperline Signal Systems Group,Remote,Full-time,"Load Balancers (F5), Version Control, Network Routing & Switching, VoIP Systems, Agile Methodology, TCP/IP",126188,144011,DevOps & Infrastructure
Senior IT Infrastructure Engineer,Emberfall Signal Labs,"San Jose, CA",Full-time,"CI/CD Pipelines, Network Monitoring, Ruby, Active Directory, Canary Deployment",115771,150985,DevOps & Infrastructure
Principal DevOps Architect,Wraith Grid Software,"London, UK",Part-time,"Docker Compose, Google Kubernetes Engine, GitLab, Blue-Green Deployment, CircleCI",167724,193427,DevOps & Infrastructure
Senior Cloud Infrastructure Engineer,Quartzline Pulse Solutions,"Amsterdam, Netherlands",Full-time,"Problem Solving, Chef, Datadog, CircleCI, Zero Trust Architecture, Virtualization (VMware),  Service Mesh (Istio) , Vagrant",108632,147663,DevOps & Infrastructure
Principal Platform Engineer,Harborline Cloud Labs,Remote,Internship,"Time Management, New Relic, Git, Linux Administration",150687,187483,DevOps & Infrastructure
Senior Platform Engineer,Basalt Circuit Works,"London, UK",Full-time,"Git, Chef, Bitbucket, Continuous Deployment",113194,152725,DevOps & Infrastructure
Mid-level Cloud Architect,Quartzline Signal Software,"Berlin, Germany",Contract,"Chef, Canary Deployment, Zero Trust Architecture, Amazon Web Services, GitHub Actions, Pulumi",86363,101573,DevOps & Infrastructure
Junior IT Infrastructure Engineer,Brightwell Bridge Technologies,"Austin, TX",Full-time,"Network Monitoring, SD-WAN, Container Orchestration, SIEM Tools, Cost Optimization (FinOps), Grafana, DNS Administration",58532,76737,DevOps & Infrastructure
Senior Network Engineer,Palisade Relay Infrastructure,Remote,Full-time,"SD-WAN, Storage Area Networks, Network Automation, Bitbucket",121478,139488,DevOps & Infrastructure
Principal Cloud Security Engineer,Windmere Data Solutions,"Atlanta, GA",Full-time,"Site Reliability Engineering, VPN Configuration, Zero Trust Architecture",160508,181592,DevOps & Infrastructure
Principal Network Administrator,Granite Fleet Digital,Remote,Full-time,"Load Balancers (F5), Network Monitoring, Windows Server Administration, Agile Methodology, Network Routing & Switching",159803,194112,DevOps & Infrastructure
Senior Kubernetes Administrator,Redwood Fleet Systems Group,Remote,Full-time,"Microsoft Azure, GitLab CI, VPN Configuration, Pulumi, CloudFormation, Puppet",110547,142974,DevOps & Infrastructure
Senior Cloud Operations Engineer,Quartzline Signal Infrastructure,"San Jose, CA",Full-time,"Agile Methodology, Bash, Prometheus, IPv6, Virtualization (VMware), Load Balancers (F5), GitHub Actions",123894,151409,DevOps & Infrastructure
Senior Infrastructure Engineer,Thornbury Beacon Solutions,Remote,Full-time,"Shell Scripting, AWS EC2, IPv6, Kubernetes, Virtualization (VMware)",110052,145348,DevOps & Infrastructure
Network Operations Manager,Ridgeback Relay IT,"Austin, TX",Internship,"Continuous Integration, GitHub, Trunk-Based Development, Feature Flags",129865,153673,DevOps & Infrastructure
Mid-level Cloud Operations Engineer,Copperline Beacon IT,"Berlin, Germany",Internship,"Virtualization (VMware), VPN Configuration, IPv6, CI/CD Pipelines, CloudFormation, Network Automation",81074,108865,DevOps & Infrastructure
Principal DevOps Architect,Quartzline Signal Infrastructure,"New York, NY",Full-time,"Continuous Deployment,  Windows Server Administration , Feature Flags, AWS EC2, Mentoring",165168,192093,DevOps & Infrastructure
Senior Site Reliability Engineer,Thornbury Systems Networks,Singapore,Part-time,"Google Cloud Platform, Cloud Architecture, Python, PowerShell, Bitbucket",119918,137659,DevOps & Infrastructure
Junior Platform Engineer,Palisade Relay Infrastructure,"Portland, OR",Full-time,"Monorepo Management, Microsoft Azure, GitHub, Git",66753,81269,DevOps & Infrastructure
Mid-level Systems Engineer,Frostpeak Mesh Systems Group,Singapore,Full-time,"Service Mesh (Istio), Network Automation, DNS Administration, Load Balancers (F5), Infrastructure as Code",88752,109955,DevOps & Infrastructure
Junior Systems Engineer,Wraith Grid Software,Remote,Full-time,"Prometheus, Network Monitoring, Grafana, Network Routing & Switching, Virtualization (VMware), Blue-Green Deployment, Team Leadership",63347,78877,DevOps & Infrastructure
Mid-level Network Engineer,Zephyr Grid Infrastructure,"Sydney, Australia",Full-time,"Active Directory, Windows Server Administration, DNS Administration",81426,113238,DevOps & Infrastructure
Senior Network Engineer,Havencrest Network Infrastructure,"Austin, TX",Full-time,"Windows Server Administration, Storage Area Networks, TCP/IP, Active Directory, Network Routing & Switching, VoIP Systems",118937,154808,DevOps & Infrastructure
Senior Cloud Infrastructure Engineer,Copperline Beacon Tech,"San Francisco, CA",Full-time,"Canary Deployment, SD-WAN, Kubernetes",110173,149713,DevOps & Infrastructure
Lead Cloud Architect,Silverline Grid Works,"Amsterdam, Netherlands",Full-time,"AWS EC2, Google Cloud Platform, GitLab CI, Mentoring, Datadog, CircleCI",135292,159151,DevOps & Infrastructure
Senior Systems Administrator,Brightwell Circuit Works,Singapore,Full-time,"Site Reliability Engineering, Cloud Architecture, Splunk",114922,152180,DevOps & Infrastructure
Junior IT Infrastructure Engineer,Palisade Relay Infrastructure,"Toronto, ON",Full-time,"Infrastructure as Code, Google Cloud Platform, Documentation Best Practices, VoIP Systems, DNS Administration, Chef",62592,79420,DevOps & Infrastructure
Junior IT Infrastructure Engineer,Granite Fleet Digital,Remote,Full-time,"Active Directory, Microsoft Azure, DNS Administration, Docker Compose, Windows Server Administration, Nginx",61314,81425,DevOps & Infrastructure
Senior IT Infrastructure Engineer,Silverline Grid IT,"Boston, MA",Full-time,"Load Balancers (F5), Agile Methodology, Helm, CircleCI, Splunk, Storage Area Networks",123735,136333,DevOps & Infrastructure
Staff Network Administrator,Copperline Beacon IT,"Raleigh, NC",Full-time,"Virtualization (VMware), TCP/IP, Ruby, Network Automation",154729,167527,DevOps & Infrastructure
Staff Cloud Operations Engineer,Palisade Grid Software,Remote,Full-time,"Storage Area Networks, Chef, Communication, Network Monitoring, Network Routing & Switching",157741,179062,DevOps & Infrastructure
Junior Build & Release Engineer,Bluepeak Network Tech,Remote,Full-time,"Trunk-Based Development, GitLab, Team Leadership, Continuous Integration, Monorepo Management",62858,81783,DevOps & Infrastructure
Staff Kubernetes Administrator,Duskmere Cloud Platforms,Remote,Full-time,"Prometheus, Azure DevOps, Helm, Agile Methodology",140694,181775,DevOps & Infrastructure
Systems Administrator Intern,Windmere Data Solutions,Singapore,Internship,"TCP/IP, Load Balancers (F5), Docker, CircleCI, Observability",25524,35559,DevOps & Infrastructure
Staff Systems Administrator,Quartzline Signal Infrastructure,Remote,Internship,"Load Balancers (F5), AWS Lambda, VoIP Systems, Team Leadership, DNS Administration, Google Kubernetes Engine, SD-WAN",156376,182642,DevOps & Infrastructure
Lead Release Engineer,Basalt Field Solutions,"San Jose, CA",Internship,"Cross-functional Collaboration, Continuous Integration, Version Control, Grafana, Google Kubernetes Engine, Continuous Deployment, Go",147960,168129,DevOps & Infrastructure
Principal Observability Engineer,Marbleton Fleet Technologies,Remote,Internship,"PowerShell, Python, Problem Solving, Ansible",160026,194566,DevOps & Infrastructure
Mid-level DevOps Architect,Steelwater Anchor Networks,"Toronto, ON",Full-time,"PagerDuty, Feature Flags, Continuous Integration, Datadog, Puppet, AWS EC2",90352,111114,DevOps & Infrastructure
Mid-level DevOps Engineer,Thornbury Systems Networks,"London, UK",Full-time,"GitHub, Git, Ansible",92742,104094,DevOps & Infrastructure
Junior Systems Engineer,Nova Systems Tech,"Denver, CO",Part-time,"Observability, Active Directory, VoIP Systems",60347,75610,DevOps & Infrastructure
Senior DevOps Engineer,Copperline Anchor Platforms,"Austin, TX",Internship,"Nginx, Datadog, GitHub",109612,146935,DevOps & Infrastructure
Lead Build & Release Engineer,Windmere Data Solutions,"Salt Lake City, UT",Full-time,"Docker, Team Leadership, GitHub, Linux Administration, Chef, Microsoft Azure, Go",137341,171958,DevOps & Infrastructure
Junior Cloud Security Engineer,Windmere Pulse Tech,"Berlin, Germany",Full-time,"Incident Response, Azure Functions, Site Reliability Engineering, VPN Configuration, Argo CD, SIEM Tools",67152,79109,DevOps & Infrastructure
Mid-level Site Reliability Engineer,Northgate Node Technologies,"Reston, VA",Internship,"Ruby, Problem Solving, Pulumi, Splunk, Amazon Web Services, Continuous Integration",85093,107097,DevOps & Infrastructure
Junior Build & Release Engineer,Granite Fleet Digital,"Portland, OR",Contract,"CloudFormation, Continuous Integration, Linux Administration, Version Control",65727,73939,DevOps & Infrastructure
Senior Release Engineer,Highgrove Beacon Works,Singapore,Part-time,"Problem Solving, AWS EC2, Feature Flags, Trunk-Based Development, Cost Optimization (FinOps), Monorepo Management",115880,144837,DevOps & Infrastructure
Lead Cloud Operations Engineer,Cobalt Signal Works,"Boston, MA",Full-time,"Load Balancers (F5), Time Management, SD-WAN, Google Cloud Platform, Storage Area Networks",141570,171961,DevOps & Infrastructure
Mid-level Site Reliability Engineer,Havencrest Network Infrastructure,"Seattle, WA",Full-time,"Microsoft Azure, Bash, PowerShell, Linux Administration",92459,104859,DevOps & Infrastructure
Senior Infrastructure Engineer,Lumina Relay Digital,"Atlanta, GA",Full-time,"Site Reliability Engineering, Load Balancers (F5), Docker",115884,154149,DevOps & Infrastructure
Staff Observability Engineer,Cobalt Ventures Tech,"Seattle, WA",Contract,"Ruby, Communication, CloudFormation, PowerShell, Argo CD, Helm",149744,168581,DevOps & Infrastructure
Senior Cloud Engineer,Cobalt Data Software,Remote,Full-time,"Service Mesh (Istio), IPv6, Critical Thinking, Kubernetes, Datadog, AWS Lambda",120649,153814,DevOps & Infrastructure
Staff Site Reliability Engineer,Ashgrove Systems Labs,"London, UK",Full-time,"Blue-Green Deployment, Mentoring, Bash, Infrastructure as Code, Python",147814,178040,DevOps & Infrastructure
Senior Cloud Operations Engineer,Deepwater Grid Systems Group,"Dublin, Ireland",Full-time,"Azure Functions, Prometheus, Network Routing & Switching, Container Orchestration",117297,147709,DevOps & Infrastructure
Mid-level Observability Engineer,Harborline Cloud Labs,Remote,Full-time,"Nginx, Incident Response, Critical Thinking, AWS EC2, Cost Optimization (FinOps), Blue-Green Deployment, Shell Scripting",84111,111526,DevOps & Infrastructure
Staff Observability Engineer,Wraith Grid Networks,Singapore,Full-time,"PowerShell, Service Mesh (Istio), Docker, AWS EC2, Go, Bash",146951,179532,DevOps & Infrastructure
Junior Network Administrator,Highgrove Beacon Works,"Dublin, Ireland",Full-time,"Storage Area Networks, Windows Server Administration, Active Directory, Network Routing & Switching, Load Balancers (F5)",64973,77308,DevOps & Infrastructure
Senior Platform Engineer,Bluepeak Network Tech,"Toronto, ON",Part-time,"GitHub, New Relic, Windows Server Administration, Problem Solving, Google Cloud Platform, Azure DevOps",108345,137062,DevOps & Infrastructure
Principal Cloud Engineer,Harborline Cloud Labs,"Austin, TX",Full-time,"Datadog, Helm, Vagrant",155252,191426,DevOps & Infrastructure
Mid-level Build & Release Engineer,Quartzline Pulse Solutions,"New York, NY",Full-time,"Trunk-Based Development, Vagrant,  GitLab , Critical Thinking, GitHub",87999,101735,DevOps & Infrastructure
Network Administrator Intern,Copperline Beacon IT,"Bengaluru, India",Internship,"Windows Server Administration, Network Monitoring, Team Leadership, VoIP Systems",29843,40217,DevOps & Infrastructure
Cloud Engineer Intern,Palisade Grid Software,"Bengaluru, India",Full-time,"Azure DevOps, Datadog, DevSecOps, Multi-cloud Strategy, Terraform",25674,36165,DevOps & Infrastructure
Mid-level Kubernetes Administrator,Ridgeback Relay Tech,Remote,Full-time,"GitHub, PagerDuty, Pulumi, GitLab CI, Problem Solving",88312,102208,DevOps & Infrastructure
Staff Network Administrator,Redwood Orbit Software,"Bengaluru, India",Contract,"Network Monitoring, Time Management, Active Directory, Go, Load Balancers (F5)",145525,171096,DevOps & Infrastructure
Junior Observability Engineer,Northgate Systems Solutions,"Seattle, WA",Full-time,"Grafana, Go, Service Mesh (Istio), Ansible, Bash",66391,77610,DevOps & Infrastructure
Infrastructure Manager,Havencrest Systems Technologies,"New York, NY",Internship,"Team Leadership, Version Control, Splunk, Git, Terraform",125480,165112,DevOps & Infrastructure
Senior Systems Administrator,Brightwell Pulse Works,"San Jose, CA",Internship,"Helm, Storage Area Networks, PowerShell, IPv6",121871,140520,DevOps & Infrastructure
Site Reliability Manager,Marbleton Fleet Technologies,Remote,Internship,"Mentoring, GitLab, Puppet, AWS Lambda, AWS RDS",137349,171173,DevOps & Infrastructure
Observability Engineer Intern,Ridgeback Relay IT,Remote,Internship,"Kubernetes, Pulumi, Jenkins, PowerShell, Microsoft Azure",28454,36466,DevOps & Infrastructure
Mid-level Systems Engineer,Havencrest Relay Solutions,"Denver, CO",Full-time,"GitHub Actions, VoIP Systems, Cost Optimization (FinOps), Kubernetes",85086,111764,DevOps & Infrastructure
Junior Release Engineer,Palisade Relay Infrastructure,"New York, NY",Internship,"Feature Flags, Agile Methodology, Grafana, Git, Kubernetes",66002,81118,DevOps & Infrastructure
Senior Cloud Security Engineer,Lumina Signal Systems Group,"New York, NY",Full-time,"Python, Observability, Amazon Web Services, Ansible",124201,138307,DevOps & Infrastructure
Mid-level Cloud Infrastructure Engineer,Harborline Node Software,"Salt Lake City, UT",Contract,"VoIP Systems, Google Cloud Platform, Datadog, Windows Server Administration",84110,106698,DevOps & Infrastructure
Site Reliability Manager,Windmere Ventures Works,"Portland, OR",Part-time,"Feature Flags, Problem Solving, Network Monitoring, Observability, Monorepo Management, Trunk-Based Development, GitLab",129972,156466,DevOps & Infrastructure
Platform Engineer Intern,Onyx Cloud IT,"Portland, OR",Internship,"Datadog, Multi-cloud Strategy, Ansible, Bitbucket, Network Routing & Switching",27853,41089,DevOps & Infrastructure
Build & Release Engineer Intern,Slateford Node Technologies,Remote,Internship,"Datadog, Docker Compose, Chef, Docker, Ansible, Bitbucket",24571,40455,DevOps & Infrastructure
Network Engineer Intern,Cobalt Signal Works,Remote,Internship,"Active Directory, Network Monitoring, Ruby, Virtualization (VMware), Network Routing & Switching, DNS Administration",25073,36032,DevOps & Infrastructure
Senior Network Administrator,Brightwell Cloud Labs,"San Jose, CA",Full-time,"Network Automation, TCP/IP, Shell Scripting, Network Routing & Switching",121402,147667,DevOps & Infrastructure
Junior Observability Engineer,Bluepeak Network Tech,Remote,Contract,"Bash, Shell Scripting, Team Leadership, Ruby, Python, Blue-Green Deployment",64692,78679,DevOps & Infrastructure
Principal Release Engineer,Thornbury Beacon Solutions,"New York, NY",Contract,"GitLab, Helm, Feature Flags",162263,191009,DevOps & Infrastructure
Mid-level DevOps Architect,Havencrest Relay Solutions,Remote,Full-time,"Docker, Nginx, AWS S3, Cost Optimization (FinOps), GitHub",85595,111410,DevOps & Infrastructure
Senior Release Engineer,Frostpeak Mesh Systems Group,"Atlanta, GA",Contract,"Google Cloud Platform, Version Control, Communication, Amazon Web Services, Trunk-Based Development, AWS EC2",116053,151759,DevOps & Infrastructure
Mid-level Systems Engineer,Onyx Cloud IT,Remote,Internship,"Shell Scripting, Network Automation, Nginx, Google Cloud Platform, DNS Administration",92372,101770,DevOps & Infrastructure
Lead Kubernetes Administrator,Ironwood Field Infrastructure,"New York, NY",Full-time,"Pulumi, Terraform, AWS EC2, Cost Optimization (FinOps), PowerShell, Team Leadership, Vagrant",149723,161897,DevOps & Infrastructure
Staff DevOps Engineer,Pinecrest Pulse Software,"Toronto, ON",Full-time,"Version Control, Splunk, Critical Thinking, New Relic, Git, Continuous Deployment",154646,173752,DevOps & Infrastructure
Junior Infrastructure Engineer,Brightwell Bridge Technologies,Remote,Full-time,"PowerShell, Storage Area Networks, Azure Functions, Pulumi",62025,79009,DevOps & Infrastructure
Principal Network Administrator,Ridgeback Relay Tech,"Dublin, Ireland",Contract,"Storage Area Networks, DNS Administration, Load Balancers (F5), Bash, Windows Server Administration",157924,191414,DevOps & Infrastructure
Principal Cloud Security Engineer,Pinecrest Pulse Software,"Seattle, WA",Contract,"Nginx, Incident Response, VPN Configuration",153865,194518,DevOps & Infrastructure
Cloud Infrastructure Engineer Intern,Copperline Beacon Tech,"Toronto, ON",Internship,"TCP/IP, Vagrant, Azure Functions, Pulumi",26365,35008,DevOps & Infrastructure
Senior Network Engineer,Northgate Systems Tech,"Raleigh, NC",Full-time,"Virtualization (VMware), Active Directory, Windows Server Administration, SIEM Tools, Network Automation, TCP/IP, Time Management",113755,154860,DevOps & Infrastructure
Staff Platform Engineer,Palisade Relay Infrastructure,"Dublin, Ireland",Full-time,"Bitbucket, AWS S3, Container Orchestration, Version Control, CircleCI",148112,184970,DevOps & Infrastructure
Systems Engineer Intern,Vertex Node Digital,"San Jose, CA",Internship,"Network Routing & Switching, Docker Compose, Cloud Architecture, Problem Solving",24206,37377,DevOps & Infrastructure
Junior Infrastructure Engineer,Vertex Stack IT,"Bengaluru, India",Full-time,"Load Balancers (F5), Mentoring, Pulumi, Ansible, Network Routing & Switching",63197,81534,DevOps & Infrastructure
Cloud Operations Manager,Basalt Field Solutions,"San Francisco, CA",Full-time,"Documentation Best Practices, Grafana, Docker, GitLab, Service Mesh (Istio), Trunk-Based Development",140650,163086,DevOps & Infrastructure
Principal Release Engineer,Solstice Signal Solutions,"Seattle, WA",Full-time,"Version Control, Trunk-Based Development, Mentoring, Docker, Multi-cloud Strategy,  Vagrant , vagrant",160134,188182,DevOps & Infrastructure
Lead Cloud Operations Engineer,Vertex Stack IT,"Amsterdam, Netherlands",Part-time,"SD-WAN, Storage Area Networks, Ruby, AWS EC2",144278,163463,DevOps & Infrastructure
Mid-level Network Engineer,Vertex Anchor Technologies,Remote,Full-time,"Network Automation, Storage Area Networks, Virtualization (VMware), Load Balancers (F5), DNS Administration, VoIP Systems",82503,113261,DevOps & Infrastructure
Principal Release Engineer,Havencrest Network Infrastructure,"Amsterdam, Netherlands",Full-time,"Trunk-Based Development, Version Control, Continuous Deployment, Team Leadership, Nginx, Kubernetes",161584,188700,DevOps & Infrastructure
Cloud Infrastructure Engineer Intern,Emberfall Signal Labs,"Portland, OR",Internship,"Helm, AWS Lambda, SD-WAN",24409,40346,DevOps & Infrastructure
Mid-level Cloud Infrastructure Engineer,Wraith Grid Software,"New York, NY",Internship,"Ruby, Docker, SD-WAN, Virtualization (VMware), Network Monitoring",87307,105286,DevOps & Infrastructure
Lead DevOps Architect,Vertex Fleet Platforms,"New York, NY",Full-time,"Bitbucket, Continuous Integration, GitHub, Monorepo Management, Cloud Architecture, Infrastructure as Code, Continuous Deployment",141976,161406,DevOps & Infrastructure
Site Reliability Manager,Copperline Signal Systems Group,"Portland, OR",Full-time,"Time Management, Version Control, Ansible, Monorepo Management, Docker, GitHub, Site Reliability Engineering",140029,168143,DevOps & Infrastructure
Lead Cloud Engineer,Harborline Cloud Labs,"Dublin, Ireland",Internship,"Vagrant, Microsoft Azure, Linux Administration, Problem Solving, VPN Configuration",149230,169361,DevOps & Infrastructure
Junior Cloud Infrastructure Engineer,Wraith Grid Software,"New York, NY",Full-time,"DNS Administration, PowerShell, Active Directory, SD-WAN, Network Automation, Linux Administration",58148,72852,DevOps & Infrastructure
Staff Build & Release Engineer,Cobalt Signal Works,"Austin, TX",Internship,"Ruby, Documentation Best Practices, GitLab, Critical Thinking, Amazon Web Services, GitHub, Microsoft Azure, Version Control",154577,170458,DevOps & Infrastructure
IT Infrastructure Manager,Palisade Grid Software,"Austin, TX",Full-time,"Cross-functional Collaboration, Feature Flags, Continuous Deployment, Monorepo Management",137190,155459,DevOps & Infrastructure
DevOps Manager,Windmere Signal Platforms,"Reston, VA",Full-time,"Git, Docker, Chef, Documentation Best Practices, Jenkins, Canary Deployment",122477,151851,DevOps & Infrastructure
Lead Infrastructure Engineer,Steelwater Anchor Networks,"New York, NY",Full-time,"DNS Administration, Network Monitoring, Virtualization (VMware), Windows Server Administration, Time Management, VoIP Systems",136288,174542,DevOps & Infrastructure
Junior Cloud Infrastructure Engineer,Zephyr Stack Platforms,"Chicago, IL",Full-time,"GitHub, VoIP Systems, SD-WAN, CircleCI, Problem Solving",65093,81950,DevOps & Infrastructure
Lead Observability Engineer,Havencrest Stack Works,"Seattle, WA",Full-time,"Bash, AWS RDS, Go, Nginx, Firewall Configuration, Site Reliability Engineering, Python",137910,162742,DevOps & Infrastructure
Junior Systems Engineer,Lumina Relay Digital,Remote,Part-time,"Azure DevOps, DNS Administration, Argo CD, Agile Methodology, Kubernetes",61027,75374,DevOps & Infrastructure
Senior IT Infrastructure Engineer,Harborline Node Software,"Berlin, Germany",Internship,"Network Automation, CI/CD Pipelines, Datadog,  Network Monitoring , New Relic, CI/CD PIPELINES",115965,137762,DevOps & Infrastructure
Lead Build & Release Engineer,Nova Systems Tech,Remote,Full-time,"Trunk-Based Development, Firewall Configuration, Git, Blue-Green Deployment, CloudFormation",146363,162837,DevOps & Infrastructure
Cloud Operations Manager,Cobalt Signal Works,"Salt Lake City, UT",Full-time,"Bitbucket, Docker, Trunk-Based Development, Critical Thinking, GitLab, Helm",132015,151580,DevOps & Infrastructure
Junior Site Reliability Engineer,Deepwater Grid Systems Group,Remote,Full-time,"PagerDuty, Go, Infrastructure as Code, AWS RDS, Ruby",65584,78028,DevOps & Infrastructure
DevOps Manager,Zephyr Stack Platforms,Singapore,Internship,"AWS RDS, GitLab, Linux Administration, Mentoring",127907,153187,DevOps & Infrastructure
Junior Cloud Engineer,Cobalt Data Software,Remote,Full-time,"Multi-cloud Strategy, Azure Functions, CloudFormation, Puppet, Network Routing & Switching",66350,80974,DevOps & Infrastructure
Lead IT Infrastructure Engineer,Quartzline Pulse Solutions,Singapore,Contract,"Virtualization (VMware), Kubernetes, Windows Server Administration, DevSecOps, Storage Area Networks, Site Reliability Engineering, Google Cloud Platform",150992,168582,DevOps & Infrastructure
Junior DevOps Architect,Brightwell Circuit Works,Singapore,Contract,"Nginx, New Relic, Infrastructure as Code, Continuous Deployment",66090,76016,DevOps & Infrastructure
Senior Cloud Security Engineer,Ashgrove Systems Labs,Remote,Full-time,"Incident Response, Zero Trust Architecture, Azure DevOps, VPN Configuration, DevSecOps, Grafana",119682,137708,DevOps & Infrastructure
Principal Network Engineer,Copperline Signal Systems Group,"Boston, MA",Full-time,"VoIP Systems, Network Monitoring, Agile Methodology, Load Balancers (F5), Storage Area Networks, Windows Server Administration, TCP/IP",167192,194028,DevOps & Infrastructure
Infrastructure Manager,Ridgeback Relay IT,Singapore,Internship,"Puppet, Container Orchestration, GitHub Actions, Bitbucket, Trunk-Based Development",139622,169445,DevOps & Infrastructure
Senior Systems Engineer,Copperline Anchor Platforms,Remote,Full-time,"Go, SD-WAN, Mentoring, Azure Functions, Azure DevOps, Terraform, Splunk, Jenkins",110292,136657,DevOps & Infrastructure
Mid-level Cloud Architect,Lumina Relay Digital,Remote,Full-time,"Active Directory, Multi-cloud Strategy, Grafana, Blue-Green Deployment",89477,113876,DevOps & Infrastructure
Mid-level Site Reliability Engineer,Harborline Ventures Systems Group,"Reston, VA",Full-time,"Go, Puppet, Shell Scripting, Team Leadership, Grafana",83507,107678,DevOps & Infrastructure
Senior Cloud Infrastructure Engineer,Frostpeak Stack Works,"Denver, CO",Full-time,"SD-WAN, Active Directory, Windows Server Administration, Microsoft Azure, Infrastructure as Code, Prometheus",122887,143370,DevOps & Infrastructure
Mid-level Observability Engineer,Cobalt Relay Platforms,Remote,Contract,"Bash, PowerShell, New Relic, Prometheus, Ruby",89715,101013,DevOps & Infrastructure
Lead Network Engineer,Palisade Orbit Systems Group,"Boston, MA",Part-time,"Network Routing & Switching, VoIP Systems, DNS Administration, Mentoring",136873,173065,DevOps & Infrastructure
Infrastructure Engineer Intern,Zephyr Grid Infrastructure,"Bengaluru, India",Internship,"Windows Server Administration, Load Balancers (F5), Storage Area Networks, Virtualization (VMware), Network Monitoring",25838,37239,DevOps & Infrastructure
Junior Build & Release Engineer,Deepwater Grid Systems Group,"Dublin, Ireland",Full-time,"GitLab CI, Continuous Integration, Multi-cloud Strategy, Trunk-Based Development, PagerDuty",67503,77091,DevOps & Infrastructure
Junior Cloud Operations Engineer,Pinecrest Pulse Software,"Toronto, ON",Full-time,"SIEM Tools, Site Reliability Engineering, Service Mesh (Istio), Virtualization (VMware), IPv6, Puppet, Network Routing & Switching",58928,74906,DevOps & Infrastructure
Senior Kubernetes Administrator,Duskmere Cloud Platforms,Remote,Full-time,"Helm, Observability, Cloud Architecture, Microsoft Azure, GitHub Actions",123893,145010,DevOps & Infrastructure
Junior DevOps Engineer,Northgate Node Technologies,Remote,Full-time,"Continuous Deployment, Google Kubernetes Engine, Terraform, Bitbucket, Blue-Green Deployment, Docker Compose",62482,73552,DevOps & Infrastructure
Mid-level Infrastructure Engineer,Solstice Node Tech,"San Francisco, CA",Full-time,"Virtualization (VMware), New Relic, Load Balancers (F5), Grafana, Blue-Green Deployment, AWS EC2",87083,103928,DevOps & Infrastructure
Mid-level Kubernetes Administrator,Wraith Grid Networks,"Amsterdam, Netherlands",Full-time,"AWS S3, Blue-Green Deployment, Azure DevOps, Canary Deployment, Terraform, Splunk",91540,101888,DevOps & Infrastructure
Mid-level Systems Administrator,Northgate Systems Tech,Remote,Full-time,"Kubernetes, Splunk, Docker Compose, Helm, Incident Response, Grafana",84350,112780,DevOps & Infrastructure
Senior Cloud Architect,Windmere Pulse Tech,Remote,Full-time,"Cloud Architecture, Service Mesh (Istio), GitHub Actions, Jenkins, Site Reliability Engineering, AWS Lambda",118756,149124,DevOps & Infrastructure
Senior Cloud Security Engineer,Palisade Grid Software,"New York, NY",Full-time,"Firewall Configuration, SIEM Tools, Cloud Architecture, Google Cloud Platform, Observability, Nginx",111429,143961,DevOps & Infrastructure
Mid-level Release Engineer,Skyline Stack Digital,Remote,Full-time,"Continuous Integration, Ansible, Documentation Best Practices, Feature Flags, Shell Scripting, Version Control",81128,108475,DevOps & Infrastructure
Senior Network Administrator,Thornbury Systems Networks,Remote,Internship,"Active Directory, Storage Area Networks, Windows Server Administration, TCP/IP, IPv6",118931,154299,DevOps & Infrastructure
Senior DevOps Engineer,Marbleton Fleet Technologies,"Portland, OR",Full-time,"Monorepo Management, Pulumi, Bash, Continuous Deployment, GitHub",118713,136506,DevOps & Infrastructure
Senior Observability Engineer,Quartzline Pulse Solutions,"Chicago, IL",Full-time,"Shell Scripting, Problem Solving, Datadog, Vagrant, Bash",121948,154410,DevOps & Infrastructure
Principal Cloud Security Engineer,Northgate Systems Tech,"Atlanta, GA",Full-time,"SIEM Tools, Jenkins, AWS RDS, PagerDuty, Incident Response, Trunk-Based Development, Site Reliability Engineering",154742,187009,DevOps & Infrastructure
Mid-level Site Reliability Engineer,Windmere Ventures Works,"Atlanta, GA",Full-time,"Ruby, Python, Google Cloud Platform, Shell Scripting, Datadog, Canary Deployment",85598,109719,DevOps & Infrastructure
Senior Cloud Operations Engineer,Windmere Signal Platforms,"Amsterdam, Netherlands",Full-time,"Virtualization (VMware), Network Monitoring, GitLab CI, Service Mesh (Istio), Network Routing & Switching",124648,154685,DevOps & Infrastructure
Senior Release Engineer,Silverline Grid IT,"New York, NY",Full-time,"GitLab CI, GitLab, Bitbucket, Argo CD, Canary Deployment",115078,142412,DevOps & Infrastructure
Mid-level Systems Engineer,Vertex Stack IT,Remote,Full-time,"Virtualization (VMware), Nginx, Storage Area Networks, Trunk-Based Development, Azure Functions",87562,108856,DevOps & Infrastructure
Infrastructure Manager,Brightwell Network Software,Singapore,Full-time,"CloudFormation, Argo CD, Bitbucket, Trunk-Based Development, Pulumi, Git",139194,163616,DevOps & Infrastructure
Cloud Operations Manager,Cobalt Signal Works,Remote,Full-time,"GitLab, Cost Optimization (FinOps), Version Control, GitHub, Agile Methodology",137039,165193,DevOps & Infrastructure
Junior Build & Release Engineer,Vertex Anchor IT,"Atlanta, GA",Contract,"IPv6, Documentation Best Practices, GitLab, Continuous Deployment, Team Leadership",61891,74925,DevOps & Infrastructure
Lead Cloud Infrastructure Engineer,Zephyr Stack Platforms,"Denver, CO",Internship,"Datadog, Network Automation, Network Routing & Switching, Virtualization (VMware), Site Reliability Engineering, Agile Methodology",150585,167626,DevOps & Infrastructure
Lead Observability Engineer,Slateford Data Digital,"Sydney, Australia",Full-time,"Kubernetes, Grafana, Terraform, SIEM Tools, Azure Functions",149656,168681,DevOps & Infrastructure
Cloud Operations Engineer Intern,Brightwell Circuit Works,"San Francisco, CA",Full-time,"Windows Server Administration, AWS EC2, TCP/IP, Multi-cloud Strategy, Load Balancers (F5)",29653,40644,DevOps & Infrastructure
Mid-level Systems Administrator,Slateford Data Digital,Remote,Internship,"GitHub Actions, IPv6, DNS Administration, VoIP Systems, Windows Server Administration, SD-WAN, SIEM Tools",92382,101826,DevOps & Infrastructure
Senior Cloud Security Engineer,Copperline Anchor Platforms,Remote,Full-time,"SIEM Tools, Chef, Azure DevOps, Blue-Green Deployment",123333,146409,DevOps & Infrastructure
Mid-level Network Administrator,Frostpeak Mesh Systems Group,Remote,Full-time,"Critical Thinking, Storage Area Networks, Virtualization (VMware), SD-WAN",92870,107066,DevOps & Infrastructure
Junior Systems Administrator,Zephyr Stack Platforms,"Chicago, IL",Full-time,"TCP/IP, Azure Functions, Virtualization (VMware)",65061,76588,DevOps & Infrastructure
Lead Site Reliability Engineer,Redwood Fleet Systems Group,"Dublin, Ireland",Full-time,"Vagrant, Team Leadership, VPN Configuration, Shell Scripting, PowerShell, Pulumi",136185,168245,DevOps & Infrastructure
Mid-level IT Infrastructure Engineer,Thornbury Cloud Networks,"Denver, CO",Contract,"Load Balancers (F5), Network Monitoring, Terraform, Azure DevOps, Network Automation",93985,105482,DevOps & Infrastructure
Junior Cloud Infrastructure Engineer,Brightwell Circuit Works,"Chicago, IL",Full-time,"Network Monitoring, IPv6, Service Mesh (Istio)",61668,72707,DevOps & Infrastructure
Senior Cloud Architect,Copperline Anchor Platforms,"Reston, VA",Full-time,"Container Orchestration, Mentoring, Chef, Site Reliability Engineering",120309,152523,DevOps & Infrastructure
Network Operations Manager,Havencrest Network Infrastructure,"Salt Lake City, UT",Full-time,"Problem Solving, Vagrant, Bitbucket, Docker Compose",129735,153827,DevOps & Infrastructure
Junior Network Administrator,Basalt Circuit Works,"Dublin, Ireland",Internship,"DNS Administration, Network Monitoring, Load Balancers (F5), SD-WAN, GitHub, Virtualization (VMware)",59447,77121,DevOps & Infrastructure
Staff Cloud Operations Engineer,Pinecrest Circuit Infrastructure,"Portland, OR",Internship,"VoIP Systems, Go, CloudFormation, Windows Server Administration",152350,178528,DevOps & Infrastructure
Site Reliability Manager,Windmere Ventures Works,"Toronto, ON",Contract," Cross-functional Collaboration , Bitbucket, GitLab, Monorepo Management, Feature Flags, CROSS-FUNCTIONAL COLLABORATION",138732,156905,DevOps & Infrastructure
Senior Observability Engineer,Basalt Circuit Works,Remote,Full-time,"AWS RDS, Linux Administration, Bash,  Pulumi ",110855,139165,DevOps & Infrastructure
Infrastructure Manager,Silverline Grid IT,Remote,Full-time,"Python, Git, Problem Solving, Documentation Best Practices, Monorepo Management, Blue-Green Deployment",129046,171421,DevOps & Infrastructure
Cloud Operations Manager,Silverline Grid Works,"Seattle, WA",Full-time,"Observability, Version Control, Cloud Architecture",135266,153886,DevOps & Infrastructure
Mid-level Cloud Engineer,Copperline Anchor Platforms,"Seattle, WA",Full-time,"Service Mesh (Istio), Communication, Amazon Web Services, Kubernetes, Ansible",87816,112722,DevOps & Infrastructure
Junior Infrastructure Engineer,Solstice Signal Solutions,"Bengaluru, India",Part-time,"Datadog, VoIP Systems, Nginx, Chef, Continuous Deployment",63838,73792,DevOps & Infrastructure
Lead DevOps Engineer,Havencrest Systems Technologies,Remote,Full-time,"Splunk, Monorepo Management, Bitbucket, VoIP Systems, Team Leadership",141167,167008,DevOps & Infrastructure
Lead Network Administrator,Harborline Node Software,"Atlanta, GA",Full-time,"Agile Methodology, DNS Administration, Network Automation, Virtualization (VMware), IPv6",150585,170077,DevOps & Infrastructure
Junior DevOps Architect,Zephyr Data Digital,Remote,Contract,"Critical Thinking, Microsoft Azure, Prometheus, Continuous Deployment, Container Orchestration, Continuous Integration",64596,75998,DevOps & Infrastructure
Mid-level Cloud Engineer,Quartzline Pulse Solutions,"Seattle, WA",Full-time,"Prometheus, Firewall Configuration, Service Mesh (Istio), Kubernetes, Terraform",91581,111310,DevOps & Infrastructure
Staff Cloud Engineer,Windmere Ventures Works,"London, UK",Full-time,"Kubernetes, Chef, New Relic,  Time Management ",146192,177140,DevOps & Infrastructure
Staff DevOps Architect,Basalt Field Solutions,"Chicago, IL",Contract,"CloudFormation, Critical Thinking, Google Cloud Platform, CircleCI, Documentation Best Practices, Amazon Web Services",157023,179127,DevOps & Infrastructure
Senior Observability Engineer,Thornbury Beacon Solutions,"Bengaluru, India",Full-time,"Observability, Shell Scripting, Python, CI/CD Pipelines, Container Orchestration, Communication",115062,149688,DevOps & Infrastructure
Junior Release Engineer,Copperline Anchor Platforms,"Boston, MA",Internship,"Infrastructure as Code, Cross-functional Collaboration, Version Control, Helm, GitHub, Splunk, PagerDuty",63151,72807,DevOps & Infrastructure
Staff Cloud Infrastructure Engineer,Ridgeback Relay Tech,"San Francisco, CA",Part-time,"Virtualization (VMware), Azure DevOps, IPv6, Cross-functional Collaboration, Puppet, SD-WAN",156851,181427,DevOps & Infrastructure
Senior IT Infrastructure Engineer,Solstice Signal Solutions,"Portland, OR",Full-time,"Linux Administration, Network Monitoring, Datadog, Active Directory, Load Balancers (F5), Windows Server Administration",121122,136238,DevOps & Infrastructure
Mid-level Cloud Security Engineer,Vertex Fleet Platforms,"San Jose, CA",Internship,"Zero Trust Architecture, VPN Configuration, Amazon Web Services, Incident Response, Cross-functional Collaboration",90451,103409,DevOps & Infrastructure
Site Reliability Manager,Bluepeak Network Tech,Remote,Full-time,"Azure Functions, Grafana, GitHub, Time Management, Argo CD, Docker Compose",125942,151660,DevOps & Infrastructure
Junior Cloud Architect,Wraith Pulse Labs,"London, UK",Full-time,"New Relic, Azure Functions, Puppet, CircleCI, GitHub Actions",61876,73944,DevOps & Infrastructure
Senior IT Infrastructure Engineer,Palisade Grid Software,"London, UK",Full-time,"Prometheus, New Relic, Active Directory",125769,138058,DevOps & Infrastructure
Lead Network Administrator,Brightwell Network Software,"London, UK",Contract,"Network Routing & Switching, VoIP Systems, DNS Administration, SD-WAN, Windows Server Administration, Storage Area Networks",135809,171066,DevOps & Infrastructure
Mid-level Platform Engineer,Cobalt Ventures Tech,"San Jose, CA",Full-time,"AWS EC2, Firewall Configuration, Linux Administration, Version Control, Terraform",87686,113719,DevOps & Infrastructure
Senior Cloud Operations Engineer,Windmere Signal Platforms,"Portland, OR",Contract,"Helm, Canary Deployment, IPv6, DNS Administration, Puppet, SIEM Tools",120497,142520,DevOps & Infrastructure
Senior Release Engineer,Silverline Grid Works,"Dublin, Ireland",Full-time,"AWS RDS, Docker, Version Control, VPN Configuration, AWS Lambda",125154,154654,DevOps & Infrastructure
Cloud Operations Manager,Havencrest Network Infrastructure,"Salt Lake City, UT",Full-time,"Git, TCP/IP, Service Mesh (Istio), Version Control",136756,169434,DevOps & Infrastructure
Junior Kubernetes Administrator,Solstice Node Tech,"Portland, OR",Full-time,"CI/CD Pipelines, Docker, Docker Compose, Jenkins, VPN Configuration, Linux Administration, Cross-functional Collaboration",62925,74625,DevOps & Infrastructure
Senior Kubernetes Administrator,Slateford Beacon Technologies,Remote,Internship,"Google Kubernetes Engine, Kubernetes, AWS Lambda, Cross-functional Collaboration, Azure Functions",121859,147487,DevOps & Infrastructure
Senior Systems Administrator,Copperline Anchor Platforms,"Reston, VA",Full-time,"AWS S3, Docker, Communication, Load Balancers (F5), CloudFormation, Helm",113448,145496,DevOps & Infrastructure
Senior Cloud Engineer,Harborline Cloud Labs,"Reston, VA",Full-time,"Docker, Datadog, Monorepo Management, Chef",115931,145833,DevOps & Infrastructure
Senior Kubernetes Administrator,Wraith Grid Software,"San Jose, CA",Contract,"AWS RDS, Container Orchestration, GitHub Actions, Firewall Configuration, Service Mesh (Istio)",124677,137371,DevOps & Infrastructure
Senior Kubernetes Administrator,Silverline Grid IT,"San Francisco, CA",Full-time,"Microsoft Azure, Blue-Green Deployment, Agile Methodology, Jenkins",119389,138091,DevOps & Infrastructure
Junior Cloud Operations Engineer,Windmere Pulse Tech,"Sydney, Australia",Internship,"Load Balancers (F5), Network Automation, Virtualization (VMware), SD-WAN, Service Mesh (Istio), TCP/IP",66311,76795,DevOps & Infrastructure
Site Reliability Manager,Pinecrest Circuit Infrastructure,"London, UK",Internship,"AWS EC2, Feature Flags, Monorepo Management, Nginx, Agile Methodology, GitLab",140316,156383,DevOps & Infrastructure
Lead Cloud Infrastructure Engineer,Zephyr Data Digital,Remote,Full-time,"TCP/IP, Mentoring, AWS Lambda, Google Cloud Platform, Storage Area Networks, Load Balancers (F5), IPv6",150489,168503,DevOps & Infrastructure
Network Operations Manager,Quartzline Pulse Solutions,"Austin, TX",Full-time,"Feature Flags, Azure Functions, Storage Area Networks, Site Reliability Engineering, CI/CD Pipelines, Trunk-Based Development",139079,159626,DevOps & Infrastructure
Principal Release Engineer,Havencrest Systems Technologies,"Dublin, Ireland",Internship,"Communication, Incident Response, PagerDuty, GitLab, Prometheus",156475,190874,DevOps & Infrastructure
Infrastructure Manager,Fernwood Fleet Networks,Singapore,Full-time,"CI/CD Pipelines, Communication, Service Mesh (Istio), Documentation Best Practices",140349,164056,DevOps & Infrastructure
Infrastructure Engineer Intern,Slateford Beacon Technologies,"Sydney, Australia",Internship," Critical Thinking , Storage Area Networks, Chef, Network Automation",29843,39656,DevOps & Infrastructure
Mid-level Kubernetes Administrator,Windmere Pulse Tech,"London, UK",Contract,"Linux Administration, SD-WAN, Ansible, Site Reliability Engineering, Cost Optimization (FinOps), CircleCI, Splunk",91362,114580,DevOps & Infrastructure
Mid-level Network Administrator,Deepwater Grid Systems Group,Remote,Full-time,"TCP/IP, Virtualization (VMware), IPv6, Windows Server Administration, Network Monitoring, Team Leadership",87354,107465,DevOps & Infrastructure
Staff Platform Engineer,Pinecrest Pulse Software,"Dallas, TX",Full-time,"Observability, Documentation Best Practices, Communication, GitLab CI, New Relic, Version Control, Amazon Web Services",147403,168444,DevOps & Infrastructure
Junior Cloud Architect,Ridgeback Relay Tech,"San Jose, CA",Full-time,"Cost Optimization (FinOps), Terraform, Kubernetes",66796,75501,DevOps & Infrastructure
Junior IT Infrastructure Engineer,Northgate Systems Tech,"Portland, OR",Part-time,"Docker Compose, Virtualization (VMware), SD-WAN, IPv6, Active Directory, Terraform",67585,79806,DevOps & Infrastructure
Senior Build & Release Engineer,Frostpeak Stack Works,"Bengaluru, India",Full-time,"Prometheus, Terraform, Docker, Feature Flags, CircleCI, GitHub",110336,141786,DevOps & Infrastructure
Mid-level Network Administrator,Solstice Node Tech,"Austin, TX",Full-time,"Network Monitoring, Network Routing & Switching, SD-WAN, Storage Area Networks",81098,105648,DevOps & Infrastructure
Mid-level Systems Engineer,Cobalt Signal Works,"Dallas, TX",Full-time,"TCP/IP, Terraform, Storage Area Networks, Infrastructure as Code",88668,112419,DevOps & Infrastructure
Junior Systems Engineer,Wraith Grid Software,Remote,Full-time,"Vagrant, Chef, SIEM Tools, Multi-cloud Strategy, Network Routing & Switching, Network Monitoring, TCP/IP",67533,77631,DevOps & Infrastructure
Senior Kubernetes Administrator,Silverline Grid IT,"Dallas, TX",Contract,"Observability, New Relic, Cross-functional Collaboration, GitLab CI, Nginx, Infrastructure as Code",112703,136265,DevOps & Infrastructure
Junior Platform Engineer,Highgrove Beacon Works,"Reston, VA",Contract,"CircleCI, Monorepo Management, Splunk, AWS EC2, Observability, SIEM Tools",60585,81942,DevOps & Infrastructure
Lead Cloud Security Engineer,Windmere Signal Platforms,Remote,Full-time,"Problem Solving, Firewall Configuration, Datadog, Google Cloud Platform, SIEM Tools",144262,168315,DevOps & Infrastructure
Cloud Architect Intern,Windmere Data Solutions,Remote,Internship,"CI/CD Pipelines, Multi-cloud Strategy, Linux Administration, Feature Flags, Communication,  AWS RDS ",24330,41879,DevOps & Infrastructure
Release Engineer Intern,Havencrest Stack Works,Remote,Internship,"Terraform, Feature Flags, Microsoft Azure, Infrastructure as Code, Amazon Web Services",30347,38550,DevOps & Infrastructure
Senior DevOps Architect,Basalt Field Solutions,Remote,Full-time,"Feature Flags, Blue-Green Deployment, GitLab CI",113005,136624,DevOps & Infrastructure
Senior DevOps Engineer,Solstice Signal Solutions,"San Jose, CA",Full-time,"Bitbucket, Documentation Best Practices, Monorepo Management, Feature Flags",121127,148175,DevOps & Infrastructure
Observability Engineer Intern,Deepwater Grid Systems Group,Remote,Part-time,"Puppet,  Splunk , Ruby, Shell Scripting, Go",29994,38330,DevOps & Infrastructure
Lead Kubernetes Administrator,Frostpeak Stack Works,Remote,Part-time,"Time Management, Load Balancers (F5), Canary Deployment, Grafana, Site Reliability Engineering, Docker Compose",139575,165223,DevOps & Infrastructure
Principal Cloud Infrastructure Engineer,Brightwell Network Software,"Reston, VA",Contract," Linux Administration , Google Kubernetes Engine, VoIP Systems, Container Orchestration",166790,192173,DevOps & Infrastructure
Lead Observability Engineer,Wraith Grid Software,Remote,Internship,"Observability, Critical Thinking, Shell Scripting, Azure Functions, Terraform, Bash",138185,170529,DevOps & Infrastructure
Senior DevOps Architect,Deepwater Grid Systems Group,"San Francisco, CA",Full-time,"Datadog, Version Control, Service Mesh (Istio), GitHub, Site Reliability Engineering",110762,144591,DevOps & Infrastructure
Mid-level Systems Engineer,Brightwell Network Software,Remote,Full-time,"CloudFormation, TCP/IP, Time Management, Network Routing & Switching",86045,112095,DevOps & Infrastructure
Junior Build & Release Engineer,Deepwater Node Networks,Remote,Full-time,"Container Orchestration, Service Mesh (Istio), Version Control, Go",65965,75731,DevOps & Infrastructure
Lead Kubernetes Administrator,Wraith Grid Networks,"Salt Lake City, UT",Part-time,"Splunk, Prometheus, Ruby, CircleCI, Helm",138382,169649,DevOps & Infrastructure
Mid-level Kubernetes Administrator,Redwood Orbit Software,"London, UK",Internship,"Service Mesh (Istio), Docker Compose, Kubernetes, Ruby, Cost Optimization (FinOps)",86135,111486,DevOps & Infrastructure
Senior IT Infrastructure Engineer,Wraith Grid Networks,"Bengaluru, India",Internship,"New Relic, VoIP Systems, Chef, Terraform, AWS EC2",113096,140042,DevOps & Infrastructure
Infrastructure Manager,Northgate Systems Solutions,"Denver, CO",Internship,"Continuous Deployment, Observability, Site Reliability Engineering, GitLab CI, TCP/IP",133151,156109,DevOps & Infrastructure
Lead Site Reliability Engineer,Cobalt Data Software,"Amsterdam, Netherlands",Part-time,"Shell Scripting, PowerShell, Go, Bash, Team Leadership",147806,159202,DevOps & Infrastructure
Mid-level Site Reliability Engineer,Deepwater Grid Systems Group,"Bengaluru, India",Full-time,"Linux Administration, Multi-cloud Strategy, Vagrant",87221,110245,DevOps & Infrastructure
Staff Build & Release Engineer,Harborline Node Software,"Reston, VA",Part-time,"Linux Administration, Version Control, Problem Solving, Service Mesh (Istio), GitLab, Continuous Deployment",142542,170298,DevOps & Infrastructure
Principal Network Engineer,Emberfall Signal Labs,Remote,Full-time,"IPv6, VoIP Systems, Virtualization (VMware), Critical Thinking, Windows Server Administration, Python",154341,184842,DevOps & Infrastructure
Lead Site Reliability Engineer,Havencrest Relay Solutions,Remote,Part-time,"Bash, Kubernetes, Time Management, Shell Scripting, Puppet, Python",150210,170990,DevOps & Infrastructure
Staff Build & Release Engineer,Slateford Node Technologies,"Dublin, Ireland",Full-time,"Container Orchestration, AWS S3, New Relic, Monorepo Management, Docker, Trunk-Based Development, Problem Solving",157193,169049,DevOps & Infrastructure
Lead Network Engineer,Slateford Node Technologies,Remote,Full-time,"Virtualization (VMware), VOIP SYSTEMS, Network Monitoring, IPv6, Critical Thinking",149022,173016,DevOps & Infrastructure
Senior IT Infrastructure Engineer,Slateford Node Technologies,"San Francisco, CA",Full-time,"New Relic, Cloud Architecture, Kubernetes",114028,152442,DevOps & Infrastructure
Staff Systems Administrator,Quartzline Signal Software,"Chicago, IL",Contract,"Container Orchestration, Virtualization (VMware), New Relic, VoIP Systems, Network Automation",143467,182244,DevOps & Infrastructure
Senior Build & Release Engineer,Silverline Grid IT,"New York, NY",Full-time,"Problem Solving, GitLab CI, Monorepo Management, Prometheus, Jenkins",117518,138750,DevOps & Infrastructure
Senior Cloud Security Engineer,Vertex Node Digital,"Boston, MA",Full-time,"GitHub, GitLab CI, Container Orchestration, GitHub Actions",113707,147053,DevOps & Infrastructure
Senior Cloud Operations Engineer,Skyline Stack Digital,"Raleigh, NC",Full-time,"Google Kubernetes Engine, Windows Server Administration, SD-WAN, IPv6",119616,148817,DevOps & Infrastructure
Lead Release Engineer,Ridgeback Relay IT,Remote,Full-time,"New Relic, Firewall Configuration, Google Cloud Platform, Azure DevOps, GitLab, Datadog",150373,171686,DevOps & Infrastructure
Mid-level Observability Engineer,Marbleton Fleet Technologies,Remote,Full-time,"PowerShell, Microsoft Azure, Amazon Web Services",89268,107454,DevOps & Infrastructure
Junior Cloud Infrastructure Engineer,Emberfall Signal Labs,Remote,Full-time,"DNS Administration, CI/CD Pipelines, Network Monitoring, Network Routing & Switching, Ansible, Network Automation, Agile Methodology",66970,81936,DevOps & Infrastructure
Senior Systems Engineer,Windmere Ventures Works,"Seattle, WA",Full-time,"Terraform, Storage Area Networks, Azure Functions, Amazon Web Services, TCP/IP, Cost Optimization (FinOps)",113321,153387,DevOps & Infrastructure
Junior DevOps Engineer,Thornbury Beacon Solutions,"Boston, MA",Contract,"Prometheus, Problem Solving, Ansible, Monorepo Management",58703,79976,DevOps & Infrastructure
Senior Observability Engineer,Harborline Node Software,"New York, NY",Full-time,"Bash, Ruby, Grafana, Chef, Shell Scripting, Prometheus",112047,153849,DevOps & Infrastructure
Mid-level Network Engineer,Silverline Grid Works,"London, UK",Full-time,"SD-WAN, Virtualization (VMware), Load Balancers (F5), Windows Server Administration, Network Routing & Switching, Problem Solving, Network Monitoring",89594,106290,DevOps & Infrastructure
Lead Site Reliability Engineer,Slateford Beacon Technologies,"New York, NY",Full-time,"Go, Communication, Ruby, Terraform, DNS Administration",143385,164915,DevOps & Infrastructure
Lead Systems Engineer,Northgate Systems Tech,Singapore,Full-time,"Agile Methodology, Windows Server Administration, SD-WAN, Splunk, Datadog, PowerShell, Multi-cloud Strategy",145204,159996,DevOps & Infrastructure
Lead IT Infrastructure Engineer,Duskmere Cloud Platforms,"Berlin, Germany",Full-time,"Network Routing & Switching, TCP/IP, Active Directory, Network Monitoring, Docker Compose",150305,173384,DevOps & Infrastructure
Senior Infrastructure Engineer,Cobalt Signal Works,"Portland, OR",Full-time,"DNS Administration, Load Balancers (F5), SD-WAN, Jenkins, GitHub Actions, Blue-Green Deployment, Go",113633,144772,DevOps & Infrastructure
Mid-level Cloud Engineer,Vertex Anchor Technologies,Remote,Full-time,"GitHub Actions, Google Kubernetes Engine, Prometheus, Observability",87523,101720,DevOps & Infrastructure
Staff Cloud Infrastructure Engineer,Vertex Anchor IT,"Toronto, ON",Full-time,"Critical Thinking, Network Automation, Kubernetes, AWS EC2, Network Monitoring, Terraform, Windows Server Administration, Cost Optimization (FinOps)",155495,178413,DevOps & Infrastructure
Mid-level DevOps Architect,Onyx Cloud IT,Remote,Internship,"Kubernetes, Datadog, GitHub, Continuous Deployment, Feature Flags",93557,112714,DevOps & Infrastructure
Senior DevOps Engineer,Northgate Systems Tech,"Salt Lake City, UT",Contract,"GitLab, Firewall Configuration, Continuous Deployment, Docker, Documentation Best Practices, Continuous Integration",115272,140600,DevOps & Infrastructure
Senior Build & Release Engineer,Harborline Cloud Labs,"Toronto, ON",Full-time,"Documentation Best Practices, Feature Flags, Amazon Web Services",111510,152767,DevOps & Infrastructure
IT Infrastructure Manager,Cascade Beacon Digital,Singapore,Full-time,"Ansible, Trunk-Based Development, Version Control, Puppet, Cross-functional Collaboration",134118,160172,DevOps & Infrastructure
Cloud Operations Engineer Intern,Havencrest Pulse Networks,Remote,Internship,"Pulumi, Mentoring, VoIP Systems, Bitbucket, Network Automation",25934,38551,DevOps & Infrastructure
Mid-level DevOps Engineer,Brightwell Circuit Works,"Berlin, Germany",Full-time,"Monorepo Management, Version Control, GitHub",85060,113653,DevOps & Infrastructure
Staff Cloud Engineer,Copperline Signal Systems Group,"Seattle, WA",Full-time,"Service Mesh (Istio), Helm, Blue-Green Deployment, Docker, AWS EC2, Problem Solving",155454,181087,DevOps & Infrastructure
Mid-level Network Administrator,Palisade Relay Infrastructure,"Reston, VA",Contract,"Network Routing & Switching, Network Monitoring, IPv6",82760,111644,DevOps & Infrastructure
IT Infrastructure Manager,Cobalt Signal Works,"New York, NY",Full-time,"Bitbucket, Continuous Deployment, Container Orchestration, Terraform, Version Control, Pulumi",139788,161735,DevOps & Infrastructure
Senior Cloud Architect,Deepwater Grid Systems Group,"Sydney, Australia",Full-time,"Docker, Chef, Azure DevOps, Observability",115722,138801,DevOps & Infrastructure
Principal Cloud Architect,Highgrove Data Solutions,"Dublin, Ireland",Contract,"Docker Compose, Chef, Splunk, Firewall Configuration",153364,193712,DevOps & Infrastructure
Senior Site Reliability Engineer,Vertex Fleet Platforms,"Toronto, ON",Full-time,"Vagrant, PowerShell, Firewall Configuration, CI/CD Pipelines, Shell Scripting, Ruby, Docker Compose",121301,137693,DevOps & Infrastructure
Senior Cloud Security Engineer,Steelwater Anchor Networks,"Austin, TX",Contract,"Puppet, Incident Response, Grafana, AWS S3, PowerShell, SIEM Tools, Firewall Configuration",120610,140525,DevOps & Infrastructure
Cloud Operations Manager,Basalt Circuit Works,"Raleigh, NC",Full-time,"Trunk-Based Development, Continuous Deployment, Feature Flags, Vagrant, GitLab, GitHub,  Time Management ",134470,154698,DevOps & Infrastructure
Mid-level DevOps Engineer,Slateford Node Technologies,"Toronto, ON",Full-time,"Blue-Green Deployment, Amazon Web Services, Feature Flags, Multi-cloud Strategy, Communication",81521,111005,DevOps & Infrastructure
Junior Cloud Operations Engineer,Northgate Systems Solutions,"London, UK",Internship,"Load Balancers (F5), SIEM Tools, SD-WAN, Storage Area Networks, Multi-cloud Strategy",58192,74520,DevOps & Infrastructure
Senior Cloud Engineer,Havencrest Pulse Networks,"Sydney, Australia",Full-time,"Terraform, Ansible, AWS Lambda, Canary Deployment, CloudFormation, Puppet",119232,146050,DevOps & Infrastructure
Principal Kubernetes Administrator,Highgrove Data Solutions,Singapore,Part-time,"Docker, Helm, Cost Optimization (FinOps), Team Leadership, AWS EC2, Container Orchestration",164253,180391,DevOps & Infrastructure
Staff Systems Engineer,Copperline Anchor Platforms,"Seattle, WA",Full-time,"Vagrant, Chef, Prometheus, Linux Administration, GitLab CI, Monorepo Management",154652,175438,DevOps & Infrastructure
Mid-level Build & Release Engineer,Thornbury Beacon Solutions,"Dublin, Ireland",Internship,"Cloud Architecture, Docker Compose, Feature Flags, Argo CD, CircleCI, PowerShell",87130,112417,DevOps & Infrastructure
Mid-level Systems Administrator,Palisade Orbit Systems Group,"Boston, MA",Contract,"VPN Configuration, New Relic, CI/CD Pipelines, Datadog, Cost Optimization (FinOps), Storage Area Networks, Problem Solving, Network Monitoring",93607,113448,DevOps & Infrastructure
Junior Build & Release Engineer,Copperline Anchor Platforms,"San Francisco, CA",Part-time,"Trunk-Based Development, Git, Zero Trust Architecture, Version Control, Feature Flags, GitLab, Agile Methodology, Prometheus",62346,74191,DevOps & Infrastructure
Senior Cloud Architect,Skyline Stack Digital,Remote,Full-time,"Go, Vagrant, Nginx, GitHub Actions",115937,141144,DevOps & Infrastructure
Mid-level Network Engineer,Emberfall Stack Infrastructure,"San Francisco, CA",Full-time,"VoIP Systems, TCP/IP, VPN Configuration, Network Routing & Switching, Storage Area Networks",87799,111254,DevOps & Infrastructure
Junior Systems Administrator,Lumina Relay Digital,"Bengaluru, India",Full-time,"Multi-cloud Strategy, Pulumi, Terraform, Critical Thinking, Network Monitoring",62573,76315,DevOps & Infrastructure
Junior Platform Engineer,Vertex Node Digital,Singapore,Contract,"Canary Deployment, Docker Compose, Continuous Deployment, Observability, GitHub",60135,81394,DevOps & Infrastructure
Mid-level Cloud Architect,Cobalt Relay Platforms,"Denver, CO",Full-time,"Communication, Jenkins, Service Mesh (Istio), PagerDuty, DevSecOps",81725,105879,DevOps & Infrastructure
Staff Platform Engineer,Slateford Data Digital,Remote,Full-time,"GitHub, AWS S3, Azure DevOps, Monorepo Management, Continuous Deployment",157141,170125,DevOps & Infrastructure
Junior Kubernetes Administrator,Frostpeak Stack Works,"Toronto, ON",Contract,"Helm, GitLab CI, Network Automation, Pulumi, Linux Administration",64258,75571,DevOps & Infrastructure
Senior Systems Engineer,Wraith Grid Software,"Salt Lake City, UT",Part-time,"Nginx, Google Kubernetes Engine, Time Management, Windows Server Administration",126163,137721,DevOps & Infrastructure
Staff Build & Release Engineer,Redwood Orbit Software,Remote,Full-time,"Ruby, Documentation Best Practices, Feature Flags, GitHub, Communication, Bitbucket, Trunk-Based Development",156357,184791,DevOps & Infrastructure
Mid-level Cloud Engineer,Emberfall Stack Infrastructure,"New York, NY",Full-time,"GitHub Actions, Shell Scripting, Kubernetes, Azure Functions, Puppet",86215,106662,DevOps & Infrastructure
Network Engineer Intern,Basalt Circuit Works,Remote,Full-time,"Network Routing & Switching, Network Monitoring, VoIP Systems, DNS Administration, SD-WAN, Storage Area Networks",26240,39462,DevOps & Infrastructure
Senior IT Infrastructure Engineer,Windmere Data Solutions,"Salt Lake City, UT",Part-time,"CloudFormation, Windows Server Administration, CI/CD Pipelines, Load Balancers (F5), TCP/IP, Cost Optimization (FinOps)",122787,153706,DevOps & Infrastructure
Junior DevOps Engineer,Copperline Beacon IT,Remote,Internship,"Monorepo Management, Trunk-Based Development, Continuous Integration, Documentation Best Practices, Service Mesh (Istio), Critical Thinking",60144,77241,DevOps & Infrastructure
Staff Build & Release Engineer,Havencrest Network Infrastructure,"Chicago, IL",Full-time,"Vagrant, Documentation Best Practices, Jenkins, Git, Bitbucket, GitLab",146512,167018,DevOps & Infrastructure
Senior Cloud Architect,Vertex Anchor Technologies,"Denver, CO",Full-time,"AWS S3, AWS RDS, Docker, Jenkins, Helm, Zero Trust Architecture, Linux Administration",112762,151673,DevOps & Infrastructure
Senior DevOps Engineer,Basalt Relay Solutions,"Portland, OR",Full-time,"AWS S3, Pulumi, Communication, Canary Deployment, Feature Flags, Puppet",125991,142567,DevOps & Infrastructure
Senior Kubernetes Administrator,Palisade Grid Software,"San Francisco, CA",Full-time,"Azure Functions, Prometheus, Grafana, Microsoft Azure",115057,138971,DevOps & Infrastructure
Mid-level Network Engineer,Fernwood Fleet Networks,"Bengaluru, India",Full-time,"Virtualization (VMware), Network Monitoring, TCP/IP, Communication, Network Automation",83958,111320,DevOps & Infrastructure
Senior Infrastructure Engineer,Havencrest Pulse Networks,Remote,Full-time,"Mentoring, DNS Administration, VoIP Systems, CI/CD Pipelines, Storage Area Networks, Network Monitoring, Network Routing & Switching, Zero Trust Architecture",109098,141368,DevOps & Infrastructure
Senior Systems Administrator,Highgrove Data Solutions,"Reston, VA",Part-time,"SD-WAN, AWS RDS, Virtualization (VMware), Infrastructure as Code, Argo CD, Communication, Google Cloud Platform",126672,141024,DevOps & Infrastructure
Principal Cloud Infrastructure Engineer,Windmere Signal Platforms,"Denver, CO",Full-time,"Windows Server Administration, Vagrant, Virtualization (VMware), Network Automation, Active Directory",158928,182522,DevOps & Infrastructure
Senior Observability Engineer,Zephyr Stack Platforms,"Dublin, Ireland",Full-time,"PowerShell, Google Kubernetes Engine,  AWS S3 , aws s3",120620,137652,DevOps & Infrastructure
Senior Network Administrator,Frostpeak Stack Works,"Austin, TX",Internship,"Trunk-Based Development, Load Balancers (F5), Network Routing & Switching, IPv6, Active Directory, Network Monitoring",109149,138985,DevOps & Infrastructure
Senior IT Infrastructure Engineer,Havencrest Relay Solutions,"Atlanta, GA",Part-time,"Active Directory, Load Balancers (F5), GitHub Actions, VoIP Systems",118334,139692,DevOps & Infrastructure
Principal Infrastructure Engineer,Zephyr Stack Platforms,Remote,Full-time,"Virtualization (VMware), TCP/IP, Network Automation",164037,189079,DevOps & Infrastructure
Junior DevOps Architect,Thornbury Beacon Solutions,"Toronto, ON",Full-time,"PagerDuty, Microsoft Azure, Azure Functions, Git",63094,75668,DevOps & Infrastructure
Lead Cloud Engineer,Palisade Relay Infrastructure,"Salt Lake City, UT",Part-time,"Bitbucket, Mentoring, Canary Deployment, Splunk, Vagrant",146105,174239,DevOps & Infrastructure
IT Infrastructure Manager,Slateford Node Technologies,"Atlanta, GA",Full-time,"Datadog, Observability, Critical Thinking, Git, GitHub Actions, Documentation Best Practices, Version Control",121015,154993,DevOps & Infrastructure
Mid-level Release Engineer,Copperline Signal Systems Group,Singapore,Internship,"Trunk-Based Development, Time Management, Multi-cloud Strategy, Bitbucket, Splunk, Git",88077,104826,DevOps & Infrastructure
Mid-level Systems Administrator,Zephyr Data Digital,Remote,Full-time,"Azure DevOps, Argo CD, Datadog, TCP/IP, Active Directory, DNS Administration",87004,103094,DevOps & Infrastructure
Senior IT Infrastructure Engineer,Havencrest Systems Technologies,Remote,Internship,"SD-WAN, Docker Compose, Network Routing & Switching, Jenkins, DNS Administration, Mentoring",122491,140938,DevOps & Infrastructure
Platform Engineer Intern,Palisade Orbit Systems Group,Remote,Internship,"Kubernetes, Feature Flags, GitLab, Agile Methodology, Bitbucket",24541,35675,DevOps & Infrastructure
Lead Kubernetes Administrator,Thornbury Systems Networks,"Raleigh, NC",Full-time,"Jenkins, Docker, Amazon Web Services, Microsoft Azure, GitLab CI, Google Kubernetes Engine, Agile Methodology",147224,174961,DevOps & Infrastructure
Mid-level Platform Engineer,Granite Fleet Digital,"Boston, MA",Full-time,"Git, Amazon Web Services, Continuous Integration, Blue-Green Deployment",93868,105223,DevOps & Infrastructure
Senior DevOps Engineer,Lumina Signal Systems Group,Singapore,Part-time,"Documentation Best Practices, Team Leadership, Multi-cloud Strategy, CI/CD Pipelines, Splunk, AWS Lambda",119305,141631,DevOps & Infrastructure
Principal Platform Engineer,Zephyr Data Digital,"New York, NY",Full-time,"Shell Scripting, Continuous Deployment, Continuous Integration, Pulumi, Agile Methodology",159508,191590,DevOps & Infrastructure
Observability Engineer Intern,Skyline Stack Digital,"Atlanta, GA",Internship,"Docker, Microsoft Azure, Ruby, Python, Bash",26671,37725,DevOps & Infrastructure
Mid-level Observability Engineer,Thornbury Cloud Networks,"Reston, VA",Part-time,"Bash, Team Leadership, Canary Deployment, Terraform, Shell Scripting, Helm, PowerShell",91882,112152,DevOps & Infrastructure
Lead Release Engineer,Thornbury Cloud Networks,Remote,Full-time,"Nginx, Git, CloudFormation, Ruby",144382,167096,DevOps & Infrastructure
DevOps Architect Intern,Emberfall Stack Infrastructure,Remote,Internship,"GitHub Actions, Ruby, GitHub, Terraform",24481,38256,DevOps & Infrastructure
Senior Cloud Infrastructure Engineer,Havencrest Relay Solutions,"Dallas, TX",Full-time,"Cross-functional Collaboration, Network Routing & Switching, Container Orchestration, Go, Docker, DNS Administration, Datadog",113403,141645,DevOps & Infrastructure
Mid-level Cloud Operations Engineer,Silverline Grid IT,Remote,Contract,"Firewall Configuration, Azure DevOps, Storage Area Networks, AWS Lambda, Network Routing & Switching",93622,111148,DevOps & Infrastructure
Junior Cloud Engineer,Windmere Ventures Works,Remote,Internship,"Cloud Architecture, SIEM Tools, Linux Administration, Grafana, Mentoring",59415,81232,DevOps & Infrastructure
Mid-level Cloud Operations Engineer,Vertex Node Digital,"Denver, CO",Full-time,"Cost Optimization (FinOps), Load Balancers (F5), CircleCI, Storage Area Networks, Mentoring, VoIP Systems",82318,105855,DevOps & Infrastructure
Junior Build & Release Engineer,Ridgeback Relay IT,"Boston, MA",Part-time,"Observability, Documentation Best Practices, Trunk-Based Development, Terraform",64097,80508,DevOps & Infrastructure
Mid-level Observability Engineer,Copperline Beacon Tech,Remote,Full-time,"Shell Scripting, Linux Administration, Continuous Deployment, Terraform, Ruby",81647,105209,DevOps & Infrastructure
Senior Release Engineer,Highgrove Data Solutions,"Raleigh, NC",Full-time,"Feature Flags, CircleCI, Continuous Integration, Trunk-Based Development, Firewall Configuration, GitLab",118069,150852,DevOps & Infrastructure
Junior Cloud Architect,Basalt Circuit Works,"Bengaluru, India",Full-time,"Kubernetes, Linux Administration, Google Kubernetes Engine, Argo CD",66537,78868,DevOps & Infrastructure
Senior Cloud Architect,Deepwater Node Networks,"London, UK",Full-time,"GitHub Actions, GitLab CI, Pulumi, Active Directory, Service Mesh (Istio)",114335,149916,DevOps & Infrastructure
Mid-level DevOps Architect,Palisade Grid Software,"Raleigh, NC",Full-time,"Puppet, CloudFormation, CD, Documentation Best Practices, Helm, PUPPET",86457,106846,DevOps & Infrastructure
Mid-level DevOps Engineer,Thornbury Systems Networks,"Dallas, TX",Full-time,"Documentation Best Practices, Google Cloud Platform, SIEM Tools, AWS RDS, Git",89628,104591,DevOps & Infrastructure
Staff DevOps Engineer,Duskmere Cloud Platforms,"Raleigh, NC",Full-time,"Argo CD, Shell Scripting, Vagrant, Bitbucket, Google Cloud Platform, Documentation Best Practices, Critical Thinking, CircleCI",142977,171983,DevOps & Infrastructure
Senior Systems Administrator,Palisade Vector IT,"Berlin, Germany",Full-time,"Vagrant, TCP/IP, Container Orchestration, VoIP Systems, SD-WAN, Microsoft Azure",123200,153883,DevOps & Infrastructure
Principal Cloud Operations Engineer,Thornbury Systems Networks,Singapore,Contract,"IPv6, Pulumi, Storage Area Networks, Critical Thinking",156269,192569,DevOps & Infrastructure
Principal Site Reliability Engineer,Copperline Beacon Tech,"Portland, OR",Internship,"Ruby, Team Leadership, Jenkins, Azure Functions, Go, Linux Administration, PowerShell",155774,183354,DevOps & Infrastructure
Staff Build & Release Engineer,Havencrest Pulse Networks,"Toronto, ON",Full-time,"Version Control, Feature Flags, Container Orchestration, Continuous Deployment, Documentation Best Practices",152731,173487,DevOps & Infrastructure
Senior Systems Administrator,Harborline Cloud Labs,"San Francisco, CA",Full-time,"Time Management, Zero Trust Architecture, Blue-Green Deployment, GitHub Actions, Network Routing & Switching, Load Balancers (F5)",108413,146429,DevOps & Infrastructure
Staff Infrastructure Engineer,Emberfall Signal Labs,"Raleigh, NC",Full-time,"Network Monitoring, Storage Area Networks, Service Mesh (Istio), Cost Optimization (FinOps), Team Leadership",140978,170529,DevOps & Infrastructure
DevOps Manager,Cobalt Data Software,"Boston, MA",Internship,"CloudFormation, Version Control, Monorepo Management, Feature Flags, GitLab",129831,165554,DevOps & Infrastructure
Cloud Architect Intern,Deepwater Node Networks,Remote,Contract,"Azure Functions, VPN Configuration, Google Kubernetes Engine, Blue-Green Deployment",31031,40497,DevOps & Infrastructure
Principal Network Administrator,Highgrove Beacon Works,"San Jose, CA",Full-time,"Storage Area Networks, IPv6, Network Routing & Switching, Virtualization (VMware), Time Management, SD-WAN, TCP/IP",156907,190153,DevOps & Infrastructure
Mid-level Cloud Infrastructure Engineer,Quartzline Signal Infrastructure,Remote,Internship,"Observability, Problem Solving, VoIP Systems, Load Balancers (F5), Terraform, SD-WAN, Virtualization (VMware)",87989,102837,DevOps & Infrastructure
DevOps Manager,Slateford Beacon Technologies,"Portland, OR",Full-time,"Pulumi, Documentation Best Practices, Critical Thinking, Bitbucket, Python, Canary Deployment, Grafana, Continuous Deployment",127229,166907,DevOps & Infrastructure
Senior Network Engineer,Cobalt Data Software,"Raleigh, NC",Full-time,"VoIP Systems, Storage Area Networks, Windows Server Administration",123070,147751,DevOps & Infrastructure
Mid-level Cloud Operations Engineer,Windmere Ventures Works,"New York, NY",Full-time,"Agile Methodology, Storage Area Networks, Active Directory, SD-WAN, Multi-cloud Strategy",93111,110944,DevOps & Infrastructure
Mid-level Site Reliability Engineer,Cobalt Ventures Tech,Remote,Full-time,"Bash, PowerShell, Linux Administration, Cross-functional Collaboration, Ruby",92508,106528,DevOps & Infrastructure
Mid-level Systems Administrator,Vertex Anchor Technologies,Remote,Contract,"Active Directory, Linux Administration, Puppet, Nginx, Google Cloud Platform, Communication, Datadog, Azure DevOps",90447,102603,DevOps & Infrastructure
Senior Build & Release Engineer,Quartzline Signal Software,"Austin, TX",Full-time,"AWS EC2, Continuous Deployment, Grafana, SIEM Tools, Time Management",116709,150889,DevOps & Infrastructure
Senior Systems Administrator,Ridgeback Relay Tech,"Chicago, IL",Full-time,"Infrastructure as Code, Network Automation, Network Routing & Switching, Network Monitoring, Service Mesh (Istio), DNS Administration",121530,138784,DevOps & Infrastructure
Principal Cloud Operations Engineer,Skyline Stack Digital,Remote,Full-time,"Windows Server Administration, GitLab CI, Terraform, Network Routing & Switching, SD-WAN",152617,183138,DevOps & Infrastructure
Mid-level Site Reliability Engineer,Lumina Relay Digital,"Portland, OR",Full-time,"Amazon Web Services, Python, Cross-functional Collaboration, Ruby, Chef, PowerShell, Bash",82849,106858,DevOps & Infrastructure
Principal Cloud Engineer,Palisade Grid Software,"Salt Lake City, UT",Internship,"Blue-Green Deployment, Cloud Architecture, AWS S3, AWS Lambda, Continuous Deployment, Docker, Nginx",167678,194840,DevOps & Infrastructure
Senior Site Reliability Engineer,Solstice Signal Solutions,"Seattle, WA",Full-time,"Datadog, Python, Bash, Canary Deployment, Ruby, Shell Scripting",114583,139063,DevOps & Infrastructure
Staff DevOps Engineer,Ashgrove Systems Labs,"London, UK",Contract,"SD-WAN, AWS EC2, CI/CD Pipelines, Critical Thinking,  Continuous Integration , Azure Functions",154436,174238,DevOps & Infrastructure
Senior Kubernetes Administrator,Palisade Relay Infrastructure,"London, UK",Contract,"Chef, Shell Scripting, Infrastructure as Code, Splunk",109255,142517,DevOps & Infrastructure
Staff Network Administrator,Frostpeak Stack Works,"Reston, VA",Full-time,"Communication, SD-WAN, TCP/IP, Active Directory, IPv6",146932,175094,DevOps & Infrastructure
Mid-level Build & Release Engineer,Ashgrove Systems Labs,"Atlanta, GA",Full-time,"Continuous Deployment, Observability, Load Balancers (F5), Documentation Best Practices, Cost Optimization (FinOps), GitHub, Problem Solving, Feature Flags",85412,111544,DevOps & Infrastructure
DevOps Manager,Havencrest Pulse Networks,"San Francisco, CA",Full-time,"GitLab CI, Documentation Best Practices, Monorepo Management",127250,155119,DevOps & Infrastructure
Lead Release Engineer,Brightwell Pulse Works,Remote,Internship,"Azure Functions, Version Control, Bitbucket, Cross-functional Collaboration, Git, Cost Optimization (FinOps), Monorepo Management",143927,161343,DevOps & Infrastructure
Mid-level Network Administrator,Pinecrest Pulse Software,Remote,Full-time,"SD-WAN, Network Routing & Switching, VoIP Systems, TCP/IP, Windows Server Administration, DNS Administration",82542,101351,DevOps & Infrastructure
Mid-level DevOps Architect,Vertex Anchor Technologies,"Dublin, Ireland",Full-time,"Bitbucket, Azure DevOps, Puppet, Pulumi, Kubernetes, Feature Flags, Docker Compose",93534,113182,DevOps & Infrastructure
Senior Infrastructure Engineer,Cobalt Relay Platforms,"Salt Lake City, UT",Full-time,"Load Balancers (F5), Incident Response, Datadog, Linux Administration, IPv6, Terraform",108498,136860,DevOps & Infrastructure
Staff Release Engineer,Windmere Signal Platforms,Remote,Internship,"GitHub, Argo CD, Version Control, Monorepo Management, Time Management, Canary Deployment",145607,167203,DevOps & Infrastructure
Lead DevOps Engineer,Highgrove Data Solutions,"Portland, OR",Full-time,"Amazon Web Services, Communication, Git, Incident Response, Continuous Integration, Monorepo Management, Continuous Deployment, GitLab",138216,166778,DevOps & Infrastructure
Senior Cloud Security Engineer,Zephyr Grid Infrastructure,Remote,Full-time,"Splunk, Pulumi, SIEM Tools, Zero Trust Architecture, Service Mesh (Istio), Google Cloud Platform",109374,141779,DevOps & Infrastructure
Mid-level Cloud Infrastructure Engineer,Windmere Data Solutions,"Toronto, ON",Full-time,"Virtualization (VMware), Windows Server Administration, Active Directory, Vagrant, Microsoft Azure, Network Routing & Switching, Go",81365,111566,DevOps & Infrastructure
Staff Infrastructure Engineer,Vertex Anchor Technologies,Remote,Contract,"Splunk, CloudFormation, Windows Server Administration, Python, Load Balancers (F5)",148101,171554,DevOps & Infrastructure
Senior DevOps Engineer,Copperline Anchor Platforms,Remote,Full-time,"AWS Lambda, Network Monitoring, New Relic, GitLab,  Team Leadership , Documentation Best Practices",124964,137825,DevOps & Infrastructure
Senior Observability Engineer,Palisade Grid Software,Remote,Full-time,"Time Management, Prometheus, Shell Scripting, Bash, Chef",108665,139096,DevOps & Infrastructure
Lead Cloud Engineer,Cobalt Relay Platforms,"Salt Lake City, UT",Full-time,"Infrastructure as Code, CircleCI, Agile Methodology, Chef, Nginx, Shell Scripting",146138,163974,DevOps & Infrastructure
Mid-level Release Engineer,Copperline Beacon IT,"Seattle, WA",Full-time,"Virtualization (VMware), Pulumi, CircleCI, Jenkins, GitLab, Google Kubernetes Engine, Docker Compose",91234,106897,DevOps & Infrastructure
Senior Site Reliability Engineer,Northgate Systems Tech,"London, UK",Internship,"Ruby, Cloud Architecture, Shell Scripting, Critical Thinking, Bash",117348,139386,DevOps & Infrastructure
Lead Observability Engineer,Highgrove Data Solutions,"Reston, VA",Full-time,"Argo CD, Site Reliability Engineering, Shell Scripting, Python",148614,170208,DevOps & Infrastructure
Cloud Operations Manager,Vertex Stack IT,"San Francisco, CA",Full-time,"AWS S3, Infrastructure as Code, Documentation Best Practices, GitLab, Monorepo Management, Agile Methodology",129040,170153,DevOps & Infrastructure
Mid-level Kubernetes Administrator,Havencrest Relay Solutions,"Austin, TX",Internship,"Canary Deployment, Service Mesh (Istio), Container Orchestration",83238,113210,DevOps & Infrastructure
Staff Infrastructure Engineer,Thornbury Cloud Networks,"Chicago, IL",Full-time,"Jenkins, Problem Solving, Nginx, Linux Administration, Network Monitoring",155495,175412,DevOps & Infrastructure
Senior Cloud Infrastructure Engineer,Northgate Systems Solutions,"New York, NY",Full-time,"Docker, Load Balancers (F5), Google Kubernetes Engine, Storage Area Networks",121408,140346,DevOps & Infrastructure
Mid-level DevOps Architect,Steelwater Anchor Networks,"Chicago, IL",Full-time,"Microsoft Azure, Documentation Best Practices, Feature Flags, Bitbucket",81528,101982,DevOps & Infrastructure
Staff Cloud Architect,Cascade Beacon Digital,"Portland, OR",Internship,"Google Cloud Platform, Datadog, Azure DevOps, Kubernetes, Cost Optimization (FinOps)",140725,177780,DevOps & Infrastructure
Senior Systems Administrator,Cobalt Relay Platforms,"Raleigh, NC",Internship,"IPv6, TCP/IP, Multi-cloud Strategy, Pulumi, Mentoring, Zero Trust Architecture, Canary Deployment",126332,138779,DevOps & Infrastructure
Mid-level Build & Release Engineer,Palisade Vector IT,"San Francisco, CA",Contract,"GitHub, GitLab CI, Continuous Integration, Argo CD, Agile Methodology",80619,102835,DevOps & Infrastructure
Junior Cloud Infrastructure Engineer,Copperline Anchor Platforms,Remote,Part-time,"Nginx, SIEM Tools, Load Balancers (F5), Active Directory, Team Leadership, Vagrant, IPv6",59284,79713,DevOps & Infrastructure
Senior Platform Engineer,Northgate Node Technologies,Remote,Full-time,"Service Mesh (Istio), Linux Administration, Git, Bitbucket",112606,152070,DevOps & Infrastructure
Junior Cloud Infrastructure Engineer,Cobalt Signal Works,"San Francisco, CA",Contract,"Blue-Green Deployment, SD-WAN, Network Monitoring, Go",66113,80165,DevOps & Infrastructure
Senior Cloud Infrastructure Engineer,Quartzline Signal Infrastructure,Remote,Full-time,"PagerDuty, Kubernetes, Team Leadership, SD-WAN, CloudFormation",114523,143962,DevOps & Infrastructure
Junior DevOps Engineer,Quartzline Signal Software,"Atlanta, GA",Full-time,"Git, Critical Thinking, Trunk-Based Development, VoIP Systems, Bitbucket",66186,75779,DevOps & Infrastructure
Staff Build & Release Engineer,Harborline Node Software,Remote,Full-time,"Bitbucket, Monorepo Management, Continuous Integration, Linux Administration, Docker Compose, Cost Optimization (FinOps), Mentoring",157813,171283,DevOps & Infrastructure
Lead Cloud Architect,Zephyr Stack Platforms,Remote,Full-time,"Vagrant, GitLab CI, AWS Lambda, Mentoring",137547,162541,DevOps & Infrastructure
Principal IT Infrastructure Engineer,Brightwell Circuit Works,"New York, NY",Part-time,"GitLab CI, Virtualization (VMware), Network Automation, Storage Area Networks, Network Monitoring",161275,191732,DevOps & Infrastructure
Mid-level Release Engineer,Havencrest Pulse Networks,"Bengaluru, India",Full-time,"Google Cloud Platform, Container Orchestration, Cloud Architecture,  CircleCI , Version Control, cloud architecture",89663,114494,DevOps & Infrastructure
Mid-level Cloud Infrastructure Engineer,Cascade Beacon Digital,Remote,Full-time,"Helm, Cross-functional Collaboration, Docker, Network Automation, Network Routing & Switching, Linux Administration",87894,102377,DevOps & Infrastructure
Senior Cloud Engineer,Emberfall Signal Labs,"Toronto, ON",Full-time,"Vagrant, PagerDuty, Splunk, Critical Thinking, Kubernetes, Jenkins",112673,152528,DevOps & Infrastructure
Mid-level Cloud Operations Engineer,Havencrest Systems Technologies,"Boston, MA",Full-time,"Cross-functional Collaboration, Infrastructure as Code, Active Directory, Load Balancers (F5), Ansible, Helm",84246,110730,DevOps & Infrastructure
Senior Cloud Infrastructure Engineer,Ridgeback Relay IT,"Atlanta, GA",Full-time,"Critical Thinking, CI/CD Pipelines, Terraform, Observability, Network Automation, CircleCI",118029,152904,DevOps & Infrastructure
Mid-level Cloud Infrastructure Engineer,Brightwell Cloud Labs,"Denver, CO",Internship,"Jenkins, Container Orchestration, Docker, Storage Area Networks, GitLab, Virtualization (VMware), AWS EC2",86860,108628,DevOps & Infrastructure
Junior Network Engineer,Onyx Cloud IT,"London, UK",Full-time,"Windows Server Administration, Agile Methodology, DNS Administration, SD-WAN, Load Balancers (F5), TCP/IP, Trunk-Based Development",63449,73650,DevOps & Infrastructure
Senior IT Infrastructure Engineer,Copperline Beacon Tech,"Toronto, ON",Full-time,"TCP/IP, Virtualization (VMware), Windows Server Administration, Grafana, Cloud Architecture, Git",119024,143145,DevOps & Infrastructure
Senior Kubernetes Administrator,Emberfall Signal Labs,Singapore,Full-time,"Mentoring, Google Cloud Platform, Kubernetes, CI/CD Pipelines, Microsoft Azure, Bash, Nginx, Site Reliability Engineering",126050,153513,DevOps & Infrastructure
Mid-level DevOps Engineer,Ashgrove Systems Labs,"Dallas, TX",Full-time,"Service Mesh (Istio), Puppet, Trunk-Based Development",83701,107192,DevOps & Infrastructure
Senior Cloud Engineer,Ashgrove Systems Labs,"San Jose, CA",Full-time,"Cloud Architecture, Google Kubernetes Engine, GitHub Actions, Go, New Relic",108356,138583,DevOps & Infrastructure
Principal Site Reliability Engineer,Havencrest Relay Solutions,"Toronto, ON",Full-time,"Ruby, PowerShell, Agile Methodology, Python",157711,182432,DevOps & Infrastructure
Junior Infrastructure Engineer,Havencrest Network Infrastructure,Singapore,Part-time,"Storage Area Networks, Bash, SD-WAN, Virtualization (VMware)",59466,77204,DevOps & Infrastructure
Senior Build & Release Engineer,Marbleton Fleet Technologies,"Chicago, IL",Full-time,"Monorepo Management, GitHub, Vagrant",118511,145125,DevOps & Infrastructure
Build & Release Engineer Intern,Northgate Node Technologies,"Reston, VA",Internship,"Bitbucket, Documentation Best Practices, Continuous Integration, GitHub, Ansible, Trunk-Based Development, Feature Flags",30107,38460,DevOps & Infrastructure
Mid-level Systems Administrator,Havencrest Network Infrastructure,"Atlanta, GA",Part-time,"Container Orchestration, Virtualization (VMware), Puppet, Active Directory, Grafana, Monorepo Management, Jenkins",88072,103230,DevOps & Infrastructure
Senior Cloud Architect,Skyline Stack Digital,"Raleigh, NC",Full-time,"SIEM Tools, GitLab CI, Google Cloud Platform, AWS Lambda, Puppet, Service Mesh (Istio), Kubernetes",108473,154539,DevOps & Infrastructure
Principal Cloud Engineer,Northgate Systems Solutions,"Berlin, Germany",Internship,"GitHub Actions, Google Kubernetes Engine, Problem Solving, Infrastructure as Code, Cloud Architecture",151464,181452,DevOps & Infrastructure
Staff IT Infrastructure Engineer,Emberfall Signal Labs,"Seattle, WA",Part-time,"Azure DevOps, Storage Area Networks, Windows Server Administration, Network Routing & Switching, Network Automation",149295,176559,DevOps & Infrastructure
Junior Cloud Security Engineer,Brightwell Cloud Labs,"Portland, OR",Internship,"Zero Trust Architecture, Firewall Configuration, New Relic, AWS S3, Cloud Architecture",64508,81856,DevOps & Infrastructure
Staff Infrastructure Engineer,Copperline Anchor Platforms,"Sydney, Australia",Full-time,"Active Directory, Google Cloud Platform, Kubernetes, IPv6, Datadog, PagerDuty",153435,182320,DevOps & Infrastructure
Mid-level Cloud Security Engineer,Copperline Beacon Tech,"Seattle, WA",Contract,"Network Monitoring, DevSecOps, Terraform, SIEM Tools, VPN Configuration, Incident Response, Chef",84374,104097,DevOps & Infrastructure
Mid-level Kubernetes Administrator,Slateford Node Technologies,"Boston, MA",Internship,"Version Control, Amazon Web Services, AWS RDS, Puppet, Communication",89259,111386,DevOps & Infrastructure
Senior Cloud Architect,Harborline Cloud Labs,"Dublin, Ireland",Full-time,"Docker Compose, Amazon Web Services, GitHub Actions, Cloud Architecture, Pulumi",116983,143542,DevOps & Infrastructure
Senior DevOps Architect,Copperline Anchor Platforms,Remote,Full-time,"Mentoring, Infrastructure as Code, Puppet, Continuous Deployment, GitLab, Helm, Documentation Best Practices",120188,138054,DevOps & Infrastructure
Senior Cloud Operations Engineer,Cascade Field Systems Group,Remote,Full-time,"Network Routing & Switching, Storage Area Networks, AWS EC2, IPv6, VoIP Systems, Agile Methodology",113356,137008,DevOps & Infrastructure
IT Infrastructure Manager,Granite Fleet Digital,Remote,Full-time,"Azure Functions, Documentation Best Practices, VoIP Systems, Team Leadership, Continuous Integration, Trunk-Based Development",120135,170282,DevOps & Infrastructure
Senior Systems Engineer,Cascade Beacon Digital,"Portland, OR",Full-time,"Network Routing & Switching, Splunk, Helm, Virtualization (VMware), AWS Lambda, Windows Server Administration",113251,146435,DevOps & Infrastructure
Principal Systems Administrator,Zephyr Stack Platforms,Remote,Internship,"Azure DevOps, Amazon Web Services, Network Monitoring, CloudFormation, GitLab CI",160612,189545,DevOps & Infrastructure
Staff IT Infrastructure Engineer,Vertex Anchor Technologies,Remote,Full-time,"Ansible, Chef, DNS Administration, Virtualization (VMware), Windows Server Administration, Load Balancers (F5)",142907,173443,DevOps & Infrastructure
Staff Cloud Infrastructure Engineer,Cobalt Data Software,"Seattle, WA",Contract,"Communication, Jenkins, DNS Administration, Azure Functions, VoIP Systems",156937,183992,DevOps & Infrastructure
Infrastructure Manager,Basalt Relay Solutions,Remote,Full-time,"Trunk-Based Development, Amazon Web Services, Cloud Architecture, Bitbucket, GitHub, Continuous Deployment, Problem Solving",138000,153464,DevOps & Infrastructure
Staff Cloud Security Engineer,Slateford Node Technologies,"Salt Lake City, UT",Full-time,"GitLab CI, Incident Response, AWS RDS, Mentoring, Google Kubernetes Engine, CI/CD Pipelines, SD-WAN, VPN Configuration",141940,168045,DevOps & Infrastructure
Network Administrator Intern,Ridgeback Relay Tech,"Seattle, WA",Internship,"Network Routing & Switching, Virtualization (VMware), Active Directory, SD-WAN, Agile Methodology",26190,41823,DevOps & Infrastructure
Principal Network Administrator,Wraith Grid Software,"Dublin, Ireland",Part-time,"Virtualization (VMware), SD-WAN, VoIP Systems, DNS Administration, Network Routing & Switching, Storage Area Networks",156820,184902,DevOps & Infrastructure
Senior Platform Engineer,Zephyr Data Digital,"Boston, MA",Internship,"Git, Cross-functional Collaboration, Blue-Green Deployment, Microsoft Azure, Helm, Datadog",122239,138941,DevOps & Infrastructure
Senior Cloud Infrastructure Engineer,Quartzline Signal Software,"London, UK",Full-time,"Communication, SD-WAN, Nginx, Amazon Web Services",119877,153760,DevOps & Infrastructure
Principal Network Administrator,Deepwater Node Networks,Remote,Full-time,"Network Monitoring, Network Routing & Switching, Network Automation, SD-WAN, Windows Server Administration",150412,177230,DevOps & Infrastructure
Staff Build & Release Engineer,Emberfall Signal Labs,"Austin, TX",Full-time,"Terraform, Trunk-Based Development, Cost Optimization (FinOps), Agile Methodology, AWS EC2",152456,174225,DevOps & Infrastructure
Senior Build & Release Engineer,Brightwell Cloud Labs,"San Francisco, CA",Full-time,"Zero Trust Architecture, Puppet, Microsoft Azure, Monorepo Management",112121,136535,DevOps & Infrastructure
Senior Infrastructure Engineer,Silverline Grid Works,"Dublin, Ireland",Full-time,"Trunk-Based Development, Virtualization (VMware), Network Routing & Switching, Windows Server Administration, Datadog, Blue-Green Deployment",121680,141527,DevOps & Infrastructure
Mid-level Site Reliability Engineer,Deepwater Node Networks,"Austin, TX",Full-time,"Go, PowerShell, Ruby, Shell Scripting",89555,112648,DevOps & Infrastructure
Senior DevOps Engineer,Havencrest Systems Technologies,Remote,Full-time,"Site Reliability Engineering, Network Automation, CI/CD Pipelines, GitLab, Monorepo Management",114820,140166,DevOps & Infrastructure
Senior IT Infrastructure Engineer,Bluepeak Network Tech,Remote,Part-time,"IPv6, Active Directory, Datadog, Network Automation,  Network Monitoring , datadog",119786,152521,DevOps & Infrastructure
Mid-level Kubernetes Administrator,Havencrest Systems Technologies,"Portland, OR",Internship,"Docker, New Relic, Azure Functions, Amazon Web Services, Site Reliability Engineering",81194,108629,DevOps & Infrastructure
Mid-level Cloud Architect,Basalt Field Solutions,"Raleigh, NC",Part-time,"GitHub Actions, Infrastructure as Code, Prometheus, Docker, Jenkins",93038,112503,DevOps & Infrastructure
Mid-level Cloud Security Engineer,Copperline Beacon Tech,Remote,Full-time,"Argo CD, Firewall Configuration, Docker, AWS S3, Service Mesh (Istio), Go, SIEM Tools",86201,114769,DevOps & Infrastructure
Senior Network Administrator,Havencrest Relay Solutions,"London, UK",Full-time,"SD-WAN, Network Automation,  Load Balancers (F5) ",126605,150195,DevOps & Infrastructure
Senior Kubernetes Administrator,Havencrest Network Infrastructure,Remote,Internship,"Microsoft Azure, CI/CD Pipelines, Container Orchestration, New Relic, AWS EC2, Helm",116100,152175,DevOps & Infrastructure
Observability Engineer Intern,Windmere Pulse Tech,"Reston, VA",Internship,"Nginx, Vagrant, Shell Scripting, AWS EC2, Mentoring, DevSecOps, AWS RDS",27273,35334,DevOps & Infrastructure
Lead DevOps Engineer,Lumina Signal Systems Group,"Portland, OR",Contract,"Bitbucket, Infrastructure as Code, Ansible",145310,164919,DevOps & Infrastructure
Junior Cloud Operations Engineer,Cobalt Ventures Tech,"Reston, VA",Full-time,"CI/CD Pipelines, Multi-cloud Strategy, Active Directory, Argo CD",60862,81907,DevOps & Infrastructure
Senior DevOps Engineer,Slateford Data Digital,Remote,Part-time,"Git, Pulumi, Continuous Deployment, Documentation Best Practices, Continuous Integration, Multi-cloud Strategy",124601,137412,DevOps & Infrastructure
Senior IT Infrastructure Engineer,Lumina Signal Systems Group,"Portland, OR",Contract,"Network Monitoring, Puppet, Team Leadership, VoIP Systems, Cloud Architecture, Virtualization (VMware), Windows Server Administration, Active Directory",121413,154006,DevOps & Infrastructure
Principal Systems Engineer,Emberfall Signal Labs,Remote,Full-time,"Load Balancers (F5), IPv6, AWS RDS, New Relic, Continuous Deployment, Network Monitoring",164149,192456,DevOps & Infrastructure
IT Infrastructure Manager,Lumina Signal Systems Group,Remote,Full-time,"Critical Thinking, Feature Flags, GitLab, Azure DevOps, DevSecOps",135396,166302,DevOps & Infrastructure
Senior Network Administrator,Thornbury Cloud Networks,Singapore,Full-time,"SD-WAN, TCP/IP, Network Monitoring, Active Directory, Communication, DNS Administration, Network Routing & Switching",120379,149944,DevOps & Infrastructure
Senior Cloud Architect,Northgate Node Technologies,"Toronto, ON",Internship,"Cross-functional Collaboration, Container Orchestration, Cloud Architecture, New Relic, Splunk, GitHub Actions, Service Mesh (Istio)",113075,152331,DevOps & Infrastructure
Senior IT Infrastructure Engineer,Granite Fleet Digital,Remote,Full-time,"AWS EC2, Load Balancers (F5), Multi-cloud Strategy, Cross-functional Collaboration, Feature Flags, Storage Area Networks, AWS Lambda",120135,145165,DevOps & Infrastructure
Network Operations Manager,Windmere Ventures Works,"Dallas, TX",Part-time,"Cost Optimization (FinOps), Documentation Best Practices, Trunk-Based Development, Bitbucket,  Time Management ",133964,167462,DevOps & Infrastructure
Mid-level Observability Engineer,Northgate Systems Tech,"Seattle, WA",Contract,"CircleCI, Python, Shell Scripting, Bash, Go",90125,110903,DevOps & Infrastructure
Principal Systems Administrator,Cascade Beacon Digital,Remote,Full-time,"Active Directory, VoIP Systems, Network Automation, SD-WAN, Communication, Zero Trust Architecture, AWS S3, Network Monitoring",165957,178888,DevOps & Infrastructure
Mid-level Cloud Security Engineer,Northgate Systems Tech,Remote,Full-time,"Cloud Architecture, DevSecOps, New Relic",92505,108009,DevOps & Infrastructure
Lead Systems Engineer,Wraith Grid Networks,Remote,Contract,"Argo CD, VoIP Systems, Bash, Network Routing & Switching",147849,167327,DevOps & Infrastructure
Lead Cloud Architect,Pinecrest Circuit Infrastructure,"Austin, TX",Contract,"Datadog, Canary Deployment, Splunk, Team Leadership, CircleCI, CI/CD Pipelines, Feature Flags, Argo CD",141277,166192,DevOps & Infrastructure
Mid-level Network Engineer,Windmere Signal Platforms,Remote,Part-time,"Load Balancers (F5), DevSecOps, VoIP Systems, IPv6, Windows Server Administration, Storage Area Networks, DNS Administration",89369,112561,DevOps & Infrastructure
Lead Cloud Infrastructure Engineer,Basalt Relay Solutions,"New York, NY",Full-time,"Network Routing & Switching, IPv6, DNS Administration, AWS S3",150661,167305,DevOps & Infrastructure
Lead Cloud Engineer,Thornbury Cloud Networks,Remote,Full-time,"Go, PagerDuty, New Relic, Canary Deployment, Team Leadership, CI/CD Pipelines",148943,166511,DevOps & Infrastructure
Staff Platform Engineer,Quartzline Pulse Solutions,"Dublin, Ireland",Contract,"Mentoring, Prometheus, Git, Bash, Google Cloud Platform, Trunk-Based Development, Cloud Architecture",151069,175959,DevOps & Infrastructure
Network Operations Manager,Cobalt Signal Works,"Salt Lake City, UT",Full-time,"Continuous Deployment, Mentoring, Azure Functions, Continuous Integration",137145,156477,DevOps & Infrastructure
Lead Cloud Architect,Vertex Anchor Technologies,"Chicago, IL",Internship,"Microsoft Azure, Google Cloud Platform, Canary Deployment, Mentoring, PagerDuty, AWS RDS, Puppet",149943,168833,DevOps & Infrastructure
Junior Cloud Operations Engineer,Vertex Stack IT,"Bengaluru, India",Full-time,"Jenkins, SD-WAN, CloudFormation, VoIP Systems, IPv6",60535,73941,DevOps & Infrastructure
Build & Release Engineer Intern,Frostpeak Stack Works,Remote,Full-time,"Blue-Green Deployment, Cloud Architecture, Continuous Integration, Feature Flags, Google Cloud Platform",27631,37490,DevOps & Infrastructure
Junior Cloud Architect,Slateford Beacon Technologies,Remote,Full-time,"Microsoft Azure, Site Reliability Engineering, Amazon Web Services, Prometheus, Kubernetes, AWS EC2",66180,81815,DevOps & Infrastructure
Mid-level Network Engineer,Marbleton Fleet Technologies,Remote,Part-time,"Active Directory, DNS Administration, SD-WAN",93419,102015,DevOps & Infrastructure
Lead DevOps Engineer,Brightwell Bridge Technologies,Remote,Full-time,"Continuous Integration, Trunk-Based Development, CloudFormation, Grafana, GitLab, Monorepo Management, Team Leadership",150889,169133,DevOps & Infrastructure
Senior Systems Administrator,Solstice Node Tech,"Chicago, IL",Internship,"TCP/IP, IPv6, Site Reliability Engineering, Bitbucket",124507,152893,DevOps & Infrastructure
Lead Kubernetes Administrator,Zephyr Stack Platforms,"Denver, CO",Full-time,"Time Management, CloudFormation, AWS S3, GitLab CI, Site Reliability Engineering, AWS Lambda",144969,165938,DevOps & Infrastructure
Mid-level Build & Release Engineer,Palisade Relay Infrastructure,"Seattle, WA",Full-time,"Monorepo Management, GitLab, CircleCI, Documentation Best Practices",82178,106788,DevOps & Infrastructure
Junior Cloud Operations Engineer,Havencrest Relay Solutions,"Chicago, IL",Internship,"Storage Area Networks, Trunk-Based Development, Amazon Web Services, Network Routing & Switching",63610,80658,DevOps & Infrastructure
Site Reliability Manager,Vertex Stack IT,Remote,Full-time,"VPN Configuration, Chef, Trunk-Based Development, Prometheus, Mentoring, Site Reliability Engineering, AWS S3, PagerDuty",129387,164794,DevOps & Infrastructure
Mid-level DevOps Architect,Vertex Anchor Technologies,Remote,Full-time,"Continuous Integration, Continuous Deployment, Ansible, Git",86113,101739,DevOps & Infrastructure
Senior Cloud Operations Engineer,Cascade Beacon Digital,"Austin, TX",Full-time,"Network Routing & Switching, Grafana, Container Orchestration, Storage Area Networks",109556,136829,DevOps & Infrastructure
Observability Engineer Intern,Windmere Pulse Tech,Remote,Internship,"Shell Scripting, Go, Bash",30609,39330,DevOps & Infrastructure
Lead Cloud Infrastructure Engineer,Vertex Fleet Platforms,Remote,Full-time,"Splunk, Observability, Docker Compose, Load Balancers (F5), DNS Administration, Virtualization (VMware), Prometheus",140757,162051,DevOps & Infrastructure
Lead DevOps Architect,Palisade Relay Infrastructure,"Salt Lake City, UT",Part-time,"Communication, CI/CD Pipelines, AWS Lambda, Datadog",148734,163413,DevOps & Infrastructure
Principal DevOps Architect,Palisade Relay Infrastructure,Remote,Full-time,"Documentation Best Practices, Version Control, GitLab, Monorepo Management",156684,191873,DevOps & Infrastructure
Staff Platform Engineer,Havencrest Relay Solutions,Remote,Contract,"Git, Monorepo Management, Prometheus, Python, Feature Flags, Bitbucket, Version Control",149033,174179,DevOps & Infrastructure
Principal Cloud Operations Engineer,Redwood Orbit Software,"Portland, OR",Full-time,"Storage Area Networks, Jenkins, Network Routing & Switching, Time Management",158469,192337,DevOps & Infrastructure
Staff Systems Engineer,Basalt Field Solutions,"London, UK",Full-time,"Windows Server Administration, Storage Area Networks, Pulumi, Network Routing & Switching",150387,171284,DevOps & Infrastructure
IT Infrastructure Engineer Intern,Cobalt Ventures Tech,"Raleigh, NC",Internship,"Jenkins, Terraform, Time Management, SD-WAN, Bash",27910,40999,DevOps & Infrastructure
Mid-level Cloud Architect,Ridgeback Relay IT,Singapore,Full-time,"CloudFormation, Datadog, Incident Response, Amazon Web Services",80564,106833,DevOps & Infrastructure
Principal Network Administrator,Brightwell Network Software,Remote,Internship,"Time Management, DNS Administration, Active Directory, VoIP Systems, Load Balancers (F5), Windows Server Administration, SD-WAN",151826,186229,DevOps & Infrastructure
Senior Observability Engineer,Basalt Relay Solutions,"Raleigh, NC",Part-time,"Bash, Storage Area Networks, Chef, Docker Compose, Ruby, Time Management, Python",120291,137288,DevOps & Infrastructure
Mid-level DevOps Architect,Granite Fleet Digital,"Toronto, ON",Part-time,"Google Kubernetes Engine, Bitbucket, Documentation Best Practices, Mentoring, Google Cloud Platform, SD-WAN, Container Orchestration",92235,111992,DevOps & Infrastructure
Senior Infrastructure Engineer,Copperline Anchor Platforms,"Dublin, Ireland",Internship,"Windows Server Administration, Docker Compose, SD-WAN, Cross-functional Collaboration, VoIP Systems",121584,144439,DevOps & Infrastructure
Senior Cloud Architect,Northgate Systems Solutions,"Toronto, ON",Full-time,"Bash, Kubernetes, Blue-Green Deployment, Multi-cloud Strategy, Docker",114675,151114,DevOps & Infrastructure
Mid-level Observability Engineer,Cobalt Data Software,"Raleigh, NC",Internship,"Mentoring, Azure Functions, Shell Scripting, Bash",89823,107034,DevOps & Infrastructure
Staff Cloud Architect,Copperline Anchor Platforms,"Berlin, Germany",Full-time,"Load Balancers (F5), Nginx, Pulumi, Cross-functional Collaboration, Datadog, Cloud Architecture",145770,175576,DevOps & Infrastructure
Principal Cloud Security Engineer,Northgate Node Technologies,Remote,Full-time,"Microsoft Azure, Zero Trust Architecture, Cross-functional Collaboration, Grafana, Python",150620,191442,DevOps & Infrastructure
Mid-level Cloud Operations Engineer,Northgate Systems Solutions,Remote,Full-time,"New Relic, Vagrant, Virtualization (VMware), Chef",84057,109294,DevOps & Infrastructure
Senior Systems Administrator,Frostpeak Stack Works,"Raleigh, NC",Full-time,"Google Kubernetes Engine, Active Directory, Cloud Architecture, Ansible, Problem Solving, Windows Server Administration",125290,138092,DevOps & Infrastructure
Lead Network Administrator,Palisade Orbit Systems Group,Remote,Full-time,"Time Management, Storage Area Networks, Windows Server Administration, VoIP Systems, Load Balancers (F5)",135488,168182,DevOps & Infrastructure
Staff Site Reliability Engineer,Cobalt Signal Works,"Berlin, Germany",Internship,"Communication, Terraform, Docker, PowerShell",156659,167043,DevOps & Infrastructure
Mid-level Release Engineer,Redwood Orbit Software,"Seattle, WA",Full-time,"GitHub, Trunk-Based Development, GitLab, DevSecOps",87475,114222,DevOps & Infrastructure
Senior Cloud Security Engineer,Silverline Grid IT,"Reston, VA",Full-time,"Firewall Configuration, DevSecOps, AWS RDS, GitLab CI, DNS Administration, VPN Configuration",111150,143527,DevOps & Infrastructure
Senior Network Administrator,Fernwood Fleet Networks,"Chicago, IL",Internship,"Active Directory, SD-WAN, Storage Area Networks, Critical Thinking",109716,141476,DevOps & Infrastructure
Principal Cloud Architect,Onyx Cloud IT,"Atlanta, GA",Internship,"Observability, Helm, Puppet",163216,185944,DevOps & Infrastructure
Junior Cloud Security Engineer,Fernwood Fleet Networks,"London, UK",Full-time,"VPN Configuration, Terraform, Load Balancers (F5), DevSecOps, Zero Trust Architecture, Team Leadership",64759,73323,DevOps & Infrastructure
Infrastructure Engineer Intern,Frostpeak Mesh Systems Group,"Austin, TX",Internship,"AWS EC2, Datadog, Team Leadership, IPv6, Active Directory, Load Balancers (F5)",28529,40213,DevOps & Infrastructure
Senior Infrastructure Engineer,Pinecrest Pulse Software,Remote,Internship,"VoIP Systems, Amazon Web Services, Active Directory, Network Monitoring, Feature Flags, Helm, Canary Deployment",116548,145737,DevOps & Infrastructure
Senior Infrastructure Engineer,Ashgrove Systems Labs,Remote,Contract,"Ansible, Terraform, Datadog, Cross-functional Collaboration, CI/CD Pipelines, Splunk, Storage Area Networks, Documentation Best Practices",115336,139229,DevOps & Infrastructure
Lead Cloud Architect,Zephyr Stack Platforms,"Boston, MA",Full-time,"Splunk, Kubernetes, Ansible, Cost Optimization (FinOps), Storage Area Networks, Container Orchestration, Infrastructure as Code",144093,165541,DevOps & Infrastructure
Senior Network Administrator,Windmere Ventures Works,"Berlin, Germany",Full-time,"IPv6, Storage Area Networks, Network Automation, Active Directory, Virtualization (VMware)",126541,145395,DevOps & Infrastructure
Senior Cloud Operations Engineer,Solstice Node Tech,"Toronto, ON",Full-time,"TCP/IP, GitHub Actions, CI/CD Pipelines, AWS S3, Cross-functional Collaboration, IPv6",114067,151913,DevOps & Infrastructure
Senior Observability Engineer,Frostpeak Stack Works,Remote,Full-time,"Go, Ruby, Chef, Storage Area Networks, AWS Lambda",124425,149435,DevOps & Infrastructure
Junior Systems Administrator,Brightwell Network Software,"Seattle, WA",Part-time,"CI/CD Pipelines, Git, Problem Solving, Nginx, VoIP Systems",58660,75031,DevOps & Infrastructure
Infrastructure Manager,Bluepeak Network Tech,Singapore,Internship,"GitHub, PagerDuty, AWS RDS, Feature Flags, Container Orchestration, Monorepo Management",128647,159299,DevOps & Infrastructure
Lead Site Reliability Engineer,Cobalt Data Software,Remote,Full-time,"Python, PowerShell, GitLab CI, Ansible, Network Automation, Observability",147408,173079,DevOps & Infrastructure
Principal DevOps Engineer,Frostpeak Mesh Systems Group,"Chicago, IL",Full-time,"AWS S3, Microsoft Azure, Cross-functional Collaboration, GitLab CI, Chef, GitHub, Infrastructure as Code",162071,183736,DevOps & Infrastructure
Junior Platform Engineer,Slateford Beacon Technologies,"Salt Lake City, UT",Full-time,"Ansible, Continuous Integration, Continuous Deployment, Version Control, Azure DevOps, Critical Thinking",65617,74064,DevOps & Infrastructure
Junior Cloud Security Engineer,Bluepeak Network Tech,Remote,Full-time,"Continuous Integration, Ansible, Firewall Configuration, Agile Methodology, Splunk",60876,73971,DevOps & Infrastructure
Systems Administrator Intern,Vertex Anchor Technologies,Remote,Internship,"Microsoft Azure, Critical Thinking, Load Balancers (F5), Linux Administration, Firewall Configuration, Virtualization (VMware), Windows Server Administration",24988,37381,DevOps & Infrastructure
Lead Cloud Operations Engineer,Quartzline Pulse Solutions,"Denver, CO",Full-time,"Site Reliability Engineering, Time Management, Virtualization (VMware), Network Automation, Docker, Load Balancers (F5), VoIP Systems",149993,165184,DevOps & Infrastructure
Lead Infrastructure Engineer,Nova Systems Tech,"Dallas, TX",Full-time,"Prometheus, Google Kubernetes Engine, AWS RDS, Linux Administration, Splunk",137367,165400,DevOps & Infrastructure
Senior DevOps Architect,Brightwell Cloud Labs,"San Jose, CA",Full-time,"Helm, Documentation Best Practices, Cost Optimization (FinOps), Monorepo Management",122967,151964,DevOps & Infrastructure
Network Engineer Intern,Cascade Beacon Digital,"London, UK",Part-time,"Network Monitoring, Storage Area Networks, Load Balancers (F5)",24152,39630,DevOps & Infrastructure
Mid-level Site Reliability Engineer,Zephyr Stack Platforms,"Atlanta, GA",Full-time,"PagerDuty, Mentoring, Go, Docker Compose, AWS S3, DevSecOps, Shell Scripting",84396,110049,DevOps & Infrastructure
Site Reliability Manager,Vertex Anchor Technologies,Singapore,Full-time,"Trunk-Based Development, Observability, Documentation Best Practices",120018,152566,DevOps & Infrastructure
Mid-level Cloud Operations Engineer,Quartzline Signal Software,"Portland, OR",Full-time,"Canary Deployment, Network Monitoring, New Relic, IPv6, Blue-Green Deployment, VoIP Systems",91633,111540,DevOps & Infrastructure
Lead Cloud Architect,Quartzline Signal Software,Remote,Full-time,"Ansible, Microsoft Azure, VPN Configuration, Docker Compose, Cost Optimization (FinOps), Vagrant",146037,165767,DevOps & Infrastructure
Senior Cloud Infrastructure Engineer,Deepwater Node Networks,"Bengaluru, India",Full-time,"Network Automation, GitLab, SD-WAN, IPv6, Load Balancers (F5), Docker Compose, PagerDuty",123304,152160,DevOps & Infrastructure
Mid-level Observability Engineer,Brightwell Cloud Labs,"Austin, TX",Full-time,"Agile Methodology, Python, Go, PowerShell, Infrastructure as Code",80919,107567,DevOps & Infrastructure
Mid-level Cloud Architect,Deepwater Grid Systems Group,"Chicago, IL",Full-time,"PagerDuty, Datadog, Linux Administration, Google Kubernetes Engine, Azure Functions, Jenkins",84515,112812,DevOps & Infrastructure
Cloud Engineer Intern,Northgate Systems Solutions,"Sydney, Australia",Full-time,"PagerDuty, Prometheus, Pulumi, Zero Trust Architecture, Cloud Architecture, Critical Thinking",28546,41763,DevOps & Infrastructure
Mid-level Infrastructure Engineer,Vertex Anchor IT,Remote,Full-time,"Google Kubernetes Engine, DNS Administration, Agile Methodology, Python, Load Balancers (F5)",80663,102713,DevOps & Infrastructure
DevOps Manager,Nova Systems Tech,"New York, NY",Part-time,"Trunk-Based Development, Prometheus, Git, Continuous Integration, Cross-functional Collaboration, Feature Flags",120137,161355,DevOps & Infrastructure
Mid-level Site Reliability Engineer,Solstice Node Tech,Remote,Contract,"Bash, Helm, Terraform, Google Cloud Platform, PowerShell",82266,112946,DevOps & Infrastructure
Mid-level Network Administrator,Zephyr Grid Infrastructure,"Amsterdam, Netherlands",Full-time,"Active Directory, IPv6, Network Automation, Time Management, Virtualization (VMware), DevSecOps",87391,111209,DevOps & Infrastructure
Staff Cloud Operations Engineer,Havencrest Systems Technologies,"Reston, VA",Full-time,"DNS Administration, Time Management, VoIP Systems, GitHub Actions, Windows Server Administration",148129,181253,DevOps & Infrastructure
Principal Network Engineer,Granite Fleet Digital,"Dallas, TX",Internship,"IPv6, Windows Server Administration, Network Automation, Network Monitoring, Cross-functional Collaboration, TCP/IP",165338,192268,DevOps & Infrastructure
Lead Systems Engineer,Cobalt Data Software,"London, UK",Full-time,"Load Balancers (F5), AWS RDS, Network Automation, CI/CD Pipelines, Cross-functional Collaboration, GitHub Actions",136224,161701,DevOps & Infrastructure
Mid-level Cloud Engineer,Deepwater Node Networks,Remote,Full-time,"Amazon Web Services, Azure Functions, Cost Optimization (FinOps)",81211,105287,DevOps & Infrastructure
Staff Systems Administrator,Silverline Grid Works,"Reston, VA",Full-time,"Cloud Architecture, Bash, Load Balancers (F5), Storage Area Networks, Time Management, Amazon Web Services, Chef, VoIP Systems",143234,182788,DevOps & Infrastructure
Mid-level Systems Administrator,Deepwater Grid Systems Group,"Amsterdam, Netherlands",Full-time,"DNS Administration, Splunk, Puppet, Google Cloud Platform, AWS EC2, Docker",88632,101404,DevOps & Infrastructure
Junior Cloud Infrastructure Engineer,Slateford Data Digital,"Seattle, WA",Full-time,"Active Directory, Blue-Green Deployment, Network Automation, Cross-functional Collaboration, Nginx, AWS S3, Windows Server Administration",59953,78967,DevOps & Infrastructure
Mid-level Release Engineer,Brightwell Bridge Technologies,"Boston, MA",Contract,"AWS RDS, Site Reliability Engineering, Pulumi",89023,108108,DevOps & Infrastructure
Cloud Security Engineer Intern,Havencrest Systems Technologies,Remote,Internship,"DevSecOps, Canary Deployment, Zero Trust Architecture, Problem Solving, GitLab CI, Shell Scripting",24992,36344,DevOps & Infrastructure
Platform Engineer Intern,Harborline Cloud Labs,Remote,Internship,"Helm, CircleCI, AWS EC2, Google Cloud Platform, AWS Lambda, Microsoft Azure",26220,34824,DevOps & Infrastructure
Staff Cloud Architect,Basalt Relay Solutions,"Toronto, ON",Contract,"Service Mesh (Istio), CircleCI, Problem Solving, Observability, Terraform, Azure Functions",156241,169455,DevOps & Infrastructure
Staff Build & Release Engineer,Silverline Grid IT,Remote,Full-time,"Container Orchestration, Version Control, GitLab CI, PowerShell, Site Reliability Engineering, Monorepo Management, Continuous Deployment",148312,175095,DevOps & Infrastructure
Lead Cloud Infrastructure Engineer,Brightwell Circuit Works,Remote,Full-time,"Network Automation, Active Directory, SD-WAN, Splunk",135013,160129,DevOps & Infrastructure
Mid-level Cloud Architect,Harborline Node Software,"Seattle, WA",Internship,"CloudFormation, Docker Compose, AWS RDS, Cost Optimization (FinOps)",91688,104579,DevOps & Infrastructure
Junior Kubernetes Administrator,Zephyr Data Digital,"Sydney, Australia",Full-time,"Pulumi, Infrastructure as Code, Splunk, DevSecOps, Canary Deployment, CI/CD Pipelines",67205,75496,DevOps & Infrastructure
Principal IT Infrastructure Engineer,Harborline Cloud Labs,"Reston, VA",Full-time,"Mentoring, Docker, Storage Area Networks, Azure DevOps, CircleCI",167379,192294,DevOps & Infrastructure
Junior Cloud Security Engineer,Emberfall Signal Labs,"Sydney, Australia",Internship,"VPN Configuration, Firewall Configuration, SIEM Tools, Critical Thinking, Zero Trust Architecture",65838,80939,DevOps & Infrastructure
Junior Cloud Infrastructure Engineer,Palisade Orbit Systems Group,"Sydney, Australia",Full-time,"TCP/IP, Vagrant, Grafana",67123,78956,DevOps & Infrastructure
Junior DevOps Architect,Havencrest Network Infrastructure,Remote,Internship,"Git, Grafana, Canary Deployment, Trunk-Based Development",59125,80252,DevOps & Infrastructure
Senior DevOps Engineer,Frostpeak Stack Works,"Raleigh, NC",Internship,"Puppet, CircleCI, Nginx, GitHub, Grafana, Mentoring",122852,136494,DevOps & Infrastructure
Junior DevOps Engineer,Onyx Cloud IT,"Chicago, IL",Full-time,"Go, Documentation Best Practices, GitHub, Continuous Integration, Infrastructure as Code, Splunk",58152,73937,DevOps & Infrastructure
Junior Platform Engineer,Ironwood Field Infrastructure,Remote,Full-time,"Kubernetes,  Feature Flags , Prometheus, Terraform, GitLab, Version Control, Datadog, version control",58321,77557,DevOps & Infrastructure
Junior DevOps Architect,Northgate Systems Tech,Remote,Internship,"Bitbucket, Git, Continuous Integration, Continuous Deployment, GitLab",67022,81964,DevOps & Infrastructure
Network Operations Manager,Brightwell Bridge Technologies,"Bengaluru, India",Full-time,"Monorepo Management, GitLab, Documentation Best Practices, Continuous Integration, Trunk-Based Development, Virtualization (VMware)",132540,166021,DevOps & Infrastructure
Senior Site Reliability Engineer,Havencrest Relay Solutions,"Raleigh, NC",Full-time,"Cost Optimization (FinOps), Chef, Shell Scripting, Python, Ruby, Google Cloud Platform, Communication",112941,147563,DevOps & Infrastructure
Junior Cloud Operations Engineer,Vertex Fleet Platforms,"Salt Lake City, UT",Part-time,"Load Balancers (F5), AWS RDS, Ansible, Multi-cloud Strategy, Terraform",64593,72803,DevOps & Infrastructure
Kubernetes Administrator Intern,Cobalt Ventures Tech,Remote,Internship,"AWS EC2, Google Kubernetes Engine, Cost Optimization (FinOps), Time Management, Splunk, Bash, Service Mesh (Istio), Puppet",27544,41951,DevOps & Infrastructure
Senior IT Infrastructure Engineer,Havencrest Network Infrastructure,"Sydney, Australia",Internship,"Network Automation, Cost Optimization (FinOps), Virtualization (VMware), Terraform, Storage Area Networks",125286,138688,DevOps & Infrastructure
IT Infrastructure Manager,Brightwell Bridge Technologies,Remote,Full-time,"Problem Solving, Trunk-Based Development, Continuous Deployment, Jenkins, GitLab",135774,169792,DevOps & Infrastructure
Mid-level Network Engineer,Brightwell Network Software,Remote,Full-time,"Active Directory, TCP/IP, Network Monitoring, DNS",90853,105442,DevOps & Infrastructure
Senior DevOps Architect,Harborline Cloud Labs,"Atlanta, GA",Full-time,"Service Mesh (Istio), Continuous Deployment, TCP/IP, Mentoring, GitLab, Splunk, Docker Compose",120115,143045,DevOps & Infrastructure
Mid-level IT Infrastructure Engineer,Wraith Grid Software,"Boston, MA",Full-time,"Windows Server Administration, Vagrant, Azure Functions, Mentoring, AWS Lambda",81773,102969,DevOps & Infrastructure
Junior Platform Engineer,Windmere Pulse Tech,"Austin, TX",Full-time,"Azure Functions, GitLab, Mentoring, Monorepo Management, GitHub, Continuous Deployment, Trunk-Based Development",59035,81349,DevOps & Infrastructure
Junior Network Engineer,Lumina Signal Systems Group,"Chicago, IL",Full-time,"Load Balancers (F5), Virtualization (VMware), Network Routing & Switching, PowerShell, Active Directory, Network Monitoring",61703,72802,DevOps & Infrastructure
Cloud Infrastructure Engineer Intern,Steelwater Anchor Networks,"Salt Lake City, UT",Internship,"Network Automation, PagerDuty, Cloud Architecture",27688,41382,DevOps & Infrastructure
Lead IT Infrastructure Engineer,Cascade Field Systems Group,"San Francisco, CA",Full-time,"Datadog, Azure Functions, Mentoring, Canary Deployment",149866,160355,DevOps & Infrastructure
Junior Cloud Operations Engineer,Basalt Field Solutions,"Austin, TX",Internship,"Storage Area Networks, Pulumi, Jenkins, Python, Windows Server Administration, IPv6, TCP/IP",63287,74792,DevOps & Infrastructure
Mid-level Cloud Architect,Cobalt Signal Works,"Toronto, ON",Internship,"AWS EC2, Linux Administration, Grafana",81467,111076,DevOps & Infrastructure
Senior Cloud Engineer,Harborline Ventures Systems Group,Remote,Contract,"Microsoft Azure, New Relic, Azure DevOps, Kubernetes, SD-WAN, Site Reliability Engineering",114681,151255,DevOps & Infrastructure
Principal Cloud Security Engineer,Steelwater Anchor Networks,"Seattle, WA",Full-time,"Linux Administration, VPN Configuration, SIEM Tools, Zero Trust Architecture",159855,179272,DevOps & Infrastructure
Lead DevOps Architect,Havencrest Stack Works,"Berlin, Germany",Full-time,"Feature Flags, Azure DevOps, Mentoring, Monorepo Management",144799,174428,DevOps & Infrastructure
DevOps Manager,Havencrest Relay Solutions,"Berlin, Germany",Internship,"Version Control, Continuous Integration, Cross-functional Collaboration, Prometheus",129554,151258,DevOps & Infrastructure
Junior Cloud Architect,Zephyr Data Digital,Remote,Internship,"Container Orchestration, AWS RDS, Blue-Green Deployment, Jenkins, GitLab CI, Microsoft Azure, Bash",60368,73644,DevOps & Infrastructure
Lead Platform Engineer,Silverline Grid Works,"Reston, VA",Full-time,"Continuous Integration, IPv6, Trunk-Based Development, Version Control",142178,173245,DevOps & Infrastructure
Principal DevOps Architect,Onyx Cloud IT,"Portland, OR",Full-time,"Service Mesh (Istio), Bitbucket, Problem Solving, Docker, Nginx",162228,188990,DevOps & Infrastructure
Junior Site Reliability Engineer,Lumina Relay Digital,"Chicago, IL",Full-time,"Load Balancers (F5), GitLab CI, AWS S3, Python, Ruby, Ansible",63536,74120,DevOps & Infrastructure
DevOps Manager,Slateford Node Technologies,"Reston, VA",Full-time,"Monorepo Management, Team Leadership, Continuous Integration, GitLab, Version Control, GitHub",124570,166882,DevOps & Infrastructure
Junior Platform Engineer,Silverline Pulse Labs,Remote,Full-time,"AWS EC2, CI/CD Pipelines, Continuous Integration, Version Control",58367,74511,DevOps & Infrastructure
Senior Infrastructure Engineer,Thornbury Systems Networks,"Sydney, Australia",Internship,"Problem Solving, Active Directory, Terraform, DNS Administration, Load Balancers (F5)",115932,145751,DevOps & Infrastructure
Senior Systems Administrator,Brightwell Network Software,Singapore,Internship,"DNS Administration, AWS Lambda, IPv6, Active Directory, Canary Deployment, Grafana, SIEM Tools",116389,141993,DevOps & Infrastructure
Senior DevOps Engineer,Frostpeak Systems Networks,"Salt Lake City, UT",Full-time,"Git, Continuous Deployment, GitLab, GitHub",124636,138495,DevOps & Infrastructure
Cloud Operations Manager,Windmere Pulse Tech,"San Jose, CA",Full-time,"Agile Methodology, Git, Feature Flags, Monorepo Management",137870,166555,DevOps & Infrastructure
Senior Cloud Operations Engineer,Slateford Node Technologies,"San Jose, CA",Full-time,"Documentation Best Practices, AWS RDS, Amazon Web Services, Active Directory, Datadog",113282,136889,DevOps & Infrastructure
Junior Cloud Security Engineer,Vertex Stack IT,"Boston, MA",Internship,"Firewall Configuration, Mentoring, Google Cloud Platform, GitLab CI, SIEM Tools",67369,77501,DevOps & Infrastructure
Mid-level Cloud Architect,Solstice Node Tech,"Amsterdam, Netherlands",Full-time,"VoIP Systems, Pulumi, Google Cloud Platform, Prometheus, Docker, CircleCI",86413,111761,DevOps & Infrastructure
Junior Kubernetes Administrator,Fernwood Fleet Networks,"Dublin, Ireland",Internship,"Zero Trust Architecture, PagerDuty, CloudFormation, AWS S3",65340,79274,DevOps & Infrastructure
Mid-level Site Reliability Engineer,Nova Systems Tech,Remote,Internship,"Go, Grafana, Time Management, Splunk, Cost Optimization (FinOps), Ruby",81985,108017,DevOps & Infrastructure
Mid-level Cloud Infrastructure Engineer,Steelwater Anchor Networks,Remote,Contract,"Argo CD, Google Kubernetes Engine, Service Mesh (Istio), Helm, IPv6, Time Management",85393,110399,DevOps & Infrastructure
Mid-level Cloud Architect,Redwood Fleet Systems Group,Singapore,Full-time,"CircleCI, Grafana, AWS S3, Canary Deployment, Docker",80707,111998,DevOps & Infrastructure
Mid-level Cloud Security Engineer,Brightwell Circuit Works,Remote,Full-time,"Amazon Web Services, Firewall Configuration, Jenkins, Active Directory, PagerDuty, Canary Deployment, Zero Trust Architecture",87509,107694,DevOps & Infrastructure
Mid-level Network Administrator,Brightwell Cloud Labs,Remote,Internship,"Virtualization (VMware), Active Directory, Network Routing & Switching, TCP/IP, Network Monitoring, VoIP Systems",90442,102128,DevOps & Infrastructure
Senior DevOps Architect,Cobalt Ventures Tech,"Dallas, TX",Full-time,"documentation best practices, Feature Flags, Blue-Green Deployment, Amazon Web Services, Argo CD, Multi-cloud Strategy",122827,146655,DevOps & Infrastructure
Junior Network Administrator,Frostpeak Mesh Systems Group,Singapore,Full-time,"Active Directory, SD-WAN, TCP/IP",65220,79323,DevOps & Infrastructure
Senior Cloud Security Engineer,Palisade Vector IT,Remote,Full-time,"Kubernetes, Prometheus, Observability, Docker Compose",108758,146013,DevOps & Infrastructure
Infrastructure Engineer Intern,Palisade Orbit Systems Group,"Dublin, Ireland",Internship,"Splunk, Python, PagerDuty, PUPPET, SPLUNK",28483,38754,DevOps & Infrastructure
Mid-level Cloud Operations Engineer,Quartzline Pulse Solutions,"Seattle, WA",Contract,"Network Monitoring, DNS Administration, Windows Server Administration, Cloud Architecture, Python, Azure DevOps",82241,108541,DevOps & Infrastructure
Junior Build & Release Engineer,Northgate Systems Tech,"Sydney, Australia",Full-time,"Continuous Integration, Canary Deployment, GitLab CI, Version Control",66027,78322,DevOps & Infrastructure
Senior Network Administrator,Wraith Grid Networks,"Atlanta, GA",Contract,"DNS Administration, Load Balancers (F5), TCP/IP, Storage Area Networks, PowerShell, VoIP Systems, Network Monitoring",117025,151690,DevOps & Infrastructure
Lead Cloud Engineer,Palisade Orbit Systems Group,"Berlin, Germany",Internship,"Blue-Green Deployment, Prometheus, Site Reliability Engineering, Communication, GitLab CI",140727,168805,DevOps & Infrastructure
Junior Infrastructure Engineer,Brightwell Circuit Works,"Sydney, Australia",Part-time,"Load Balancers (F5), Network Routing & Switching, Canary Deployment, Critical Thinking",66757,77438,DevOps & Infrastructure
Senior Observability Engineer,Duskmere Cloud Platforms,"Sydney, Australia",Contract,"GitHub Actions, Multi-cloud Strategy,  Bash , Ruby",115467,141228,DevOps & Infrastructure
Lead Site Reliability Engineer,Cobalt Ventures Tech,"Sydney, Australia",Full-time,"Infrastructure as Code, Problem Solving, Bash, Python, Shell Scripting, Incident Response",143634,167952,DevOps & Infrastructure
Principal Cloud Architect,Brightwell Pulse Works,Remote,Full-time,"Observability, Blue-Green Deployment, Nginx, Helm",161055,187398,DevOps & Infrastructure
Mid-level Platform Engineer,Windmere Data Solutions,Remote,Part-time,"Bash, Monorepo Management, GitHub, AWS RDS",80673,108478,DevOps & Infrastructure
Mid-level Kubernetes Administrator,Harborline Node Software,Remote,Contract,"Amazon Web Services, Infrastructure as Code, IPv6, AWS EC2,  Google Kubernetes Engine ",92780,112089,DevOps & Infrastructure
IT Infrastructure Manager,Nova Systems Tech,"Portland, OR",Full-time,"Azure DevOps, Site Reliability Engineering, CloudFormation, Service Mesh (Istio), AWS S3, GitLab, Communication",132849,168089,DevOps & Infrastructure
Lead Network Administrator,Brightwell Network Software,"Boston, MA",Full-time,"DNS Administration, Incident Response, Communication, Active Directory, Windows Server Administration",146431,169641,DevOps & Infrastructure
Senior Site Reliability Engineer,Copperline Beacon Tech,"Raleigh, NC",Full-time,"Cloud Architecture, Bash, Python, CircleCI, Blue-Green Deployment, Kubernetes",121521,147975,DevOps & Infrastructure
Senior Infrastructure Engineer,Vertex Anchor Technologies,"Berlin, Germany",Full-time,"Network Routing & Switching, SD-WAN, DNS Administration, Active Directory",120605,146278,DevOps & Infrastructure
Mid-level Cloud Engineer,Cobalt Relay Platforms,Remote,Full-time,"VPN Configuration, Cloud Architecture, Docker Compose, AWS Lambda, Pulumi",91112,113354,DevOps & Infrastructure
Mid-level Platform Engineer,Duskmere Cloud Platforms,Singapore,Full-time,"Network Automation, Canary Deployment, Continuous Integration, Git",92285,110730,DevOps & Infrastructure
Mid-level Kubernetes Administrator,Silverline Pulse Labs,"Amsterdam, Netherlands",Internship,"AWS EC2, Puppet, New Relic, Infrastructure as Code",91793,102590,DevOps & Infrastructure
Network Engineer Intern,Basalt Field Solutions,"Reston, VA",Internship,"Active Directory, Network Routing & Switching, Windows Server Administration, Load Balancers (F5), SD-WAN, TCP/IP",24892,35846,DevOps & Infrastructure
Mid-level Site Reliability Engineer,Solstice Node Tech,"Raleigh, NC",Full-time,"Ruby, Shell Scripting, CI/CD Pipelines, Site Reliability Engineering, AWS EC2, Bash, SIEM Tools",81547,105852,DevOps & Infrastructure
Senior Infrastructure Engineer,Deepwater Grid Systems Group,"Chicago, IL",Internship,"Firewall Configuration, AWS RDS, Windows Server Administration, AWS EC2, Mentoring, Canary Deployment",123122,148850,DevOps & Infrastructure
Mid-level Systems Administrator,Northgate Node Technologies,Remote,Full-time,"IPv6, Storage Area Networks, Prometheus, Active Directory, Virtualization (VMware), Amazon Web Services",80116,101352,DevOps & Infrastructure
Senior Network Engineer,Slateford Beacon Technologies,"San Jose, CA",Full-time,"Network Automation, VoIP Systems, GitHub,  IPv6 , network automation",120157,148475,DevOps & Infrastructure
Senior Network Administrator,Vertex Anchor IT,"Bengaluru, India",Internship,"Active Directory, Network Monitoring, Virtualization (VMware),  Load Balancers (F5) , SD-WAN, IPv6",120211,145566,DevOps & Infrastructure
Lead Observability Engineer,Bluepeak Network Tech,"Raleigh, NC",Full-time,"Go, Problem Solving, Container Orchestration, PowerShell, TCP/IP",142112,170568,DevOps & Infrastructure
Mid-level Observability Engineer,Vertex Stack IT,Remote,Contract,"Argo CD, Azure Functions, Grafana, AWS RDS, Go",88321,105292,DevOps & Infrastructure
Senior Cloud Security Engineer,Northgate Node Technologies,"Portland, OR",Full-time,"Pulumi, Splunk, TCP/IP, Azure Functions",110099,141050,DevOps & Infrastructure
Senior Platform Engineer,Cobalt Relay Platforms,"Portland, OR",Full-time,"Grafana, Trunk-Based Development, Monorepo Management, Cloud Architecture, Continuous Integration, Git, Datadog",123156,149291,DevOps & Infrastructure
Principal Build & Release Engineer,Brightwell Network Software,"Dublin, Ireland",Full-time,"Agile Methodology, Incident Response, Grafana, CloudFormation, Chef",164109,192501,DevOps & Infrastructure
Network Engineer Intern,Brightwell Pulse Works,Remote,Internship,"Virtualization (VMware), VoIP Systems, SD-WAN, Agile Methodology, Windows Server Administration, Active Directory, Network Routing & Switching",28046,41582,DevOps & Infrastructure
Senior Cloud Engineer,Vertex Anchor IT,"Berlin, Germany",Full-time,"PagerDuty, GitHub Actions,  Puppet , Docker Compose, Observability, AWS S3",108586,150902,DevOps & Infrastructure
Principal Platform Engineer,Ridgeback Relay IT,"Dallas, TX",Full-time,"Critical Thinking, Helm, Linux Administration, Ansible, Bitbucket, Monorepo Management, Multi-cloud Strategy",161100,183048,DevOps & Infrastructure
Lead DevOps Architect,Emberfall Signal Labs,"New York, NY",Full-time,"Terraform, Version Control, Linux Administration, Git, Kubernetes, Communication",148320,167132,DevOps & Infrastructure
Senior Network Engineer,Vertex Anchor IT,Remote,Full-time,"Network Monitoring, Network Automation, ipv6, Load Balancers (F5), DNS Administration, Active Directory, ACTIVE DIRECTORY",123279,151481,DevOps & Infrastructure
Mid-level Platform Engineer,Northgate Systems Tech,"Seattle, WA",Full-time,"PagerDuty, Azure DevOps, Observability, Jenkins, SIEM Tools",93244,113058,DevOps & Infrastructure
DevOps Manager,Steelwater Anchor Networks,"Sydney, Australia",Full-time,"Time Management, Continuous Deployment, Version Control, VoIP Systems, Pulumi",123605,157205,DevOps & Infrastructure
Senior Observability Engineer,Frostpeak Stack Works,"Raleigh, NC",Contract,"Shell Scripting, Puppet, GitHub Actions, Container Orchestration",114849,136301,DevOps & Infrastructure
Network Operations Manager,Ridgeback Relay IT,"Raleigh, NC",Full-time,"Version Control, Critical Thinking, Continuous Integration, CircleCI, Continuous Deployment, Multi-cloud Strategy, Bitbucket",125021,163328,DevOps & Infrastructure
Mid-level Systems Engineer,Quartzline Signal Infrastructure,"Toronto, ON",Full-time,"Problem Solving, IPv6, Splunk, GitLab CI, AWS EC2, VoIP Systems",90744,103360,DevOps & Infrastructure
Network Engineer Intern,Slateford Beacon Technologies,"Seattle, WA",Internship,"SD-WAN, IPv6, VoIP Systems, Network Automation, Network Monitoring",28074,41434,DevOps & Infrastructure
Infrastructure Engineer Intern,Harborline Ventures Systems Group,"Berlin, Germany",Internship,"Helm, Network Monitoring, Container Orchestration, Mentoring",26147,38072,DevOps & Infrastructure
Junior IT Infrastructure Engineer,Vertex Anchor Technologies,Remote,Internship,"SD-WAN, Virtualization (VMware), Prometheus, Load Balancers (F5)",67436,78537,DevOps & Infrastructure
Junior Platform Engineer,Silverline Grid Works,"Salt Lake City, UT",Internship,"Trunk-Based Development, GitLab, Amazon Web Services, Google Kubernetes Engine",67395,79979,DevOps & Infrastructure
Lead DevOps Architect,Havencrest Stack Works,"Raleigh, NC",Internship,"Feature Flags, Agile Methodology, GitLab, GitHub, Azure DevOps, Blue-Green Deployment",135471,169396,DevOps & Infrastructure
Senior Systems Administrator,Fernwood Fleet Networks,Remote,Full-time,"Service Mesh (Istio), TCP/IP, DevSecOps, PagerDuty, Communication",112639,145780,DevOps & Infrastructure
Mid-level Infrastructure Engineer,Deepwater Grid Systems Group,"London, UK",Full-time,"Load Balancers (F5), Active Directory, Bash, Chef, VoIP Systems",80166,105757,DevOps & Infrastructure
Junior Network Engineer,Vertex Fleet Platforms,Remote,Full-time,"DNS Administration, Storage Area Networks, Active Directory, DevSecOps, TCP/IP",58599,81998,DevOps & Infrastructure
Staff DevOps Engineer,Windmere Signal Platforms,"Atlanta, GA",Full-time,"Nginx, GitLab, Documentation Best Practices, Communication, GitHub, AWS S3, Splunk",150153,167830,DevOps & Infrastructure
Senior Infrastructure Engineer,Thornbury Beacon Solutions,"Atlanta, GA",Full-time," VoIP Systems , Network Routing & Switching, Vagrant, Documentation Best Practices, documentation best practices",122563,148855,DevOps & Infrastructure
Lead DevOps Architect,Frostpeak Stack Works,Remote,Full-time,"Git, GitLab, Bitbucket, Terraform",137618,172677,DevOps & Infrastructure
Senior IT Infrastructure Engineer,Thornbury Cloud Networks,"Denver, CO",Full-time,"TCP/IP, Infrastructure as Code, Virtualization (VMware), Network Routing & Switching, DNS Administration, Active Directory, Feature Flags",111619,140107,DevOps & Infrastructure
Junior Systems Administrator,Vertex Fleet Platforms,"Chicago, IL",Full-time,"Storage Area Networks, Network Routing & Switching, SD-WAN, TCP/IP",67061,76151,DevOps & Infrastructure
Mid-level Systems Engineer,Vertex Anchor Technologies,"Amsterdam, Netherlands",Full-time,"CloudFormation, Windows Server Administration, Linux Administration, VPN Configuration",92071,109025,DevOps & Infrastructure
Infrastructure Manager,Harborline Cloud Labs,"Amsterdam, Netherlands",Full-time,"Pulumi, Mentoring, PowerShell, GitHub, AWS RDS",132336,171767,DevOps & Infrastructure
Principal Cloud Operations Engineer,Northgate Systems Tech,"Atlanta, GA",Full-time,"Network Automation, Windows Server Administration, IPv6, Communication",158163,180107,DevOps & Infrastructure
Senior Kubernetes Administrator,Havencrest Stack Works,"London, UK",Full-time,"Observability, Linux Administration, GitHub Actions, Infrastructure as Code, CloudFormation",115453,141836,DevOps & Infrastructure
Site Reliability Manager,Redwood Fleet Systems Group,"San Francisco, CA",Full-time,"Trunk-Based Development, Ansible, Container Orchestration, Cross-functional Collaboration, Feature Flags, Continuous Integration, Firewall Configuration",131787,171220,DevOps & Infrastructure
Junior Cloud Engineer,Emberfall Signal Labs,Remote,Full-time,"AWS Lambda, Ansible, Incident Response, Nginx, Azure Functions, Infrastructure as Code",59495,78366,DevOps & Infrastructure
Junior DevOps Architect,Deepwater Node Networks,"Chicago, IL",Part-time,"GitLab CI, Site Reliability Engineering, Continuous Integration, Version Control, Team Leadership",63735,73164,DevOps & Infrastructure
Staff Infrastructure Engineer,Duskmere Cloud Platforms,"Amsterdam, Netherlands",Full-time,"Continuous Integration, Grafana, Network Monitoring, Network Automation, DNS Administration, Mentoring, TCP/IP, Nginx",155021,176554,DevOps & Infrastructure
Mid-level Site Reliability Engineer,Vertex Anchor Technologies,"Reston, VA",Full-time,"DevSecOps, Ruby, PowerShell, Shell Scripting, AWS EC2",93819,108014,DevOps & Infrastructure
Mid-level Cloud Engineer,Havencrest Systems Technologies,"Amsterdam, Netherlands",Full-time,"GitLab CI, AWS Lambda, Firewall Configuration, CloudFormation, Docker Compose, Linux Administration, Prometheus, Communcation",80818,106949,DevOps & Infrastructure
Senior DevOps Engineer,Northgate Systems Tech,Remote,Internship,"Feature Flags, Git, Google Kubernetes Engine, GitLab CI, Version Control",111007,138917,DevOps & Infrastructure
Lead Systems Engineer,Highgrove Beacon Works,"Toronto, ON",Internship,"Network Automation, Problem Solving, Infrastructure as Code, Load Balancers (F5)",148778,174889,DevOps & Infrastructure
Network Operations Manager,Silverline Grid IT,"London, UK",Full-time,"Ansible, Version Control, Jenkins, Trunk-Based Development, Git",133994,157530,DevOps & Infrastructure
Senior Release Engineer,Cobalt Signal Works,Remote,Part-time,"Splunk, Git, GitHub Actions",110784,140405,DevOps & Infrastructure
Lead Cloud Security Engineer,Bluepeak Network Tech,"Reston, VA",Full-time,"VPN Configuration, DevSecOps, Prometheus, Microsoft Azure, Communication",141612,165496,DevOps & Infrastructure
Junior Release Engineer,Thornbury Systems Networks,Remote,Part-time,"Feature Flags, GitHub Actions, Documentation Best Practices, Team Leadership, Trunk-Based Development",65353,76043,DevOps & Infrastructure
Staff Cloud Engineer,Quartzline Signal Software,"Seattle, WA",Full-time,"Argo CD, Chef, Cross-functional Collaboration, Prometheus, CI/CD Pipelines, Site Reliability Engineering, Google Kubernetes Engine",146481,179085,DevOps & Infrastructure
Senior Infrastructure Engineer,Harborline Cloud Labs,Singapore,Part-time,"PagerDuty, Helm, Cost Optimization (FinOps), Network Routing & Switching",111064,138437,DevOps & Infrastructure
Senior Observability Engineer,Vertex Stack IT,"Atlanta, GA",Full-time,"Bash, Team Leadership, PowerShell, Shell Scripting, Go, Azure Functions",115211,137004,DevOps & Infrastructure
Staff Cloud Security Engineer,Zephyr Stack Platforms,Remote,Part-time,"Incident Response, GitHub Actions, VPN Configuration, Network Automation, AWS RDS, DevSecOps",146125,184390,DevOps & Infrastructure
Senior Cloud Architect,Highgrove Data Solutions,"Sydney, Australia",Full-time,"AWS RDS, Azure DevOps, CircleCI, Google Kubernetes Engine, Communication, CloudFormation",117231,149256,DevOps & Infrastructure
Senior Systems Administrator,Pinecrest Circuit Infrastructure,Remote,Part-time,"Network Automation, VoIP Systems, Cross-functional Collaboration, IPv6, Blue-Green Deployment",113342,146475,DevOps & Infrastructure
Senior Cloud Architect,Highgrove Data Solutions,"London, UK",Full-time,"Linux Administration, AWS Lambda, Network Monitoring, Helm, Splunk, Amazon Web Services",111433,137055,DevOps & Infrastructure
Senior Systems Administrator,Zephyr Grid Infrastructure,Remote,Full-time,"VoIP Systems, Shell Scripting, TCP/IP, Canary Deployment, Time Management",125642,142897,DevOps & Infrastructure
Lead Systems Engineer,Frostpeak Mesh Systems Group,"Dublin, Ireland",Internship,"TCP/IP, Agile Methodology, New Relic, Cloud Architecture, Load Balancers (F5), CircleCI, Incident Response, Docker Compose",141760,168225,DevOps & Infrastructure
Senior Build & Release Engineer,Frostpeak Stack Works,Remote,Full-time,"Documentation Best Practices, Trunk-Based Development, Monorepo Management, Git, Continuous Deployment, Multi-cloud Strategy, Feature Flags, Communication",123898,138027,DevOps & Infrastructure
Mid-level Cloud Security Engineer,Basalt Circuit Works,"San Jose, CA",Full-time,"SIEM Tools, Cross-functional Collaboration, Incident Response, Nginx",80652,103877,DevOps & Infrastructure
Mid-level Network Administrator,Solstice Node Tech,"Austin, TX",Full-time,"TCP/IP, Network Monitoring, DNS Administration",81794,111381,DevOps & Infrastructure
Senior Platform Engineer,Copperline Signal Systems Group,"Reston, VA",Internship,"GitLab CI, AWS S3, GitLab, Trunk-Based Development",121572,150938,DevOps & Infrastructure
Lead Systems Engineer,Ridgeback Relay Tech,Remote,Full-time,"GitHub Actions, Cloud Architecture, DNS Administration, CI/CD Pipelines, Azure DevOps",150208,168154,DevOps & Infrastructure
Principal Release Engineer,Wraith Grid Software,Remote,Contract,"Observability, Time Management, Trunk-Based Development, Documentation Best Practices, Monorepo Management, CloudFormation",154184,189158,DevOps & Infrastructure
Junior Cloud Infrastructure Engineer,Havencrest Relay Solutions,"Bengaluru, India",Full-time,"GitLab CI, Network Automation, Vagrant, Azure DevOps, Firewall Configuration, VoIP Systems, Time Management",60226,78803,DevOps & Infrastructure
Junior Systems Administrator,Solstice Node Tech,Remote,Contract,"Grafana, New Relic, Splunk, Helm, Blue-Green Deployment, Storage Area Networks",66572,76141,DevOps & Infrastructure
Senior Release Engineer,Pinecrest Pulse Software,Singapore,Contract,"Continuous Integration, Chef, Continuous Deployment, GitLab, Critical Thinking",114418,140350,DevOps & Infrastructure
Junior Infrastructure Engineer,Windmere Pulse Tech,"Sydney, Australia",Full-time,"Docker, TCP/IP, Amazon Web Services, Storage Area Networks, DNS Administration, Azure DevOps, Zero Trust Architecture",63336,74963,DevOps & Infrastructure
Senior Cloud Operations Engineer,Solstice Node Tech,"Salt Lake City, UT",Full-time,"Network Routing & Switching, AWS EC2, Helm, Network Monitoring",118222,142029,DevOps & Infrastructure
Lead Systems Engineer,Windmere Signal Platforms,"Portland, OR",Full-time,"VoIP Systems,  Chef , TCP/IP, Ansible, GitHub Actions, Azure Functions, Network Routing & Switching",140083,170247,DevOps & Infrastructure
Senior Network Engineer,Cobalt Ventures Tech,"Dublin, Ireland",Contract,"Go, Agile Methodology, Network Routing & Switching, Network Automation, Virtualization (VMware)",114446,143615,DevOps & Infrastructure
Mid-level Systems Engineer,Cascade Beacon Digital,Remote,Part-time,"Splunk, Cost Optimization (FinOps), SD-WAN, Service Mesh (Istio), Windows Server Administration, VoIP Systems",92372,112519,DevOps & Infrastructure
Senior Cloud Engineer,Havencrest Systems Technologies,"Boston, MA",Full-time,"Terraform, GitHub Actions, Pulumi, Team Leadership, Jenkins",123765,142471,DevOps & Infrastructure
Junior Site Reliability Engineer,Brightwell Circuit Works,"Denver, CO",Full-time,"AWS S3, Azure DevOps, Go, Ruby",65770,80463,DevOps & Infrastructure
Senior Network Administrator,Cascade Field Systems Group,"Berlin, Germany",Full-time,"Active Directory, SD-WAN, Network Monitoring, Continuous Deployment, Mentoring, Network Automation, Network Routing & Switching",108888,139361,DevOps & Infrastructure
Mid-level Cloud Architect,Slateford Data Digital,"San Francisco, CA",Part-time,"Jenkins, Docker Compose, Team Leadership, Monorepo Management, Cloud Architecture, Cost Optimization (FinOps), Argo CD, Observability",93390,101438,DevOps & Infrastructure
Staff Cloud Security Engineer,Frostpeak Stack Works,"London, UK",Full-time,"Problem Solving, Zero Trust Architecture, Firewall Configuration, Helm, Microsoft Azure, Incident Response",144702,169927,DevOps & Infrastructure
Mid-level Systems Engineer,Redwood Orbit Software,Singapore,Part-time,"Chef, Network Automation, Network Monitoring",85773,114222,DevOps & Infrastructure
Junior Release Engineer,Palisade Relay Infrastructure,"Seattle, WA",Full-time,"Time Management, Datadog, Multi-cloud Strategy, Pulumi, Version Control",65714,76966,DevOps & Infrastructure
Mid-level IT Infrastructure Engineer,Highgrove Beacon Works,Remote,Part-time,"Feature Flags, CloudFormation, SD-WAN, GitHub Actions",87987,113229,DevOps & Infrastructure
IT Infrastructure Manager,Emberfall Signal Labs,"Boston, MA",Internship,"Version Control, GitHub, Monorepo Management, Shell Scripting",137542,168231,DevOps & Infrastructure
Lead Cloud Security Engineer,Solstice Node Tech,"Austin, TX",Full-time,"Zero Trust Architecture, CircleCI, Firewall Configuration, Terraform, Team Leadership, Linux Administration, AWS S3, Grafana",146258,162079,DevOps & Infrastructure
Network Engineer Intern,Silverline Grid Works,"New York, NY",Internship,"Team Leadership, Storage Area Networks, VoIP Systems, Virtualization (VMware), Load Balancers (F5)",29860,39972,DevOps & Infrastructure
Senior Cloud Operations Engineer,Thornbury Cloud Networks,"San Francisco, CA",Full-time,"Storage Area Networks, Documentation Best Practices, Virtualization (VMware), IPv6",114500,138420,DevOps & Infrastructure
Principal DevOps Engineer,Wraith Pulse Labs,Remote,Full-time,"Documentation Best Practices, New Relic,  GitHub , Continuous Deployment, Mentoring, DOCUMENTATION BEST PRACTICES",157047,192480,DevOps & Infrastructure
Junior Cloud Operations Engineer,Thornbury Cloud Networks,"San Francisco, CA",Full-time,"Load Balancers (F5), SD-WAN, Active Directory, Storage Area Networks, Argo CD",64374,80510,DevOps & Infrastructure
Mid-level Cloud Engineer,Palisade Orbit Systems Group,"Berlin, Germany",Internship,"Terraform, Site Reliability Engineering, Docker Compose, Time Management, Datadog, Splunk, Pulumi",92496,102903,DevOps & Infrastructure
IT Infrastructure Manager,Wraith Grid Software,"Dublin, Ireland",Full-time,"Datadog, GitLab, Infrastructure as Code, Zero Trust Architecture, Service Mesh (Istio)",135695,155612,DevOps & Infrastructure
Lead Cloud Security Engineer,Bluepeak Network Tech,"Atlanta, GA",Full-time,"VPN Configuration, Docker Compose, DevSecOps, Ansible, Zero Trust Architecture",145876,166465,DevOps & Infrastructure
Mid-level DevOps Engineer,Ironwood Field Infrastructure,Remote,Full-time,"Helm, Kubernetes, Docker, DevSecOps, Mentoring, Splunk, Git",82708,107398,DevOps & Infrastructure
Junior Cloud Security Engineer,Granite Fleet Digital,"Reston, VA",Internship,"PowerShell, Datadog, Firewall Configuration, Zero Trust Architecture",66063,77571,DevOps & Infrastructure
Mid-level Infrastructure Engineer,Lumina Signal Systems Group,Singapore,Full-time,"Storage Area Networks, Virtualization (VMware), Service Mesh (Istio), Microsoft Azure, SD-WAN",89807,110658,DevOps & Infrastructure
IT Infrastructure Manager,Brightwell Bridge Technologies,Remote,Part-time,"Cloud Architecture, Chef, Git",139320,154436,DevOps & Infrastructure
Mid-level Observability Engineer,Ridgeback Relay Tech,Remote,Full-time,"PowerShell, Ruby, Shell Scripting",91068,101126,DevOps & Infrastructure
Lead Infrastructure Engineer,Frostpeak Systems Networks,Remote,Full-time,"Team Leadership, Kubernetes, Google Kubernetes Engine, VoIP Systems",143190,174445,DevOps & Infrastructure
Mid-level Release Engineer,Basalt Circuit Works,Singapore,Part-time,"Continuous Deployment,  Bitbucket , Mentoring, Service Mesh (Istio), AWS Lambda, Docker",85124,103530,DevOps & Infrastructure
Senior Systems Administrator,Brightwell Circuit Works,"Bengaluru, India",Full-time,"PowerShell, Network Routing & Switching, Windows Server Administration, Cross-functional Collaboration, Site Reliability Engineering, Chef, CI/CD Pipelines",125074,154074,DevOps & Infrastructure
Junior Platform Engineer,Ashgrove Systems Labs,"Chicago, IL",Full-time,"Feature Flags, Continuous Deployment, Documentation Best Practices, Virtualization (VMware), Cloud Architecture, Bitbucket, Critical Thinking",62286,81905,DevOps & Infrastructure
Mid-level DevOps Architect,Havencrest Network Infrastructure,"Raleigh, NC",Full-time,"Azure Functions, Continuous Deployment, Feature Flags, Azure DevOps, GitHub",89525,112266,DevOps & Infrastructure
Junior Kubernetes Administrator,Solstice Signal Solutions,"Boston, MA",Full-time,"PagerDuty, GitLab CI, Google Kubernetes Engine, AWS Lambda, AWS EC2, Cost Optimization (FinOps)",62663,72875,DevOps & Infrastructure
Mid-level Systems Engineer,Quartzline Signal Software,"Dublin, Ireland",Full-time,"Nginx, Storage Area Networks, DNS Administration, Container Orchestration, Helm, Canary Deployment",80173,104497,DevOps & Infrastructure
Junior Cloud Infrastructure Engineer,Frostpeak Mesh Systems Group,Remote,Full-time,"Windows Server Administration, Ansible, Network Routing & Switching, Helm, Time Management, CI/CD Pipelines",61141,76061,DevOps & Infrastructure
Staff Build & Release Engineer,Highgrove Data Solutions,Remote,Full-time,"GitHub Actions, Documentation Best Practices, VoIP Systems, Azure Functions",149583,167633,DevOps & Infrastructure
Junior Systems Administrator,Copperline Beacon Tech,"San Francisco, CA",Full-time,"Cross-functional Collaboration, AWS Lambda, Incident Response, CI/CD Pipelines, Cost Optimization (FinOps), IPv6",59125,73517,DevOps & Infrastructure
Senior Release Engineer,Harborline Node Software,"Dublin, Ireland",Full-time,"Trunk-Based Development, Amazon Web Services, Kubernetes",123931,153730,DevOps & Infrastructure
Senior Systems Engineer,Northgate Systems Tech,Remote,Contract,"Active Directory, Terraform, IPv6, PagerDuty, TCP/IP, Jenkins, Datadog",120711,154594,DevOps & Infrastructure
Principal Network Administrator,Windmere Signal Platforms,Remote,Full-time,"Storage Area Networks, Virtualization (VMware), Windows Server Administration, Critical Thinking, DNS Administration, TCP/IP",162060,188670,DevOps & Infrastructure
Senior Systems Administrator,Emberfall Signal Labs,"Salt Lake City, UT",Part-time,"Blue-Green Deployment, Puppet, Vagrant",122706,139282,DevOps & Infrastructure
Senior Network Engineer,Havencrest Systems Technologies,"Salt Lake City, UT",Internship,"Network Automation, Network Routing & Switching, SD-WAN, Windows Server Administration",126135,139346,DevOps & Infrastructure
Staff IT Infrastructure Engineer,Solstice Node Tech,"New York, NY",Full-time,"Communication, IPv6, DNS Administration, Virtualization (VMware), Chef",157628,173206,DevOps & Infrastructure
Mid-level Network Engineer,Basalt Circuit Works,Remote,Full-time,"Active Directory, DNS Administration, VoIP Systems, IPv6, Windows Server Administration, Load Balancers (F5), Shell Scripting",92482,109649,DevOps & Infrastructure
Senior Network Engineer,Harborline Ventures Systems Group,Remote,Full-time,"VoIP Systems, Windows Server Administration,  Monorepo Management , TCP/IP, Network Routing & Switching, Active Directory",123334,140353,DevOps & Infrastructure
Mid-level Network Administrator,Fernwood Fleet Networks,"Sydney, Australia",Full-time,"Load Balancers (F5), Virtualization (VMware), Network Routing & Switching, SD-WAN, Network Monitoring, VoIP Systems",85038,110018,DevOps & Infrastructure
Release Engineer Intern,Frostpeak Stack Works,Remote,Internship,"Trunk-Based Development, New Relic, Monorepo Management, Docker Compose, Agile Methodology",27416,37188,DevOps & Infrastructure
Junior Network Engineer,Emberfall Stack Infrastructure,"Dublin, Ireland",Internship,"TCP/IP, IPv6, Storage Area Networks, SD-WAN, DNS Administration",65050,73854,DevOps & Infrastructure
Senior Cloud Engineer,Silverline Grid IT,"Salt Lake City, UT",Part-time,"Datadog, Helm, Cost Optimization (FinOps), Vagrant, Shell Scripting, Ansible, Puppet",121123,136907,DevOps & Infrastructure
Mid-level Site Reliability Engineer,Brightwell Network Software,"Sydney, Australia",Full-time,"CI/CD Pipelines, Documentation Best Practices, Vagrant, Python, Ruby",90571,106222,DevOps & Infrastructure
Principal Build & Release Engineer,Fernwood Fleet Networks,"Sydney, Australia",Full-time,"Problem Solving, Argo CD, Bitbucket, GitLab, PagerDuty, Monorepo Management",163959,186347,DevOps & Infrastructure
Senior Network Administrator,Highgrove Beacon Works,"Reston, VA",Full-time,"Network Monitoring, Network Routing & Switching, DevSecOps, TCP/IP, VoIP Systems, Storage Area Networks, Windows Server Administration",108629,144629,DevOps & Infrastructure
Senior Cloud Architect,Solstice Signal Solutions,"Sydney, Australia",Part-time,"Helm, Observability, PagerDuty, Chef, Datadog",122452,137482,DevOps & Infrastructure
Principal Observability Engineer,Deepwater Node Networks,"Dallas, TX",Full-time,"Microsoft Azure, Linux Administration, Argo CD, IPv6, Amazon Web Services, PowerShell",167933,193793,DevOps & Infrastructure
Mid-level Network Administrator,Highgrove Data Solutions,Remote,Full-time,"DNS Administration, SD-WAN, TCP/IP, Active Directory, Windows Server Administration, Ruby, Network Routing & Switching",89800,101924,DevOps & Infrastructure
Junior Cloud Security Engineer,Pinecrest Circuit Infrastructure,"Salt Lake City, UT",Part-time,"Incident Response, Helm, Azure DevOps, Firewall Configuration, Zero Trust Architecture, Argo CD",67169,77232,DevOps & Infrastructure
Mid-level Network Administrator,Palisade Grid Software,"San Francisco, CA",Full-time,"IPv6, Active Directory, Windows Server Administration, Load Balancers (F5), Mentoring",84693,106507,DevOps & Infrastructure
Junior Release Engineer,Silverline Pulse Labs,"Seattle, WA",Full-time,"Git, Continuous Integration, Documentation Best Practices, Trunk-Based Development, Feature Flags, TCP/IP",66070,74544,DevOps & Infrastructure
IT Infrastructure Manager,Deepwater Grid Systems Group,"Amsterdam, Netherlands",Part-time,"Monorepo Management, Container Orchestration, Git, Team Leadership, Continuous Deployment, GitLab CI, AWS RDS",140619,168927,DevOps & Infrastructure
Principal Observability Engineer,Onyx Cloud IT,"Raleigh, NC",Contract,"Bash, PowerShell, Shell Scripting",153753,187571,DevOps & Infrastructure
Principal Network Engineer,Copperline Anchor Platforms,"Bengaluru, India",Full-time,"IPv6, Time Management, Active Directory, TCP/IP, DNS Administration, SD-WAN",155567,183354,DevOps & Infrastructure
Staff Build & Release Engineer,Northgate Systems Tech,"Amsterdam, Netherlands",Full-time,"Multi-cloud Strategy, GitHub, Bitbucket, Documentation Best Practices, Chef",152190,184001,DevOps & Infrastructure
Senior Release Engineer,Quartzline Signal Infrastructure,"Boston, MA",Internship,"Continuous Integration, GitHub, Critical Thinking,  Vagrant , Git, Monorepo Management",121253,149109,DevOps & Infrastructure
Senior Cloud Engineer,Zephyr Grid Infrastructure,Remote,Full-time,"Datadog, Ansible, PagerDuty, Git, Grafana, Service Mesh (Istio)",121457,145920,DevOps & Infrastructure
Senior Infrastructure Engineer,Havencrest Systems Technologies,"London, UK",Full-time,"TCP/IP, Ruby, Mentoring, Virtualization (VMware), VoIP Systems, Network Monitoring, Network Routing & Switching, Network Automation",123807,136459,DevOps & Infrastructure
Mid-level Network Administrator,Palisade Orbit Systems Group,"Salt Lake City, UT",Full-time,"Storage Area Networks, Network Monitoring, Bash, Active Directory",87033,106223,DevOps & Infrastructure
IT Infrastructure Manager,Steelwater Anchor Networks,Remote,Full-time,"GitHub, Vagrant, Feature Flags, Agile Methodology, Documentation Best Practices, GitLab",121195,169761,DevOps & Infrastructure
Senior Infrastructure Engineer,Cascade Field Systems Group,Remote,Contract,"Blue-Green Deployment, Cross-functional Collaboration, Container Orchestration, VoIP Systems, TCP/IP",121196,152668,DevOps & Infrastructure
Mid-level Cloud Infrastructure Engineer,Zephyr Stack Platforms,"Berlin, Germany",Contract,"Feature Flags, New Relic, Virtualization (VMware),  Datadog , SD-WAN, Network Automation",92826,112701,DevOps & Infrastructure
Mid-level Platform Engineer,Thornbury Systems Networks,"Portland, OR",Full-time,"GitHub, Continuous Deployment, Site Reliability Engineering, Feature Flags, Bitbucket, GitLab",84096,108225,DevOps & Infrastructure
Senior Systems Administrator,Windmere Ventures Works,"Reston, VA",Full-time,"Network Automation, IPv6, CloudFormation, Network Routing & Switching, Canary Deployment, SD-WAN",124337,153924,DevOps & Infrastructure
Junior DevOps Architect,Slateford Beacon Technologies,"Sydney, Australia",Part-time,"Datadog, CloudFormation, SD-WAN, GitHub, Git, Puppet, Cross-functional Collaboration, Continuous Integration",65042,74548,DevOps & Infrastructure
Lead Platform Engineer,Copperline Anchor Platforms,Remote,Contract,"Multi-cloud Strategy, Monorepo Management, Splunk, Cross-functional Collaboration, DevSecOps, Linux Administration, Continuous Integration, GitHub Actions",147713,162866,DevOps & Infrastructure
Site Reliability Manager,Cobalt Relay Platforms,"Chicago, IL",Full-time,"CircleCI, Git, PagerDuty, GitHub, Continuous Integration, Cross-functional Collaboration",121297,161063,DevOps & Infrastructure
DevOps Engineer Intern,Slateford Node Technologies,Remote,Internship,"Git, GitLab CI, Bitbucket, New Relic, Microsoft Azure, Google Cloud Platform",29394,41735,DevOps & Infrastructure
Senior DevOps Engineer,Windmere Ventures Works,Singapore,Part-time,"AWS RDS, Chef, Feature Flags, CircleCI, Communication",114602,145327,DevOps & Infrastructure
Senior Platform Engineer,Silverline Grid Works,"San Jose, CA",Full-time,"Continuous Integration, Bitbucket, Microsoft Azure, Git, Cost Optimization (FinOps)",125439,151113,DevOps & Infrastructure
Principal Systems Administrator,Zephyr Stack Platforms,"Seattle, WA",Full-time,"Communication, Shell Scripting, Network Automation, Network Routing & Switching, Storage Area Networks, SD-WAN",151304,187235,DevOps & Infrastructure
Staff Site Reliability Engineer,Highgrove Beacon Works,"Reston, VA",Internship,"PowerShell, Google Cloud Platform, Storage Area Networks, Bash, Blue-Green Deployment, GitHub Actions",154766,174042,DevOps & Infrastructure
Principal Systems Engineer,Windmere Pulse Tech,"Atlanta, GA",Full-time,"Network Monitoring, Container Orchestration, Vagrant, Storage Area Networks, GitHub Actions",154915,187592,DevOps & Infrastructure
Cloud Operations Manager,Wraith Grid Networks,Remote,Full-time,"PagerDuty, Trunk-Based Development, Service Mesh (Istio), Mentoring, Git, Microsoft Azure",135945,155294,DevOps & Infrastructure
Staff Network Administrator,Palisade Relay Infrastructure,Remote,Full-time,"IPv6, Load Balancers (F5), Virtualization (VMware), Team Leadership, Network Routing & Switching",144200,177553,DevOps & Infrastructure
Senior IT Infrastructure Engineer,Emberfall Signal Labs,Remote,Full-time,"Windows Server Administration, Blue-Green Deployment, Google Kubernetes Engine, Incident Response",110049,150662,DevOps & Infrastructure
Site Reliability Engineer Intern,Thornbury Beacon Solutions,"Dallas, TX",Internship,"Ansible, Ruby, Python, PowerShell, Chef",28469,39769,DevOps & Infrastructure
Mid-level Site Reliability Engineer,Highgrove Beacon Works,Remote,Full-time,"Bash, CloudFormation, AWS RDS, Microsoft Azure, Problem Solving, Python, Cloud Architecture",90896,113979,DevOps & Infrastructure
Mid-level Cloud Operations Engineer,Fernwood Fleet Networks,"Denver, CO",Full-time,"Azure DevOps, Firewall Configuration, CI/CD Pipelines, Network Routing & Switching, Linux Administration, Helm",92492,101510,DevOps & Infrastructure
Systems Engineer Intern,Pinecrest Pulse Software,"San Francisco, CA",Full-time,"CircleCI, Linux Administration, Nginx, Active Directory, IPv6",29574,40779,DevOps & Infrastructure
Lead Systems Administrator,Vertex Node Digital,"Raleigh, NC",Part-time,"Network Automation, Network Routing & Switching, Load Balancers (F5), Jenkins",145774,170230,DevOps & Infrastructure
Junior Cloud Operations Engineer,Highgrove Beacon Works,"Austin, TX",Internship,"SD-WAN, Python, Network Routing & Switching, CI/CD Pipelines, Load Balancers (F5), Azure DevOps",59897,77972,DevOps & Infrastructure
Principal DevOps Architect,Palisade Relay Infrastructure,"Sydney, Australia",Contract,"GitHub, Monorepo Management, Critical Thinking, Helm, Splunk, Incident Response",151739,177199,DevOps & Infrastructure
Senior IT Infrastructure Engineer,Copperline Signal Systems Group,"Chicago, IL",Full-time,"Docker Compose, Network Monitoring, VoIP Systems, Prometheus, Vagrant, Team Leadership",123867,150195,DevOps & Infrastructure
Senior IT Infrastructure Engineer,Bluepeak Network Tech,"Austin, TX",Full-time,"Canary Deployment, Datadog, Chef, Splunk, Network Monitoring",119251,139771,DevOps & Infrastructure
Cloud Operations Manager,Solstice Node Tech,Remote,Full-time,"Ansible, Vagrant, Service Mesh (Istio), Documentation Best Practices, Cost Optimization (FinOps), Monorepo Management",129450,163593,DevOps & Infrastructure
Mid-level Kubernetes Administrator,Highgrove Data Solutions,"San Francisco, CA",Full-time,"Google Cloud Platform, Azure Functions, Pulumi, PowerShell, Time Management, New Relic",89867,108322,DevOps & Infrastructure
Staff IT Infrastructure Engineer,Brightwell Cloud Labs,"Toronto, ON",Full-time,"Network Automation, Kubernetes, Network Monitoring, SD-WAN",140840,182359,DevOps & Infrastructure
Lead Platform Engineer,Basalt Relay Solutions,Remote,Internship,"Monorepo Management, Vagrant, Nginx, Google Kubernetes Engine, Continuous Integration, CI/CD Pipelines",136913,170341,DevOps & Infrastructure
Lead Release Engineer,Lumina Signal Systems Group,"Sydney, Australia",Internship,"AWS EC2, Git, Feature Flags, Azure Functions, GitHub Actions, Continuous Integration, Incident Response",142684,174036,DevOps & Infrastructure
Senior Cloud Architect,Silverline Grid Works,"Seattle, WA",Full-time,"Cost Optimization (FinOps), PagerDuty, Terraform",113316,150915,DevOps & Infrastructure
Mid-level DevOps Architect,Thornbury Cloud Networks,Remote,Full-time,"Team Leadership, GitHub Actions, GitHub, Docker Compose, Docker, Terraform",88674,109825,DevOps & Infrastructure
Senior Observability Engineer,Harborline Cloud Labs,"Dublin, Ireland",Full-time,"GitLab CI, Ansible, Shell Scripting, Amazon Web Services, Go, PowerShell",126631,153733,DevOps & Infrastructure
Senior Cloud Architect,Cobalt Ventures Tech,Remote,Full-time,"Cloud Architecture, CloudFormation, Multi-cloud Strategy, AWS Lambda, GitHub Actions, AWS S3",123400,146911,DevOps & Infrastructure
Mid-level DevOps Architect,Windmere Data Solutions,Remote,Full-time,"Puppet, Azure DevOps, Monorepo Management, Vagrant, Continuous Deployment",81221,104456,DevOps & Infrastructure
Senior DevOps Architect,Palisade Grid Software,"Boston, MA",Internship,"Continuous Deployment, Bitbucket, Continuous Integration, Monorepo Management, Version Control, Mentoring",122554,139686,DevOps & Infrastructure
Mid-level Observability Engineer,Duskmere Cloud Platforms,"Denver, CO",Internship,"Splunk, Azure Functions, Continuous Deployment, Shell Scripting, Chef, Critical Thinking, Service Mesh (Istio), Container Orchestration",86476,107215,DevOps & Infrastructure
Lead Site Reliability Engineer,Onyx Cloud IT,Singapore,Full-time,"Pulumi, Python, Go, Agile Methodology, Amazon Web Services, Datadog, Container Orchestration",143746,163829,DevOps & Infrastructure
Senior Network Engineer,Havencrest Network Infrastructure,"Reston, VA",Full-time,"Network Routing & Switching, Storage Area Networks, Active Directory, Windows Server Administration, DNS Administration",125190,140413,DevOps & Infrastructure
Mid-level Cloud Security Engineer,Copperline Beacon IT,Remote,Full-time,"Kubernetes, Zero Trust Architecture, GitLab CI, Communication, Vagrant, VPN Configuration, Incident Response",85519,102546,DevOps & Infrastructure
Lead Network Engineer,Zephyr Stack Platforms,"New York, NY",Full-time,"Windows Server Administration, Problem Solving, SD-WAN, VoIP Systems, Active Directory, Storage Area Networks",140955,172580,DevOps & Infrastructure
Senior Network Engineer,Copperline Beacon IT,"Dublin, Ireland",Internship,"Network Automation, Network Monitoring, IPv6, Time Management, Trunk-Based Development",124073,145980,DevOps & Infrastructure
Mid-level Cloud Security Engineer,Highgrove Data Solutions,Remote,Full-time,"CloudFormation, VPN Configuration, Terraform, Linux Administration, Grafana",84944,108858,DevOps & Infrastructure
DevOps Architect Intern,Solstice Node Tech,"Toronto, ON",Internship,"PowerShell, CloudFormation, GitLab CI, Nginx, Monorepo Management",27484,38005,DevOps & Infrastructure
Senior Network Engineer,Brightwell Pulse Works,"San Francisco, CA",Contract,"Virtualization (VMware), Active Directory, Storage Area Networks, Continuous Deployment",118161,148378,DevOps & Infrastructure
Lead Platform Engineer,Windmere Data Solutions,Remote,Internship,"Time Management, Jenkins, Site Reliability Engineering, Continuous Deployment, Service Mesh (Istio)",147369,173221,DevOps & Infrastructure
Senior Cloud Infrastructure Engineer,Wraith Grid Software,"Bengaluru, India",Full-time,"Time Management, Site Reliability Engineering, IPv6, Pulumi, VoIP Systems, Container Orchestration, GitHub Actions, Shell Scripting",113229,144948,DevOps & Infrastructure
Junior Cloud Operations Engineer,Northgate Systems Solutions,Remote,Full-time,"Blue-Green Deployment, IPv6, Network Monitoring, Google Cloud Platform, CircleCI",63343,73835,DevOps & Infrastructure
Junior Cloud Architect,Wraith Grid Software,"Salt Lake City, UT",Full-time,"Observability, Pulumi, DevSecOps, Grafana, CloudFormation, Helm, Puppet",64291,77662,DevOps & Infrastructure
Senior DevOps Engineer,Marbleton Fleet Technologies,Remote,Part-time,"Continuous Deployment, Blue-Green Deployment, Documentation Best Practices, Zero Trust Architecture, Problem Solving, Trunk-Based Development, Version Control",124284,149077,DevOps & Infrastructure
Junior Build & Release Engineer,Duskmere Cloud Platforms,"New York, NY",Part-time,"Trunk-Based Development, Multi-cloud Strategy, Docker Compose, Bitbucket, GitLab, Splunk, Version Control",66385,74974,DevOps & Infrastructure
Principal Kubernetes Administrator,Havencrest Relay Solutions,Remote,Full-time,"Datadog, Mentoring, Terraform, Pulumi, CircleCI, AWS S3",166998,183815,DevOps & Infrastructure
Senior DevOps Engineer,Copperline Beacon Tech,"Reston, VA",Full-time,"Critical Thinking, New Relic, Infrastructure as Code, Chef, Ansible, Version Control, Puppet",111387,148450,DevOps & Infrastructure
Mid-level Cloud Engineer,Frostpeak Systems Networks,Remote,Contract,"Canary Deployment, CloudFormation, Container Orchestration, Zero Trust Architecture, Microsoft Azure, AWS S3, Infrastructure as Code",85506,107570,DevOps & Infrastructure
Mid-level Systems Administrator,Palisade Grid Software,"Seattle, WA",Part-time,"Site Reliability Engineering, Terraform, Grafana",91810,108958,DevOps & Infrastructure
Staff Build & Release Engineer,Redwood Fleet Systems Group,"Denver, CO",Full-time,"Jenkins, Team Leadership, Continuous Integration, Zero Trust Architecture, GitHub, Git, Microsoft Azure, Version Control",154677,181435,DevOps & Infrastructure
Lead Platform Engineer,Slateford Data Digital,"Salt Lake City, UT",Full-time,"CI, Microsoft Azure, Network Monitoring, Bitbucket",142663,170029,DevOps & Infrastructure
Senior Cloud Engineer,Slateford Data Digital,Remote,Internship,"Helm, AWS RDS, Docker, Container Orchestration, Canary Deployment",115848,153352,DevOps & Infrastructure
Principal Build & Release Engineer,Duskmere Cloud Platforms,"Austin, TX",Full-time,"Trunk-Based Development, Blue-Green Deployment, PowerShell, Argo CD, Agile Methodology, Multi-cloud Strategy",155885,179491,DevOps & Infrastructure
Build & Release Engineer Intern,Highgrove Data Solutions,"Amsterdam, Netherlands",Internship,"Bitbucket, Trunk-Based Development, Datadog, PagerDuty, GitLab",25580,36489,DevOps & Infrastructure
Lead Infrastructure Engineer,Palisade Vector IT,"Dublin, Ireland",Contract,"Terraform, Ruby, DNS Administration, IPv6, Communication, Cost Optimization (FinOps), Network Routing & Switching",137426,168060,DevOps & Infrastructure
Lead Network Engineer,Highgrove Data Solutions,"Austin, TX",Internship,"TCP/IP, VoIP Systems, Critical Thinking, DNS Administration, Active Directory, Virtualization (VMware)",138024,161251,DevOps & Infrastructure
DevOps Manager,Cobalt Relay Platforms,"Atlanta, GA",Full-time,"Monorepo Management, Version Control, Continuous Integration, Critical Thinking",131167,158420,DevOps & Infrastructure
Lead Cloud Security Engineer,Thornbury Systems Networks,"Denver, CO",Contract,"Vagrant, Zero Trust Architecture, DevSecOps",143965,171957,DevOps & Infrastructure
Staff Cloud Architect,Palisade Vector IT,"Dublin, Ireland",Internship,"Problem Solving, Prometheus, AWS EC2, Google Cloud Platform",156312,170496,DevOps & Infrastructure
Lead Network Administrator,Harborline Cloud Labs,"Atlanta, GA",Contract,"Virtualization (VMware), DNS Administration, SD-WAN, Load Balancers (F5), Storage Area Networks, Critical Thinking, Network Automation",139174,166099,DevOps & Infrastructure
Network Operations Manager,Cobalt Relay Platforms,Remote,Full-time,"Documentation Best Practices, SIEM Tools, Multi-cloud Strategy, Continuous Integration",139860,162655,DevOps & Infrastructure
Junior Systems Engineer,Palisade Orbit Systems Group,Remote,Contract,"Mentoring, Azure Functions, Vagrant, CloudFormation, TCP/IP, Ansible",59649,78810,DevOps & Infrastructure
Release Engineer Intern,Quartzline Signal Software,"Toronto, ON",Internship,"GitLab, Version Control, GitLab CI, Documentation Best Practices, Amazon Web Services",27245,38446,DevOps & Infrastructure
Mid-level Cloud Engineer,Silverline Grid IT,"Bengaluru, India",Full-time,"CI/CD Pipelines, GitLab CI, Cloud Architecture, Puppet, Terraform, Team Leadership",83398,113756,DevOps & Infrastructure
Junior DevOps Engineer,Quartzline Signal Infrastructure,"Portland, OR",Full-time,"Continuous Integration, Feature Flags, Docker Compose, Bitbucket, VoIP Systems",61717,79751,DevOps & Infrastructure
Junior Release Engineer,Harborline Ventures Systems Group,"New York, NY",Part-time,"Puppet, Docker Compose, Kubernetes, Trunk-Based Development, Argo CD, Version Control",65086,79561,DevOps & Infrastructure
Lead IT Infrastructure Engineer,Ridgeback Relay IT,"Austin, TX",Full-time,"CloudFormation, AWS RDS, AWS Lambda, VPN Configuration, Time Management, Network Monitoring, Network Routing & Switching, VoIP Systems",147834,171382,DevOps & Infrastructure
Junior Infrastructure Engineer,Deepwater Node Networks,"Austin, TX",Full-time,"DNS Administration, SD-WAN, Docker Compose",66448,81559,DevOps & Infrastructure
Staff Build & Release Engineer,Lumina Relay Digital,"Salt Lake City, UT",Internship,"Azure Functions, GitHub Actions, GitLab, Documentation Best Practices, Continuous Deployment",145176,182215,DevOps & Infrastructure
Senior Cloud Architect,Zephyr Stack Platforms,"London, UK",Full-time,"Nginx, Google Cloud Platform, Google Kubernetes Engine",108441,144344,DevOps & Infrastructure
Lead Cloud Architect,Highgrove Beacon Works,"Portland, OR",Full-time,"New Relic, Infrastructure as Code, Terraform, Google Kubernetes Engine, PagerDuty",135276,173840,DevOps & Infrastructure
Lead Platform Engineer,Quartzline Signal Software,Remote,Full-time,"Documentation Best Practices, Communication, Version Control, Feature Flags, Microsoft Azure",147969,167774,DevOps & Infrastructure
Network Operations Manager,Steelwater Anchor Networks,Remote,Full-time,"GitHub Actions, Cross-functional Collaboration, GitLab, CloudFormation",140179,162193,DevOps & Infrastructure
Cloud Security Engineer Intern,Frostpeak Systems Networks,Remote,Internship,"Observability, Zero Trust Architecture, Container Orchestration, Agile Methodology",29783,41114,DevOps & Infrastructure
Staff Site Reliability Engineer,Brightwell Circuit Works,Remote,Part-time,"GitHub Actions, PagerDuty, Critical Thinking, Container Orchestration, CircleCI, PowerShell",153385,179157,DevOps & Infrastructure
Infrastructure Manager,Windmere Ventures Works,Remote,Full-time,"AWS Lambda, Team Leadership, Go, Splunk, CircleCI",136534,158907,DevOps & Infrastructure
Lead Observability Engineer,Havencrest Systems Technologies,"Raleigh, NC",Part-time,"AWS RDS, CircleCI, Team Leadership, Infrastructure as Code",149873,164459,DevOps & Infrastructure
Staff Cloud Security Engineer,Redwood Orbit Software,"Chicago, IL",Part-time,"Puppet, TCP/IP, Incident Response, Terraform, Helm, VPN Configuration, Time Management, GitHub Actions",155851,177756,DevOps & Infrastructure
Senior Cloud Security Engineer,Quartzline Signal Infrastructure,"Toronto, ON",Full-time,"Firewall Configuration, Network Routing & Switching, Ansible, AWS RDS, Jenkins",117797,139758,DevOps & Infrastructure
Senior Cloud Engineer,Highgrove Data Solutions,"Seattle, WA",Contract,"Cost Optimization (FinOps), Chef, Azure Functions, Agile Methodology, CloudFormation, CI/CD Pipelines, Blue-Green Deployment",123294,141331,DevOps & Infrastructure
Senior Build & Release Engineer,Silverline Pulse Labs,"Amsterdam, Netherlands",Internship,"Observability, Virtualization (VMware), AWS Lambda, Multi-cloud Strategy",124805,151032,DevOps & Infrastructure
Senior IT Infrastructure Engineer,Havencrest Systems Technologies,"Reston, VA",Full-time,"Argo CD, Load Balancers (F5), SD-WAN, Active Directory",124719,154606,DevOps & Infrastructure
Mid-level Platform Engineer,Ridgeback Relay Tech,"Sydney, Australia",Full-time,"Bitbucket, CircleCI, Monorepo Management",93459,101709,DevOps & Infrastructure
Staff Platform Engineer,Duskmere Cloud Platforms,Remote,Internship,"Google Cloud Platform, GitLab, Git, Trunk-Based Development, AWS Lambda, Documentation Best Practices, Docker Compose",146690,181280,DevOps & Infrastructure
Senior Network Administrator,Cobalt Signal Works,"Boston, MA",Contract,"DNS Administration, IPv6, Active Directory, Virtualization (VMware), Windows Server Administration, Problem Solving",110568,138323,DevOps & Infrastructure
Junior Cloud Security Engineer,Zephyr Stack Platforms,"San Francisco, CA",Full-time,"Firewall Configuration, SIEM Tools, Zero Trust Architecture, AWS EC2, VPN Configuration, Mentoring, DevSecOps",62954,74909,DevOps & Infrastructure
Senior Cloud Engineer,Silverline Grid Works,"San Jose, CA",Full-time,"Kubernetes, Windows Server Administration, Jenkins, Prometheus",111004,153150,DevOps & Infrastructure
Senior Network Engineer,Vertex Node Digital,Remote,Full-time,"Active Directory, SD-WAN, Virtualization (VMware), Network Automation, Windows Server Administration, TCP/IP",121095,151275,DevOps & Infrastructure
Senior Cloud Engineer,Harborline Node Software,"Atlanta, GA",Full-time,"Prometheus, Cost Optimization (FinOps), Vagrant, DevSecOps",112143,136345,DevOps & Infrastructure
Systems Administrator Intern,Redwood Fleet Systems Group,Remote,Internship,"Windows Server Administration, Pulumi, GitHub Actions, Google Cloud Platform, Multi-cloud Strategy, Virtualization (VMware)",24557,41867,DevOps & Infrastructure
Mid-level DevOps Architect,Wraith Grid Software,"Bengaluru, India",Full-time,"Cross-functional Collaboration, GitHub, CircleCI, Monorepo Management,  AWS RDS , Site Reliability Engineering, Documentation Best Practices",93221,106738,DevOps & Infrastructure
Senior IT Infrastructure Engineer,Solstice Signal Solutions,Remote,Internship,"Container Orchestration, Bash, SD-WAN, TCP/IP, Docker, VoIP Systems",119669,143770,DevOps & Infrastructure
Lead Build & Release Engineer,Emberfall Stack Infrastructure,Remote,Internship,"Documentation Best Practices, Trunk-Based Development, Critical Thinking, Ansible, Ruby, Feature Flags",144973,174127,DevOps & Infrastructure
Senior Cloud Security Engineer,Cascade Beacon Digital,Remote,Internship,"DevSecOps, Critical Thinking, Observability, PagerDuty, Incident Response, Amazon Web Services, Azure Functions",108223,140441,DevOps & Infrastructure
Senior Infrastructure Engineer,Windmere Signal Platforms,"Sydney, Australia",Part-time,"Critical Thinking, AWS S3, Google Kubernetes Engine, Docker, Prometheus",118198,146966,DevOps & Infrastructure
Mid-level Build & Release Engineer,Thornbury Systems Networks,"New York, NY",Full-time,"Bitbucket, Terraform, Git, Ansible, AWS S3, CircleCI",87011,105575,DevOps & Infrastructure
Mid-level DevOps Engineer,Cobalt Signal Works,"San Francisco, CA",Full-time,"Grafana, CircleCI, Puppet, CloudFormation, Problem Solving, Feature Flags, Version Control, GitHub Actions",87433,104062,DevOps & Infrastructure
Principal Cloud Architect,Quartzline Signal Software,"Bengaluru, India",Full-time,"GitLab CI, Zero Trust Architecture, Critical Thinking, Puppet, Canary Deployment, Infrastructure as Code, Helm, Jenkins",154940,190503,DevOps & Infrastructure
Mid-level IT Infrastructure Engineer,Wraith Grid Networks,"Dallas, TX",Internship,"GitLab CI, Datadog, VoIP Systems, TCP/IP, AWS S3",93561,110379,DevOps & Infrastructure
Senior Cloud Architect,Redwood Fleet Systems Group,"Seattle, WA",Internship,"AWS RDS, Google Cloud Platform, New Relic, Communication",126565,153819,DevOps & Infrastructure
Mid-level Release Engineer,Pinecrest Pulse Software,"Sydney, Australia",Part-time,"CloudFormation, Critical Thinking, New Relic, Continuous Integration, Virtualization (VMware)",83778,106568,DevOps & Infrastructure
Senior Cloud Operations Engineer,Ridgeback Relay Tech,Remote,Full-time,"Splunk, New Relic, Storage Area Networks, Virtualization (VMware), Feature Flags, Docker Compose",124977,154660,DevOps & Infrastructure
Principal Observability Engineer,Brightwell Circuit Works,"Dallas, TX",Part-time,"PowerShell, Pulumi, Bash, GitLab CI, Go, Python",153123,177997,DevOps & Infrastructure
Mid-level Systems Administrator,Palisade Grid Software,Remote,Full-time,"DNS Administration, Load Balancers (F5), Bash, Microsoft Azure",84381,113830,DevOps & Infrastructure
Senior Cloud Engineer,Copperline Beacon IT,"Dublin, Ireland",Full-time,"Docker Compose, Grafana, Vagrant, Azure Functions, Cross-functional Collaboration",108339,137914,DevOps & Infrastructure
Principal DevOps Architect,Pinecrest Circuit Infrastructure,Remote,Part-time,"Feature Flags, Jenkins, Continuous Integration, SIEM Tools, GitLab, Git, Mentoring",150660,185426,DevOps & Infrastructure
Mid-level Infrastructure Engineer,Frostpeak Systems Networks,"San Francisco, CA",Part-time,"Git, VoIP Systems, AWS Lambda, Prometheus, Cloud Architecture",80888,109842,DevOps & Infrastructure
Junior IT Infrastructure Engineer,Cascade Field Systems Group,"Seattle, WA",Internship,"Virtualization (VMware), Azure Functions, Windows Server Administration, SD-WAN, Team Leadership, SIEM Tools",64315,77638,DevOps & Infrastructure
Cloud Architect Intern,Vertex Anchor IT,"Dallas, TX",Internship,"Microsoft Azure, Google Cloud Platform, CI/CD Pipelines, Time Management, Container Orchestration, Service Mesh (Istio)",30614,39443,DevOps & Infrastructure
Lead Kubernetes Administrator,Basalt Relay Solutions,Remote,Contract,"CircleCI, VPN Configuration, Docker, Container Orchestration, Microsoft Azure, Problem Solving",139881,162500,DevOps & Infrastructure
Mid-level Cloud Engineer,Windmere Pulse Tech,Remote,Contract,"CI/CD Pipelines, Nginx, Cloud Architecture, Argo CD, Google Kubernetes Engine, Splunk, Agile Methodology",92452,103627,DevOps & Infrastructure
Senior Systems Engineer,Cobalt Relay Platforms,"Denver, CO",Full-time,"Virtualization (VMware), Microsoft Azure, Windows Server Administration, Vagrant",115696,142953,DevOps & Infrastructure
Mid-level Cloud Operations Engineer,Thornbury Systems Networks,"San Francisco, CA",Full-time,"Network Automation, Nginx, SD-WAN",80770,102881,DevOps & Infrastructure
Senior Platform Engineer,Vertex Fleet Platforms,Remote,Contract,"GitLab, Datadog, GitHub, Git, Cross-functional Collaboration, Feature Flags, AWS Lambda",121104,152086,DevOps & Infrastructure
Junior Cloud Security Engineer,Highgrove Data Solutions,Remote,Full-time,"Container Orchestration, Docker Compose, Infrastructure as Code, Storage Area Networks, Zero Trust Architecture",66871,76439,DevOps & Infrastructure
Mid-level Systems Engineer,Windmere Data Solutions,"Seattle, WA",Full-time,"Communication, CircleCI, Storage Area Networks, SD-WAN, Site Reliability Engineering, Jenkins",93063,113103,DevOps & Infrastructure
Senior IT Infrastructure Engineer,Havencrest Systems Technologies,"Sydney, Australia",Internship,"Go, Datadog, AWS RDS, Storage Area Networks, SD-WAN",113214,149256,DevOps & Infrastructure
Mid-level Network Administrator,Harborline Ventures Systems Group,"Toronto, ON",Contract,"Load Balancers (F5), DNS Administration, Active Directory",92020,113630,DevOps & Infrastructure
Senior Systems Engineer,Cascade Beacon Digital,"Sydney, Australia",Full-time,"DevSecOps, Canary Deployment, Network Automation, TCP/IP, Load Balancers (F5)",108475,147937,DevOps & Infrastructure
Senior Cloud Operations Engineer,Duskmere Cloud Platforms,"Berlin, Germany",Full-time,"SD-WAN, Active Directory, Splunk, CI/CD Pipelines, Helm, Amazon Web Services, Agile Methodology",121573,150451,DevOps & Infrastructure
Senior DevOps Architect,Silverline Grid IT,"Austin, TX",Full-time,"Version Control, Continuous Deployment, Cross-functional Collaboration, Nginx, Datadog, GitHub, Firewall Configuration, Kubernetes",120143,138016,DevOps & Infrastructure
Principal Cloud Security Engineer,Silverline Pulse Labs,"Berlin, Germany",Full-time,"VPN Configuration, New Relic, Bash, Zero Trust Architecture, DevSecOps, Container Orchestration",154852,192745,DevOps & Infrastructure
Mid-level Build & Release Engineer,Brightwell Circuit Works,"Reston, VA",Internship,"Continuous Deployment, PowerShell, GitHub Actions, CI/CD Pipelines, Communication",82231,106003,DevOps & Infrastructure
Staff Systems Administrator,Zephyr Data Digital,"San Francisco, CA",Contract,"Docker Compose, Ruby, AWS EC2, CI/CD Pipelines, Windows Server Administration",155483,170150,DevOps & Infrastructure
Lead Cloud Infrastructure Engineer,Emberfall Stack Infrastructure,Remote,Part-time,"Critical Thinking, Firewall Configuration, SD-WAN, Windows Server Administration, Active Directory",150783,174495,DevOps & Infrastructure
Network Operations Manager,Vertex Node Digital,"Bengaluru, India",Contract,"Microsoft Azure, CI/CD Pipelines, Continuous Deployment",131448,169708,DevOps & Infrastructure
Principal Systems Engineer,Silverline Pulse Labs,"San Francisco, CA",Contract,"AWS EC2, Network Routing & Switching, AWS Lambda, TCP/IP, Vagrant",158909,180341,DevOps & Infrastructure
Principal Network Administrator,Onyx Cloud IT,Remote,Full-time,"TCP/IP, Continuous Integration, Network Automation, SD-WAN, Network Monitoring, VoIP Systems",158937,184889,DevOps & Infrastructure
Mid-level Network Engineer,Frostpeak Mesh Systems Group,"Salt Lake City, UT",Full-time,"Ruby, Network Monitoring, Virtualization (VMware), Network Routing & Switching",89572,105491,DevOps & Infrastructure
Network Engineer Intern,Redwood Fleet Systems Group,"Dublin, Ireland",Internship,"Incident Response, TCP/IP, Virtualization (VMware), Active Directory",26890,37801,DevOps & Infrastructure
Cloud Infrastructure Engineer Intern,Vertex Fleet Platforms,Remote,Internship,"Azure Functions, Network Routing & Switching, Load Balancers (F5)",25255,39238,DevOps & Infrastructure
Senior Cloud Architect,Harborline Node Software,"Chicago, IL",Full-time,"Docker Compose, Kubernetes, Container Orchestration, SIEM Tools, Pulumi, Ansible",111828,148940,DevOps & Infrastructure
Senior Release Engineer,Slateford Beacon Technologies,Remote,Full-time,"Trunk-Based Development, Feature Flags, Linux Administration, Jenkins, GCP",117515,146814,DevOps & Infrastructure
Senior Observability Engineer,Frostpeak Mesh Systems Group,"Boston, MA",Part-time,"Shell Scripting, Go, Python, Observability",115963,145924,DevOps & Infrastructure
Network Operations Manager,Marbleton Fleet Technologies,"Boston, MA",Contract,"Feature Flags, AWS Lambda, Bitbucket, Cross-functional Collaboration, Linux Administration",133281,157330,DevOps & Infrastructure
Senior Systems Engineer,Onyx Cloud IT,"Portland, OR",Full-time,"IPv6, Storage Area Networks, SD-WAN, GitHub, Cloud Architecture, Communication, New Relic, Google Cloud Platform",125124,142028,DevOps & Infrastructure
Principal Site Reliability Engineer,Cobalt Data Software,"Reston, VA",Full-time,"PagerDuty, Ruby, GitHub, Terraform, Linux Administration, Bash",151420,194092,DevOps & Infrastructure
Senior Cloud Operations Engineer,Slateford Beacon Technologies,"Denver, CO",Full-time,"Azure Functions, Google Kubernetes Engine, Network Monitoring, DevSecOps, AWS Lambda, Terraform",113117,136836,DevOps & Infrastructure
Senior Build & Release Engineer,Brightwell Pulse Works,Singapore,Full-time,"Continuous Deployment, Kubernetes, Observability, Documentation Best Practices, Argo CD, Container Orchestration",114829,138243,DevOps & Infrastructure
Senior Platform Engineer,Frostpeak Mesh Systems Group,"Reston, VA",Full-time,"GitHub, Monorepo Management,  Problem Solving , Nginx",113188,143960,DevOps & Infrastructure
Senior Network Engineer,Quartzline Pulse Solutions,"San Francisco, CA",Full-time,"Load Balancers (F5), Network Monitoring, Storage Area Networks, Time Management",113754,149481,DevOps & Infrastructure
Mid-level Cloud Architect,Redwood Fleet Systems Group,"Salt Lake City, UT",Full-time,"DNS Administration, Terraform, Prometheus, Linux Administration, Datadog",82420,113867,DevOps & Infrastructure
Junior DevOps Engineer,Windmere Data Solutions,"San Francisco, CA",Full-time,"Feature Flags, Trunk-Based Development, Canary Deployment, GitLab, Ruby",62148,78488,DevOps & Infrastructure
Cloud Operations Manager,Steelwater Anchor Networks,Remote,Full-time,"AWS Lambda, Continuous Integration, Critical Thinking, Network Monitoring, Trunk-Based Development",122852,165703,DevOps & Infrastructure
Lead Cloud Security Engineer,Copperline Anchor Platforms,Remote,Full-time,"Multi-cloud Strategy, Azure DevOps, SIEM Tools, VPN Configuration, Cross-functional Collaboration",136254,162746,DevOps & Infrastructure
Mid-level Network Administrator,Havencrest Systems Technologies,"Amsterdam, Netherlands",Full-time,"Virtualization (VMware), Network Routing & Switching, DNS Administration",90937,111646,DevOps & Infrastructure
Senior Platform Engineer,Zephyr Data Digital,"Denver, CO",Contract,"Jenkins, Monorepo Management, GitLab, Trunk-Based Development, Shell Scripting, Time Management",112435,136256,DevOps & Infrastructure
Junior Site Reliability Engineer,Brightwell Bridge Technologies,"Austin, TX",Part-time,"Go, Microsoft Azure, Agile Methodology, Service Mesh (Istio), Bash",64945,78581,DevOps & Infrastructure
Site Reliability Manager,Emberfall Signal Labs,"San Francisco, CA",Internship,"Load Balancers (F5), Continuous Deployment, Trunk-Based Development, AWS S3, Mentoring, Microsoft Azure",135388,154116,DevOps & Infrastructure
Lead Cloud Engineer,Silverline Grid Works,"Salt Lake City, UT",Full-time,"Observability, Bitbucket, Chef, Docker Compose, Problem Solving, CloudFormation, Canary Deployment, AWS RDS",138479,168851,DevOps & Infrastructure
Junior Site Reliability Engineer,Fernwood Fleet Networks,"Portland, OR",Full-time,"Bash, Go, Shell Scripting, Grafana",63779,73719,DevOps & Infrastructure
Senior Release Engineer,Ironwood Field Infrastructure,Remote,Full-time,"Python, Feature Flags, Documentation Best Practices, Datadog, GitHub",116431,144535,DevOps & Infrastructure
Mid-level Platform Engineer,Lumina Signal Systems Group,"San Francisco, CA",Full-time,"Pulumi, AWS EC2, CI/CD Pipelines, Documentation Best Practices, IPv6, Version Control, Continuous Integration",81690,102490,DevOps & Infrastructure
Senior IT Infrastructure Engineer,Cascade Beacon Digital,"Chicago, IL",Full-time,"Virtualization (VMware), Load Balancers (F5), Agile Methodology, Windows Server Administration, DNS Administration",120606,143138,DevOps & Infrastructure
Mid-level Cloud Engineer,Onyx Cloud IT,"Atlanta, GA",Full-time,"AWS S3, Problem Solving, Observability, AWS RDS, Jenkins",85657,103425,DevOps & Infrastructure
Senior Site Reliability Engineer,Havencrest Network Infrastructure,"Denver, CO",Full-time,"Python, Shell Scripting, PagerDuty, PowerShell, Azure Functions, GitHub Actions",120920,147836,DevOps & Infrastructure
Senior Observability Engineer,Slateford Beacon Technologies,"Boston, MA",Internship,"Ruby, Time Management, Go,  PowerShell , Terraform, Shell Scripting",120381,153724,DevOps & Infrastructure
Staff Cloud Infrastructure Engineer,Northgate Systems Tech,"Austin, TX",Full-time,"Feature Flags, Storage Area Networks, Splunk, Problem Solving, Vagrant, CI/CD Pipelines, Service Mesh (Istio)",154718,170225,DevOps & Infrastructure
Mid-level IT Infrastructure Engineer,Slateford Node Technologies,"Seattle, WA",Full-time,"Load Balancers (F5), VoIP Systems, Pulumi, Agile Methodology",86250,103568,DevOps & Infrastructure
Senior IT Infrastructure Engineer,Emberfall Stack Infrastructure,"Seattle, WA",Full-time,"Team Leadership, Storage Area Networks, Active Directory, IPv6, Microsoft Azure, DNS Administration, AWS RDS",122236,147760,DevOps & Infrastructure
Senior Systems Engineer,Quartzline Signal Software,"Toronto, ON",Full-time,"Problem Solving, Storage Area Networks, Network Automation, Git, Active Directory",118581,137873,DevOps & Infrastructure
Senior Cloud Architect,Cobalt Data Software,"Salt Lake City, UT",Internship,"Argo CD, AWS S3, Cloud Architecture, Ansible, Google Kubernetes Engine, Vagrant",124015,137619,DevOps & Infrastructure
Mid-level Cloud Security Engineer,Duskmere Cloud Platforms,Remote,Full-time,"Container Orchestration, Zero Trust Architecture, VPN Configuration, Shell Scripting, Azure DevOps, Problem Solving, AWS Lambda",88369,112656,DevOps & Infrastructure
Junior Systems Administrator,Frostpeak Mesh Systems Group,"San Jose, CA",Full-time,"Blue-Green Deployment, Container Orchestration, Microsoft Azure",62942,79603,DevOps & Infrastructure
Mid-level DevOps Architect,Copperline Beacon IT,Remote,Full-time,"Continuous Integration, DevSecOps, CloudFormation, Feature Flags, GitHub Actions",81036,114738,DevOps & Infrastructure
Senior Infrastructure Engineer,Slateford Beacon Technologies,"Sydney, Australia",Internship,"Network Routing & Switching, Network Monitoring, TCP/IP, Kubernetes, Google Kubernetes Engine, Agile Methodology, Storage Area Networks",121493,154529,DevOps & Infrastructure
Senior Build & Release Engineer,Redwood Fleet Systems Group,"Berlin, Germany",Full-time,"Continuous Deployment,  AWS RDS , Trunk-Based Development, Vagrant",119749,151086,DevOps & Infrastructure
Mid-level Cloud Engineer,Thornbury Beacon Solutions,Remote,Full-time,"Google Kubernetes Engine, Ansible, Azure DevOps, Linux Administration, Docker",81746,104590,DevOps & Infrastructure
Senior Platform Engineer,Palisade Orbit Systems Group,"Portland, OR",Full-time,"Continuous Deployment, GitHub, Multi-cloud Strategy, Blue-Green Deployment, Helm",122777,141223,DevOps & Infrastructure
Mid-level Infrastructure Engineer,Windmere Pulse Tech,"Salt Lake City, UT",Part-time,"Storage Area Networks, TCP/IP, DNS Administration, Jenkins",87217,102919,DevOps & Infrastructure
Senior Cloud Architect,Cascade Field Systems Group,Remote,Full-time,"CloudFormation, Datadog, Google Kubernetes Engine",120218,137900,DevOps & Infrastructure
Senior Systems Administrator,Windmere Data Solutions,"Chicago, IL",Contract,"Canary Deployment, Incident Response, Mentoring, Vagrant, CI/CD Pipelines",125413,153641,DevOps & Infrastructure
Staff Platform Engineer,Palisade Grid Software,Remote,Part-time,"CircleCI, Problem Solving, Helm, Version Control, Bitbucket, Google Kubernetes Engine, Documentation Best Practices",142115,174129,DevOps & Infrastructure
Lead DevOps Engineer,Skyline Stack Digital,"Denver, CO",Full-time,"Cloud Architecture, Splunk, Monorepo Management, Agile Methodology, GitLab",145068,161355,DevOps & Infrastructure
Senior Network Administrator,Steelwater Anchor Networks,Remote,Internship,"Network Monitoring, DevSecOps, IPv6, Load Balancers (F5), SD-WAN",124934,139467,DevOps & Infrastructure
Senior Cloud Engineer,Windmere Data Solutions,"Bengaluru, India",Contract,"Prometheus, Cost Optimization (FinOps), Datadog, New Relic, Go, PagerDuty",126735,154447,DevOps & Infrastructure
Infrastructure Manager,Cobalt Signal Works,"Raleigh, NC",Full-time,"Documentation Best Practices, GitHub, GitLab, Site Reliability Engineering",123325,153826,DevOps & Infrastructure
Mid-level Network Engineer,Vertex Node Digital,"Atlanta, GA",Full-time,"Active Directory, TCP/IP, Network Routing & Switching, DNS Administration, Storage Area Networks,  Virtualization (VMware) ",85263,103488,DevOps & Infrastructure
Senior Build & Release Engineer,Onyx Cloud IT,Remote,Full-time,"Jenkins, GitLab CI, Blue-Green Deployment, Bitbucket, Cost Optimization (FinOps)",116784,149230,DevOps & Infrastructure
Senior Systems Administrator,Lumina Signal Systems Group,"Dublin, Ireland",Full-time,"Kubernetes, Splunk, Active Directory, Time Management, Datadog",116798,138594,DevOps & Infrastructure
Senior Systems Engineer,Brightwell Circuit Works,"Atlanta, GA",Full-time,"GitLab CI, Cost Optimization (FinOps), Linux Administration, Terraform, Azure Functions, Service Mesh (Istio)",126493,153266,DevOps & Infrastructure
Mid-level Cloud Infrastructure Engineer,Windmere Pulse Tech,"Atlanta, GA",Internship,"Shell Scripting, TCP/IP, Nginx, Load Balancers (F5)",86329,111232,DevOps & Infrastructure
Lead Build & Release Engineer,Frostpeak Stack Works,Singapore,Full-time,"Microsoft Azure, Kubernetes, Monorepo Management, Cross-functional Collaboration, Documentation Best Practices, Chef, Continuous Integration",135243,159522,DevOps & Infrastructure
Principal DevOps Engineer,Havencrest Stack Works,"Denver, CO",Full-time,"Microsoft Azure, Documentation Best Practices, GitLab CI, Problem Solving, DevSecOps",157175,188094,DevOps & Infrastructure
Principal Network Administrator,Windmere Data Solutions,"San Francisco, CA",Part-time,"Load Balancers (F5), Critical Thinking, DNS Administration, IPv6",160486,186668,DevOps & Infrastructure
Staff Site Reliability Engineer,Palisade Vector IT,Remote,Contract,"Shell Scripting, SIEM Tools, Communication, Python, Nginx",153661,178891,DevOps & Infrastructure
Senior Systems Administrator,Steelwater Anchor Networks,Remote,Full-time,"Trunk-Based Development, Cloud Architecture, Storage Area Networks, Jenkins, Load Balancers (F5), AWS EC2, Windows Server Administration",116804,149676,DevOps & Infrastructure
Mid-level Infrastructure Engineer,Ridgeback Relay IT,Remote,Internship,"Canary Deployment, New Relic, Datadog, Virtualization (VMware), Cost Optimization (FinOps), Storage Area Networks, SIEM Tools",88832,113934,DevOps & Infrastructure
Junior DevOps Engineer,Vertex Anchor Technologies,"Sydney, Australia",Full-time,"Documentation Best Practices, Observability, GitHub Actions, GitLab, Site Reliability Engineering, Agile Methodology, Git",62932,81377,DevOps & Infrastructure
Staff Release Engineer,Bluepeak Network Tech,"Boston, MA",Full-time,"Communication, Service Mesh (Istio), Continuous Deployment, New Relic, Cost Optimization (FinOps), IPv6, Continuous Integration",147673,169421,DevOps & Infrastructure
Senior Build & Release Engineer,Zephyr Data Digital,"Denver, CO",Full-time,"Version Control, Grafana, AWS Lambda, Time Management",123703,148530,DevOps & Infrastructure
Mid-level Network Administrator,Ridgeback Relay IT,"San Francisco, CA",Contract,"Storage Area Networks, Active Directory, Load Balancers (F5), Cross-functional Collaboration",87886,102871,DevOps & Infrastructure
Senior Platform Engineer,Palisade Grid Software,"Dallas, TX",Part-time,"CI/CD Pipelines, GitLab, Blue-Green Deployment, Firewall Configuration, Helm, GitLab CI, Feature Flags",122228,148107,DevOps & Infrastructure
Senior Cloud Architect,Windmere Signal Platforms,"New York, NY",Internship,"Amazon Web Services, CI/CD Pipelines, New Relic, AWS Lambda, Canary Deployment, Version Control",115341,150121,DevOps & Infrastructure
Senior Cloud Infrastructure Engineer,Solstice Signal Solutions,Remote,Full-time,"New Relic, TCP/IP, SIEM Tools, Jenkins, SD-WAN, Load Balancers (F5)",118114,140190,DevOps & Infrastructure
Lead Cloud Infrastructure Engineer,Havencrest Pulse Networks,Remote,Full-time,"Windows Server Administration, Vagrant, New Relic, Network Monitoring, Active Directory, Pulumi",146420,161123,DevOps & Infrastructure
Mid-level IT Infrastructure Engineer,Lumina Relay Digital,"San Jose, CA",Internship,"Vagrant, Cloud Architecture, AWS S3, Helm, Monorepo Management",88793,106835,DevOps & Infrastructure
Mid-level Kubernetes Administrator,Silverline Grid IT,"Austin, TX",Internship,"Grafana, Canary Deployment, Prometheus, AWS Lambda, Jenkins",80330,109612,DevOps & Infrastructure
Staff Observability Engineer,Northgate Systems Tech,Singapore,Full-time,"Shell Scripting,  Python , Zero Trust Architecture, Observability, Agile Methodology, Cost Optimization (FinOps)",154350,175215,DevOps & Infrastructure
Principal Site Reliability Engineer,Cobalt Ventures Tech,"London, UK",Full-time,"Python, Cross-functional Collaboration, CI/CD Pipelines, Shell Scripting",164759,178034,DevOps & Infrastructure
Senior Platform Engineer,Basalt Relay Solutions,"Dallas, TX",Full-time,"Git, GitLab, Helm, Bitbucket, Agile Methodology, Monorepo Management",111760,144938,DevOps & Infrastructure
Mid-level Cloud Architect,Vertex Node Digital,"New York, NY",Contract,"Docker Compose, Helm, VPN Configuration, Ansible, Infrastructure as Code",89252,105554,DevOps & Infrastructure
Junior Systems Engineer,Silverline Grid IT,"New York, NY",Contract,"PowerShell, Jenkins, Amazon Web Services, Network Routing & Switching",63613,81160,DevOps & Infrastructure
Mid-level Release Engineer,Basalt Circuit Works,"Atlanta, GA",Contract,"Continuous Integration, Cost Optimization (FinOps), Git, Version Control",85520,107365,DevOps & Infrastructure
Mid-level Infrastructure Engineer,Cobalt Signal Works,Remote,Internship,"DevSecOps, Network Automation, Network Routing & Switching, Virtualization (VMware), Grafana, Time Management",87768,110108,DevOps & Infrastructure
Principal Cloud Operations Engineer,Quartzline Signal Software,"San Jose, CA",Full-time,"Agile Methodology, Argo CD, Cloud Architecture, Linux Adminstration, IPv6, SD-WAN, Vagrant, IPV6",166819,187885,DevOps & Infrastructure
Senior Platform Engineer,Cobalt Ventures Tech,Remote,Internship,"Linux Administration, Google Cloud Platform, Datadog",124522,140697,DevOps & Infrastructure
Senior Cloud Operations Engineer,Cobalt Data Software,"Dublin, Ireland",Part-time,"AWS S3, Cross-functional Collaboration, Load Balancers (F5), CloudFormation, Ansible, Virtualization (VMware)",125114,154490,DevOps & Infrastructure
Mid-level Systems Administrator,Onyx Cloud IT,"London, UK",Full-time,"SD-WAN, Google Kubernetes Engine, VoIP Systems, Site Reliability Engineering, Network Routing & Switching, Load Balancers (F5)",83030,102939,DevOps & Infrastructure
Principal Cloud Engineer,Brightwell Circuit Works,Remote,Full-time,"Vagrant, Google Kubernetes Engine, Ansible, Google Cloud Platform, Problem Solving, Azure DevOps",166607,185290,DevOps & Infrastructure
Lead Cloud Architect,Harborline Node Software,"Toronto, ON",Internship,"CloudFormation, Pulumi, CircleCI, cloud architecture, Time Management",150161,160061,DevOps & Infrastructure
Staff Cloud Architect,Thornbury Beacon Solutions,"Bengaluru, India",Contract,"Datadog, GitHub Actions, PagerDuty, Vagrant, AWS S3",157743,174946,DevOps & Infrastructure
Lead IT Infrastructure Engineer,Nova Systems Tech,Remote,Full-time," Observability , Site Reliability Engineering, Cross-functional Collaboration, Ansible, Network Automation",136496,160926,DevOps & Infrastructure
Senior Cloud Engineer,Emberfall Signal Labs,"Portland, OR",Full-time,"CircleCI, Site Reliability Engineering, AWS RDS, Problem Solving, Ansible",122044,152344,DevOps & Infrastructure
Senior Cloud Infrastructure Engineer,Havencrest Systems Technologies,"Sydney, Australia",Full-time,"Argo CD, Datadog, Virtualization (VMware), Splunk, Cost Optimization (FinOps), Network Automation",109061,154001,DevOps & Infrastructure
Observability Engineer Intern,Frostpeak Mesh Systems Group,Remote,Internship,"AWS EC2, PowerShell, Shell Scripting, Ruby, GitLab, Canary Deployment",31080,40031,DevOps & Infrastructure
Junior DevOps Engineer,Brightwell Pulse Works,"Denver, CO",Full-time,"Version Control, DevSecOps, Continuous Deployment, Nginx, Grafana",65453,78462,DevOps & Infrastructure
Junior Observability Engineer,Deepwater Node Networks,Remote,Part-time,"TCP/IP, Amazon Web Services, CircleCI, Mentoring, Shell Scripting, Azure Functions, Container Orchestration, Helm",66552,74836,DevOps & Infrastructure
Junior Build & Release Engineer,Havencrest Network Infrastructure,"Denver, CO",Full-time,"Linux Administration, Cost Optimization (FinOps), CloudFormation",61019,78097,DevOps & Infrastructure
Junior IT Infrastructure Engineer,Vertex Fleet Platforms,"Toronto, ON",Part-time,"Active Directory, IPv6, Virtualization (VMware), Network Automation, CloudFormation, Network Monitoring",65118,76438,DevOps & Infrastructure
Staff Infrastructure Engineer,Windmere Ventures Works,"Atlanta, GA",Contract,"Network Automation, Jenkins, Network Routing & Switching, Docker Compose, Site Reliability Engineering, Git, Agile Methodology, DNS Administration",151097,182806,DevOps & Infrastructure
Senior Platform Engineer,Vertex Fleet Platforms,"Reston, VA",Contract,"Grafana, GitHub Actions, Continuous Deployment, Continuous Integration, Pulumi",125657,141331,DevOps & Infrastructure
Staff Cloud Infrastructure Engineer,Zephyr Grid Infrastructure,Remote,Internship,"Firewall Configuration, Active Directory, VoIP Systems, SD-WAN, Agile Methodology, Canary Deployment",151143,183124,DevOps & Infrastructure
Mid-level IT Infrastructure Engineer,Granite Fleet Digital,"Denver, CO",Part-time,"GitHub Actions, Storage Area Networks, Load Balancers (F5), DevSecOps, Grafana",82393,112651,DevOps & Infrastructure
Principal Site Reliability Engineer,Redwood Fleet Systems Group,"London, UK",Contract,"Cross-functional Collaboration, CI/CD Pipelines, Blue-Green Deployment, Helm",158593,184882,DevOps & Infrastructure
Mid-level DevOps Architect,Basalt Relay Solutions,"San Jose, CA",Full-time,"Version Control, Observability, Documentation Best Practices",84379,111615,DevOps & Infrastructure
Senior Network Engineer,Thornbury Systems Networks,"Reston, VA",Full-time,"DNS Administration, Virtualization (VMware), Network Automation, Agile Methodology, Storage Area Networks, IPv6",126664,143357,DevOps & Infrastructure
Senior Network Administrator,Skyline Stack Digital,Remote,Contract,"TCP/IP, Windows Server Administration, SD-WAN",115092,154253,DevOps & Infrastructure
Mid-level Infrastructure Engineer,Vertex Anchor IT,Remote,Full-time,"CloudFormation, IPv6, VoIP Systems, AWS RDS, Network Automation, Network Monitoring, Agile Methodology",84619,107070,DevOps & Infrastructure
Lead Release Engineer,Ridgeback Relay IT,"Salt Lake City, UT",Full-time,"Site Reliability Engineering, Team Leadership, Azure Functions, Prometheus",142235,164748,DevOps & Infrastructure
Lead DevOps Architect,Havencrest Systems Technologies,Remote,Internship,"Feature Flags, Git, Site Reliability Engineering, Team Leadership, GitLab, Continuous Integration",150128,173065,DevOps & Infrastructure
Lead Cloud Engineer,Skyline Stack Digital,"San Jose, CA",Full-time,"Google Cloud Platform, Mentoring, Site Reliability Engineering, Prometheus, Network Routing & Switching",147131,161991,DevOps & Infrastructure
Senior Cloud Operations Engineer,Zephyr Stack Platforms,"Amsterdam, Netherlands",Part-time,"Amazon Web Services, SD-WAN, Network Monitoring, GitLab CI",109834,152019,DevOps & Infrastructure
Mid-level Systems Administrator,Havencrest Stack Works,"Austin, TX",Full-time,"TCP/IP, Virtualization (VMware), Observability, Cross-functional Collaboration, Load Balancers (F5), Jenkins, Amazon Web Services",91210,108389,DevOps & Infrastructure
Principal IT Infrastructure Engineer,Windmere Pulse Tech,"Boston, MA",Contract,"Virtualization (VMware), SD-WAN, AWS EC2, Infrastructure as Code, Prometheus, Problem Solving",161752,186525,DevOps & Infrastructure
Staff Systems Engineer,Havencrest Stack Works,"Bengaluru, India",Part-time,"Team Leadership, Datadog, Blue-Green Deployment, Docker, Chef, Site Reliability Engineering, Ruby, Docker Compose",157713,175240,DevOps & Infrastructure
Mid-level Systems Administrator,Harborline Cloud Labs,"Amsterdam, Netherlands",Full-time,"CircleCI, Observability, CloudFormation, Network Automation, TCP/IP, Network Monitoring",93899,113494,DevOps & Infrastructure
