title,company,location,type,skills_required,salary_min,salary_max,category
Intern Backend Engineer,Basalt Systems,Remote,Internship,"Event-Driven Architecture, C#, FastAPI, Cassandra, GraphQL, NestJS, Mentoring, Docker",23738,38832,Software Engineering
Lead Mobile Developer (Android),Meridian Platforms,Remote,Full-time,"Domain-Driven Design, Mobile CI/CD, Kotlin, Android Development",149455,170909,Software Engineering
Senior iOS Engineer,Pinecrest Platforms,"Atlanta, GA",Contract,"Hexagonal Architecture, Push Notifications, iOS Development, App Store Optimization, SwiftUI",106174,147918,Software Engineering
Senior Full Stack Developer,Foxglove Platforms,"Los Angeles, CA",Part-time,"Accessibility (WCAG), Tailwind CSS, Google Cloud Platform, Mentoring, Problem Solving, Microsoft Azure, Next.js",108503,140760,Software Engineering
Senior Mobile Engineer,Hollowreach Platforms,"Portland, OR",Contract,"Dart, System Design, Mobile Performance Optimization, Flutter, Kotlin Multiplatform, Cross-platform Development, TEAM LEADERSHIP, React Native",107019,136203,Software Engineering
Senior Mobile Developer (iOS),Cascadia Platforms,"Berlin, Germany",Contract,"Swift, Mobile App Architecture, app store optimization, REST API Design, Objective-C",103816,128799,Software Engineering
Intern Frontend Engineer,Solstice Platforms,"Raleigh, NC",Internship,"Angular, GraphQL Client (Apollo), Cross-browser Compatibility, Tailwind CSS, Vue.js, Problem Solving, Jest",25443,36374,Software Engineering
Full Stack Engineer,Cascadia Platforms,"Chicago, IL",Full-time,"Communication, Message Queues (RabbitMQ), Redis",81871,102260,Software Engineering
"Engineering Manager, Mobile",Vertex Platforms,"San Francisco, CA",Contract,"App Store Optimization, Agile Methodology, Push Notifications, Jetpack Compose, Android Development, System Design, Mobile App Architecture, Domain-Driven Design",121108,168377,Software Engineering
Mobile Developer (Android),Emberfield Platforms,"New York, NY",Full-time,"Mobile CI/CD, Android Development, REST API Design, Push Notifications, Kotlin, Android Studio, Mobile Performance Optimization",76928,93059,Software Engineering
Junior Frontend Developer,Ashgrove Platforms,"Dublin, Ireland",Full-time,"TypeScript, Responsive Design, Tailwind CSS, Problem Solving",59561,69795,Software Engineering
Junior Mobile Developer (iOS),Wrenfield Systems,"Portland, OR",Full-time,"Mobile Performance Optimization, Mobile App Architecture, App Store Optimization, Mobile CI/CD, iOS Development, Push Notifications",59642,69715,Software Engineering
iOS Engineer,Crestline Systems,"Denver, CO",Full-time,"SwiftUI, Mobile CI/CD, Push Notifications, Swift, REST API Design, App Store Optimization, Mobile App Architecture, Mobile Performance Optimization",75046,109992,Software Engineering
Senior Android Engineer,Vertex Systems,"Boston, MA",Full-time,"REST API Design, Mobile App Architecture, Load Balancing, Android Studio",109182,148206,Software Engineering
Intern Full Stack Developer,Skyline Platforms,Remote,Internship,"Redux, REST API Design, GraphQL Client (Apollo), Amazon Web Services, GraphQL, Ruby on Rails, Cassandra",26086,39753,Software Engineering
Senior Android Engineer,Quartzline Platforms,Remote,Full-time,"Load Balancing, Mobile App Architecture, Push Notifications, Mobile CI/CD, Mobile Performance Optimization, Code Review Practices, Android Development, Kotlin",102732,147827,Software Engineering
Senior Backend Engineer,Redwood Platforms,"Portland, OR",Full-time,"gRPC, Code Review Practices, C#",103199,135901,Software Engineering
Lead Android Engineer,Quartzline Systems,"Los Angeles, CA",Full-time,"Mobile Performance Optimization, Mobile CI/CD, REST API Design, Android Studio, Push Notifications",145606,174764,Software Engineering
Junior Mobile Engineer,Northwind Platforms,"San Francisco, CA",Full-time,"Mobile CI/CD, Mobile App Architecture, Kotlin Multiplatform, Cross-platform Development",55628,79651,Software Engineering
Senior Full Stack Engineer,Timberline Platforms,"Los Angeles, CA",Full-time,"ASP.NET, Cross-browser Compatibility, jQuery, Kubernetes, Scrum, Docker",100364,148950,Software Engineering
Full Stack Developer,Vertex Platforms,"Boston, MA",Full-time,"Kotlin, HTML, Microsoft Azure",76102,106842,Software Engineering
Lead Full Stack Engineer,Amber Platforms,"New York, NY",Contract,"Storybook, Redux, Java, ASP.NET, Docker, NestJS, Jest",148864,166918,Software Engineering
"Engineering Manager, Mobile",Bluepeak Systems,"Chicago, IL",Contract,"Objective-C, Mobile CI/CD, REST API Design",125948,156953,Software Engineering
Backend Engineer,Solstice Systems,"New York, NY",Full-time,"C#, java, Caching Strategies, System Design, Django, Ruby, Spring Boot",84076,104805,Software Engineering
Intern Backend Engineer,Windemere Platforms,"New York, NY",Internship,"Microsoft Azure, gRPC, MySQL, ASP.NET, C#, Event-Driven Architecture",25318,37879,Software Engineering
Lead Mobile Engineer,Marrow Systems,Remote,Full-time,"Kotlin Multiplatform, REST API Design, System Design, Mobile CI/CD",136554,155279,Software Engineering
Software Developer,Crestline Systems,"Washington, DC",Contract,"Ruby on Rails, Accessibility (WCAG), DynamoDB, Figma, gRPC, Flask, Vue.js",78568,97737,Software Engineering
Mobile Developer (Android),Redwood Systems,"Boston, MA",Contract,"Mobile Performance Optimization, App Store Optimization, Kotlin",78688,100206,Software Engineering
Senior Software Engineer,Emberfield Platforms,"Los Angeles, CA",Full-time,"Angular, Storybook, Continuous Integration, FastAPI, HTML",107597,136962,Software Engineering
Junior Mobile Developer (iOS),Gullhaven Platforms,"Raleigh, NC",Full-time,"REST API Design, Swift, Code Review Practices, SwiftUI, Xcode, Mobile App Architecture",60901,79607,Software Engineering
Intern Full Stack Engineer,Cobalt Platforms,"Dublin, Ireland",Internship,"NestJS, CSS, MySQL, Node.js, Ruby, React",25587,39991,Software Engineering
Frontend Engineer,Meridian Platforms,Remote,Full-time,"Next.js, CSS, Accessibility (WCAG), Svelte, Sass, Progressive Web Apps, TypeScript, Responsive Design",77945,104960,Software Engineering
Lead Backend Developer,Timberline Platforms,"New York, NY",Full-time,"Ruby, Go, Ruby on Rails, Microservices Architecture, System Design, DynamoDB, Microsoft Azure",132737,170322,Software Engineering
iOS Engineer,Ashgrove Systems,Remote,Full-time,"Mobile App Architecture, Mobile Performance Optimization, Mobile CI/CD, iOS Development, Swift",77498,107275,Software Engineering
Senior Software Developer,Foxglove Systems,"Washington, DC",Contract,"Spring Boot, JavaScript, HTML, Responsive Design, React, Google Cloud Platform",108531,145798,Software Engineering
Frontend Developer,Bluepeak Platforms,"Boston, MA",Full-time,"Storybook, communication, Vite, JavaScript",87083,106506,Software Engineering
Intern Frontend Engineer,Brightbay Platforms,"New York, NY",Internship,"HTML, Vite, GraphQL Client (Apollo), Angular, Figma, Bootstrap, Svelte, Tailwind CSS",23807,34194,Software Engineering
Software Developer,Onyx Systems,"Atlanta, GA",Full-time,"Bootstrap, Cross-browser Compatibility, Redis, Event-Driven Architecture, C#, Azure, Cassandra, Message Queues (RabbitMQ)",79409,96541,Software Engineering
Intern Software Engineer,Cascadia Platforms,"Chicago, IL",Internship,"Figma, Material UI, Webpack, Express.js, Next.js, Jest, Sass, Scrum",24705,31778,Software Engineering
Junior Frontend Developer,Granite Systems,Singapore,Contract,"Next.js, Angular, Webpack, TypeScript, CSS, Jest, Redux",56102,76277,Software Engineering
Senior Software Developer,Cobalt Systems,"New York, NY",Full-time,"PostgreSQL, Sass, System Design, C#",107889,147671,Software Engineering
Intern Mobile Engineer,Crestline Platforms,Remote,Internship,"Mobile Performance Optimization, Mobile CI/CD, Cross-platform Development, Dart, Mobile App Architecture, Scrum",20317,37566,Software Engineering
Lead Software Engineer,Meridian Platforms,"Denver, CO",Contract,"Material UI, Django, Vite, PostgreSQL",136524,164076,Software Engineering
Lead Mobile Engineer,Timberline Systems,"New York, NY",Full-time,"Mobile CI/CD, Domain-Driven Design, Hexagonal Architecture",132872,166134,Software Engineering
Senior Backend Developer,Emberfield Platforms,"Atlanta, GA",Full-time,"Event-Driven Architecture, Git, Flask, Kubernetes, Python, System Design, Ruby",117592,145748,Software Engineering
Full Stack Engineer,Hollowreach Platforms,"Atlanta, GA",Full-time,"Next.js, DynamoDB, Java, Ruby",90599,107510,Software Engineering
Lead Full Stack Developer,Redwood Systems,"Berlin, Germany",Full-time,"Django, GIT, Progressive Web Apps, Docker, Docker",130008,174859,Software Engineering
Senior Full Stack Engineer,Fernwood Platforms,"Atlanta, GA",Full-time,"Hexagonal Architecture, Svelte, Scrum, Bootstrap",106922,140920,Software Engineering
Mobile Developer (Android),Skyline Platforms,Remote,Full-time,"REST API Design, Agile Methodology, Jetpack Compose, Mobile App Architecture, Android Studio",76897,99499,Software Engineering
Junior Backend Developer,Copperbend Works,"New York, NY",Contract,"CI/CD Pipelines, PostgreSQL, Spring Boot",56673,79371,Software Engineering
Principal Frontend Engineer,Driftwood Systems,"Atlanta, GA",Full-time,"React, Redux, Next.js, Cross-browser Compatibility, Bootstrap, Svelte, Responsive Design",166989,184117,Software Engineering
Junior Full Stack Developer,Pinecrest Systems,"Boston, MA",Full-time,"System Design, Next.js, Ruby, Code Review Practices, DynamoDB, REST API Design, CI/CD Pipelines, Jest",60263,79913,Software Engineering
Senior Mobile Developer (Android),Ashgrove Systems,"Seattle, WA",Full-time,"Jetpack Compose, Team Leadership, Android Studio",110679,145144,Software Engineering
iOS Engineer,Cobalt Systems,"Seattle, WA",Full-time,"Mobile App Architecture, iOS Development, Swift, Xcode",78974,106610,Software Engineering
Lead Android Engineer,Cobalt Platforms,"New York, NY",Full-time,"Mobile CI/CD, Domain-Driven Design, Communication, Kotlin, Android Development, Mobile Performance Optimization, App Store Optimization, Mobile App Architecture",138261,170380,Software Engineering
Junior Software Engineer,Quartzline Systems,"Atlanta, GA",Contract,"Node.js, Ruby on Rails, Django, Redis, Progressive Web Apps, Next.js",58014,76730,Software Engineering
Lead Software Engineer,Cascadia Platforms,Remote,Full-time,"Tailwind CSS, Bootstrap, Sass, System Design, Microservices Architecture",134716,151668,Software Engineering
Staff Mobile Developer (iOS),Nova Platforms,Remote,Full-time,"Swift, REST API Design, App Store Optimization, Xcode, Code Review Practices",155293,173602,Software Engineering
iOS Engineer,Gullhaven Platforms,"Raleigh, NC",Full-time,"Mobile Performance Optimization, App Store Optimization, REST API Design, Swift, Objective-C, SwiftUI, Mobile App Architecture, iOS Development",81357,109761,Software Engineering
Staff Frontend Developer,Meridian Platforms,"Chicago, IL",Full-time,"React, Responsive Design, Tailwind CSS",143616,169564,Software Engineering
Intern Mobile Engineer,Crestline Platforms,"Los Angeles, CA",Internship,"Kotlin Multiplatform, Dart, React Native, Cross-platform Development",21768,39128,Software Engineering
Senior Mobile Developer (Android),Timberline Platforms,"Boston, MA",Full-time,"App Store Optimization, Kotlin, Mobile CI/CD, Android Studio, Mentoring, Push Notifications",107388,144960,Software Engineering
Intern Backend Engineer,Gullhaven Systems,"Boston, MA",Internship,"Event-Driven Architecture, GraphQL, Mentoring, Flask, FastAPI",30260,39697,Software Engineering
Staff Backend Developer,Granite Systems,Remote,Contract,"Ruby, Redis, Mentoring, gRPC",146587,170043,Software Engineering
Senior Full Stack Developer,Wrenfield Systems,"Washington, DC",Full-time,"Tailwind CSS, Code Review Practices, DynamoDB, FastAPI, Django",119452,143625,Software Engineering
Intern Backend Engineer,Nova Platforms,"Austin, TX",Internship,"Kubernetes, Express.js, CI/CD Pipelines, Caching Strategies",27856,38705,Software Engineering
Lead Backend Developer,Cascadia Platforms,"Atlanta, GA",Full-time,"NestJS, Mentoring, FastAPI",136405,174338,Software Engineering
Staff Mobile Developer (Android),Skyline Systems,Remote,Full-time,"Push Notifications, App Store Optimization, Team Leadership, Domain-Driven Design, Mobile CI/CD, Continuous Integration, REST API Design",144189,169363,Software Engineering
Junior Mobile Developer (Android),Northwind Platforms,"Boston, MA",Full-time,"REST API Design, Jetpack Compose, Push Notifications, Mobile Performance Optimization, Kotlin, Android Studio",55023,78493,Software Engineering
Junior Frontend Engineer,Gullhaven Systems,Remote,Part-time,"Vue.js, TypeScript, Redux, Responsive Design, Material UI, GraphQL Client (Apollo), Problem Solving",55618,72211,Software Engineering
Junior Android Engineer,Thistledown Platforms,"Los Angeles, CA",Full-time,"Push Notifications, Android Development, Mobile Performance Optimization, Mobile CI/CD, App Store Optimization, Kotlin, REST API Design",63021,79857,Software Engineering
Senior Full Stack Engineer,Nova Systems,Remote,Full-time,"HTML, Caching Strategies, CSS, ASP.NET, Docker, System Design, C#, gRPC",101984,149664,Software Engineering
Lead Full Stack Developer,Copperbend Platforms,"Seattle, WA",Full-time,"Kotlin, HTML, Java, Figma, Vite",133390,165526,Software Engineering
Senior Software Engineer,Ironwood Systems,"Amsterdam, Netherlands",Full-time,"REST API Design, Amazon Web Services, Storybook, Cassandra, DynamoDB, Redis, Event-Driven Architecture, MYSQL",107846,141672,Software Engineering
Staff Software Engineer,Skyline Systems,"Seattle, WA",Full-time,"Hexagonal Architecture, Kubernetes, gRPC, Cassandra",141722,184454,Software Engineering
Junior Android Engineer,Granite Systems,"Raleigh, NC",Full-time,"Jetpack Compose, Android Studio, App Store Optimization, Continuous Integration",60701,69572,Software Engineering
Intern iOS Engineer,Timberline Platforms,"Amsterdam, Netherlands",Internship,"Agile Methodology, Objective-C, SwiftUI, App Store Optimization, rest api design, Swift",21131,35198,Software Engineering
Senior Full Stack Engineer,Basalt Platforms,"Amsterdam, Netherlands",Full-time,"HTML, Distributed Systems, Tailwind CSS, C#, Cross-browser Compatibility, Microsoft Azure, Event-Driven Architecture",101847,148607,Software Engineering
Intern Android Engineer,Crestline Systems,"Austin, TX",Internship,"Android Development, Mobile Performance Optimization, Android Studio, App Store Optimization, Push Notifications",21810,32843,Software Engineering
Mobile Developer (iOS),Brightbay Platforms,Remote,Full-time,"Mobile Performance Optimization, Mentoring, Mobile CI/CD, Swift, Push Notifications, REST API Design, Xcode",80457,97867,Software Engineering
Software Developer,Cinderfall Systems,"Amsterdam, Netherlands",Full-time,"Ruby, Material UI, Jest, GraphQL, Ruby on Rails, Sass",90230,103545,Software Engineering
Junior Backend Engineer,Northwind Systems,Remote,Full-time,"GraphQL, Cassandra, Ruby on Rails",57093,66325,Software Engineering
Mobile Developer (iOS),Nova Platforms,"Chicago, IL",Full-time,"Mobile App Architecture, Mobile CI/CD, App Store Optimization, Objective-C",76434,109874,Software Engineering
Senior Mobile Engineer,Tidefall Systems,"Boston, MA",Full-time,"REST API Design, Domain-Driven Design, Kotlin Multiplatform, Mobile App Architecture, Mobile Performance Optimization, Mobile CI/CD, Hexagonal Architecture, Flutter",108277,147373,Software Engineering
Intern Software Developer,Nova Systems,"Austin, TX",Internship,"Ruby on Rails, Vite, Responsive Design, DynamoDB",21509,39336,Software Engineering
"Engineering Manager, Frontend",Crestline Systems,"Seattle, WA",Full-time,"Svelte, Sass, GraphQL Client (Apollo), Next.js, Problem Solving, TypeScript, Redux, React",120616,169612,Software Engineering
Lead Frontend Developer,Thistledown Systems,Remote,Full-time,"Bootstrap, Next.js, Svelte, Material UI, Accessibility (WCAG), Jest, Team Leadership",134136,173076,Software Engineering
Senior Full Stack Engineer,Windemere Works,"Denver, CO",Full-time,"Cross-browser Compatibility, Figma, jQuery, Vite",121533,139105,Software Engineering
Software Engineer,Timberline Platforms,"Toronto, ON",Part-time,"PostgreSQL, Tailwind CSS, FastAPI, Svelte, Progressive Web Apps, Responsive Design, Django, Agile Methodology",91801,106537,Software Engineering
Backend Engineer,Nova Platforms,"Austin, TX",Full-time,"GraphQL, Ruby on Rails, Google Cloud Platform, Ruby, Python, PostgreSQL, Microservices Architecture",84544,109220,Software Engineering
Junior Full Stack Developer,Tidefall Platforms,"Portland, OR",Contract,"Caching Strategies, Jest, Spring Boot,  Bootstrap , Event-Driven Architecture, NestJS, Cassandra, C#",55450,78173,Software Engineering
Intern iOS Engineer,Brightbay Systems,"Washington, DC",Internship,"Mobile App Architecture, App Store Optimization, REST API Design",21613,32542,Software Engineering
Software Developer,Timberline Platforms,"Boston, MA",Full-time,"spring boot, CI/CD Pipelines, Distributed Systems",79390,109772,Software Engineering
Mobile Developer (Android),Quartzline Systems,"Austin, TX",Full-time,"Mobile Performance Optimization, Mobile App Architecture, Kotlin, Problem Solving",80689,105738,Software Engineering
Mobile Developer (Android),Windemere Works,"Boston, MA",Full-time,"REST API Design, Android Studio, Mobile CI/CD, Android Development, Mobile App Architecture, App Store Optimization",81495,100520,Software Engineering
Backend Developer,Wrenfield Systems,"Austin, TX",Full-time,"Amazon Web Services, Kotlin, Event-Driven Architecture, FastAPI, Java",80552,107946,Software Engineering
Junior Frontend Developer,Coral Platforms,"Chicago, IL",Contract,"Redux, Git, Jest",55446,79331,Software Engineering
Principal Android Engineer,Meridian Platforms,"Washington, DC",Full-time,"Scrum, Mobile Performance Optimization, Mobile App Architecture, App Store Optimization, Android Development",150027,189467,Software Engineering
Junior Mobile Engineer,Cascadia Systems,"Denver, CO",Full-time,"Mobile CI/CD, REST API Design, Dart, Flutter, Mobile App Architecture, Cross-platform Development, React Native, Kotlin Multiplatform",57388,67229,Software Engineering
Full Stack Developer,Cobalt Platforms,"Raleigh, NC",Contract,"Amazon Web Services, PostgreSQL, Angular",78289,98480,Software Engineering
Principal Full Stack Developer,Brightbay Systems,"Boston, MA",Full-time,"Jest, Webpack, Next.js, Vue.js, Domain-Driven Design, Microservices Architecture, REST API Design",150629,182444,Software Engineering
Intern Mobile Developer (Android),Gullhaven Platforms,"Chicago, IL",Internship,"Push Notifications, Android Studio, Mobile App Architecture, Kotlin, Android Development, Mobile Performance Optimization, REST API Design, App Store Optimization",24630,39481,Software Engineering
Junior Frontend Engineer,Cinderfall Platforms,"Raleigh, NC",Contract,"Jest, Webpack, TypeScript, HTML",60914,73997,Software Engineering
Senior Backend Engineer,Fernwood Systems,"Seattle, WA",Full-time,"Communication, Redis, MongoDB",108274,145190,Software Engineering
Android Engineer,Granite Systems,"Toronto, ON",Full-time,"Jetpack Compose, Mobile App Architecture, Technical Writing, Push Notifications, REST API Design, Mobile CI/CD, App Store Optimization",76417,109482,Software Engineering
Senior Full Stack Developer,Coral Platforms,"London, UK",Full-time,"Redux, System Design, Microservices Architecture, Caching Strategies, Cassandra",118810,138684,Software Engineering
Android Engineer,Copperbend Systems,"San Francisco, CA",Full-time,"Mobile Performance Optimization, Jetpack Compose, Kotlin, mobile app architecture, REST API Design, App Store Optimization, Mobile CI/CD",83884,97821,Software Engineering
Android Engineer,Windemere Platforms,"San Francisco, CA",Full-time,"Mobile App Architecture, Mobile CI/CD, Agile Methodology, Push Notifications, Android Studio, Kotlin, App Store Optimization",87567,104301,Software Engineering
Lead iOS Engineer,Emberfield Systems,"Toronto, ON",Full-time,"REST API Design, Swift, Mobile Performance Optimization, Scrum, Objective-C",130747,174059,Software Engineering
Staff Backend Developer,Thistledown Platforms,"Boston, MA",Full-time,"PostgreSQL, Redis, Load Balancing, Django, Message Queues (RabbitMQ), Python, Node.js, Flask",144098,181064,Software Engineering
Junior Android Engineer,Slatestone Systems,"Chicago, IL",Full-time,"Mobile Performance Optimization, Kotlin, Problem Solving",55355,77730,Software Engineering
Senior Software Developer,Hollowreach Platforms,"Raleigh, NC",Full-time,"jQuery, Responsive Design, Svelte, Go, NestJS, System Design",103886,148813,Software Engineering
Software Engineer,Gullhaven Platforms,"Chicago, IL",Full-time,"CSS, Material UI, Next.js, Cross-browser Compatibility, Mentoring, React",75009,100711,Software Engineering
Junior Frontend Developer,Bluepeak Systems,"San Francisco, CA",Contract,"Accessibility (WCAG), React, Jest, Bootstrap",64047,74836,Software Engineering
Junior Mobile Developer (iOS),Coral Platforms,"Los Angeles, CA",Full-time,"App Store Optimization, Team Leadership, iOS Development, Mobile CI/CD, Objective-C, Mobile App Architecture, Swift",61584,77957,Software Engineering
Junior Full Stack Engineer,Silverbrook Systems,Remote,Full-time,"Microsoft Azure, Responsive Design, MySQL, REST API Design, Python",63970,74017,Software Engineering
Principal Full Stack Engineer,Coral Platforms,Remote,Full-time,"Event-Driven Architecture, Continuous Integration, gRPC",152321,169867,Software Engineering
Senior Mobile Developer (iOS),Skyline Systems,"Austin, TX",Full-time,"Team Leadership, SwiftUI, Xcode, Mobile App Architecture, REST API Design, Push Notifications, iOS Development",105983,125581,Software Engineering
Staff Frontend Engineer,Bluepeak Systems,"Amsterdam, Netherlands",Full-time,"Accessibility (WCAG), Tailwind CSS, Bootstrap, Redux, Svelte",145826,177320,Software Engineering
Senior Full Stack Developer,Redwood Systems,"Chicago, IL",Part-time,"PostgreSQL, Angular, Hexagonal Architecture, Mentoring",116735,134250,Software Engineering
Senior Frontend Engineer,Windemere Works,"Portland, OR",Full-time,"Accessibility (WCAG), Angular, JavaScript, Tailwind CSS, GraphQL Client (Apollo), Team Leadership, Progressive Web Apps",111894,142947,Software Engineering
Senior Frontend Developer,Windemere Platforms,"San Francisco, CA",Full-time,"JavaScript, Problem Solving, jQuery, Material UI",105464,140899,Software Engineering
Senior Android Engineer,Vertex Platforms,"Chicago, IL",Full-time,"Android Development, REST API Design, Jetpack Compose, Mobile CI/CD",119503,148918,Software Engineering
Senior Frontend Engineer,Gullhaven Platforms,"Bengaluru, India",Full-time,"Continuous Integration, HTML, Tailwind CSS, Next.js",104247,148119,Software Engineering
Junior Frontend Developer,Copperbend Systems,Remote,Full-time,"Next.js, Redux, GraphQL Client (Apollo), jQuery, Webpack, Progressive Web Apps, Cross-browser Compatibility, Sass",58188,69820,Software Engineering
Junior Frontend Engineer,Harborline Platforms,Singapore,Full-time,"Angular, Technical Writing, Webpack",57902,77024,Software Engineering
Intern Android Engineer,Amber Systems,Remote,Internship,"Kotlin, Mobile App Architecture, Git, REST API Design, Mobile CI/CD",22436,33790,Software Engineering
Software Developer,Copperbend Systems,"Berlin, Germany",Contract,"Figma, Progressive Web Apps, gRPC, PostgreSQL, Express.js, Tailwind CSS",77097,107796,Software Engineering
Senior Frontend Developer,Silverbrook Platforms,"Dublin, Ireland",Contract,"jQuery, GraphQL Client (Apollo), Cross-browser Compatibility, Responsive Design, CSS, Jest, Bootstrap, Progressive Web Apps",101255,143273,Software Engineering
Junior Frontend Developer,Harborline Platforms,"New York, NY",Full-time,"Redux, Material UI, CSS, Sass, React, Next.js, Figma, Team Leadership",58250,78377,Software Engineering
Frontend Developer,Quartzline Platforms,"Chicago, IL",Full-time,"Next.js, Bootstrap, Vue.js, Accessibility (WCAG), TypeScript, Team Leadership",83392,100059,Software Engineering
Lead iOS Engineer,Nova Platforms,"Seattle, WA",Full-time,"Team Leadership, Mobile Performance Optimization, Mobile App Architecture, Objective-C, REST API Design, Push Notifications, SwiftUI",130948,163352,Software Engineering
Senior Frontend Developer,Cascadia Systems,"San Francisco, CA",Full-time,"Cross-browser Compatibility, GraphQL Client (Apollo), Team Leadership, Storybook, Bootstrap, Material UI, Tailwind CSS",121336,148774,Software Engineering
Intern Mobile Engineer,Cinderfall Systems,"Seattle, WA",Internship,"Kotlin Multiplatform, Mobile CI/CD, React Native, Mobile Performance Optimization, Cross-platform Development, Mobile App Architecture, Dart, REST API Design",20663,36452,Software Engineering
Junior Backend Engineer,Redwood Systems,"Denver, CO",Full-time,"Amazon Web Services, C#, Message Queues (RabbitMQ), ASP.NET, FastAPI",64667,75912,Software Engineering
Lead Frontend Engineer,Wrenfield Systems,"Dublin, Ireland",Full-time,"Vue.js, Accessibility (WCAG), GraphQL Client (Apollo), Tailwind CSS, Angular, Vite, Figma",134319,159324,Software Engineering
Intern Frontend Developer,Foxglove Platforms,"Dublin, Ireland",Internship,"Bootstrap, redux, Team Leadership, Webpack, TypeScript",22752,36824,Software Engineering
Senior Android Engineer,Lattice Platforms,"San Francisco, CA",Full-time,"Mobile CI/CD, App Store Optimization, kotlin, Domain-Driven Design",101961,142217,Software Engineering
Intern Android Engineer,Hollowreach Platforms,"Bengaluru, India",Internship,"Kotlin, App Store Optimization, Android Studio, Push Notifications, REST API Design, Jetpack Compose, Mobile CI/CD",20254,37522,Software Engineering
Intern Full Stack Engineer,Cascadia Systems,"New York, NY",Internship,"Webpack, REST API Design, Kubernetes, NestJS",20268,39944,Software Engineering
Lead Full Stack Engineer,Nova Platforms,"Seattle, WA",Full-time,"MySQL, Django, Java, Amazon Web Services, Distributed Systems, Spring Boot",132640,174175,Software Engineering
Senior Full Stack Developer,Palisade Platforms,"New York, NY",Contract,"Jest, Next.js, Technical Writing, Redis, Node.js, Figma",104561,141926,Software Engineering
Senior Frontend Engineer,Nova Systems,Remote,Full-time,"Svelte, Progressive Web Apps, Bootstrap, Material UI, GraphQL Client (Apollo)",115899,143672,Software Engineering
Lead Backend Developer,Driftwood Systems,Remote,Full-time,"MongoDB, Message Queues (RabbitMQ), Ruby on Rails, GraphQL",130323,174535,Software Engineering
"Engineering Manager, Mobile",Copperbend Platforms,"Chicago, IL",Full-time,"Push Notifications, Hexagonal Architecture, Objective-C, Mobile App Architecture, Mobile Performance Optimization, Swift",121051,158652,Software Engineering
Senior Frontend Developer,Bluepeak Systems,"Washington, DC",Full-time,"Svelte, jQuery, Bootstrap, Code Review Practices, Material UI, Figma, Angular",117647,138622,Software Engineering
Junior Frontend Developer,Skyline Platforms,"Austin, TX",Full-time,"Material UI, Code Review Practices, jQuery, React, CSS, HTML",55537,79774,Software Engineering
Mobile Developer (iOS),Brightbay Systems,"Raleigh, NC",Full-time,"App Store Optimization, Objective-C, Mobile Performance Optimization, REST API Design, Agile Methodology, Mobile CI/CD, iOS Development",91550,104081,Software Engineering
Staff Software Engineer,Harborline Platforms,"Los Angeles, CA",Full-time,"Next.js, Cross-browser Compatibility, Django, Amazon Web Services",141720,174436,Software Engineering
Senior Full Stack Developer,Copperbend Works,"Chicago, IL",Contract,"Redux, TypeScript, Kotlin, ASP.NET, Distributed Systems",103098,142721,Software Engineering
Lead Software Engineer,Crestline Systems,"Washington, DC",Contract,"Distributed Systems, Ruby, Figma, Google Cloud Platform, MongoDB",140012,162840,Software Engineering
Intern Backend Engineer,Harborline Platforms,"Atlanta, GA",Internship,"Message Queues (RabbitMQ), Distributed Systems, Ruby on Rails, Express.js, Java, NestJS, REST API Design",20524,36256,Software Engineering
Staff Frontend Engineer,Copperbend Platforms,"Chicago, IL",Contract,"Cross-browser Compatibility, Svelte, Sass, Accessibility (WCAG), Progressive Web Apps",147042,179944,Software Engineering
Staff Full Stack Engineer,Brightbay Platforms,"Seattle, WA",Full-time,"Tailwind CSS, jQuery, TypeScript, Vite, Cross-browser Compatibility",153086,176080,Software Engineering
iOS Engineer,Wrenfield Systems,"New York, NY",Contract,"REST API Design, Mobile Performance Optimization, SwiftUI, APP STORE OPTIMIZATION",86173,99152,Software Engineering
Senior Mobile Engineer,Tidefall Platforms,"Chicago, IL",Full-time,"Technical Writing, Cross-platform Development, Dart, Kotlin Multiplatform, Mobile App Architecture, Team Leadership",104881,148779,Software Engineering
Junior Mobile Developer (iOS),Meridian Systems,"Amsterdam, Netherlands",Full-time,"Agile Methodology, Objective-C, Push Notifications",55358,76863,Software Engineering
Senior Frontend Engineer,Nova Platforms,"Raleigh, NC",Contract,"Material UI, Webpack, Next.js, JavaScript, Tailwind CSS, Vue.js, Domain-Driven Design",119142,149453,Software Engineering
Principal Mobile Developer (iOS),Crestline Systems,"Austin, TX",Full-time,"Mobile CI/CD, Xcode, Mobile Performance Optimization, REST API Design",153457,172333,Software Engineering
"Engineering Manager, Backend",Fernwood Systems,Remote,Full-time,"system design, Cassandra, Ruby, Amazon Web Services, Node.js, Go, Java, Django, Cassandra",121845,154449,Software Engineering
Principal Mobile Developer (iOS),Ashgrove Works,Remote,Contract,"Xcode, Mobile Performance Optimization, Mentoring",157277,175148,Software Engineering
Senior Frontend Developer,Brightbay Platforms,"San Francisco, CA",Full-time,"Sass, Storybook, CSS, React, GraphQL Client (Apollo), Tailwind CSS, PROGRESSIVE WEB APPS, Angular",129946,149676,Software Engineering
Staff Mobile Engineer,Coral Systems,Remote,Full-time,"Team Leadership, Kotlin Multiplatform, Dart, Mobile App Architecture, Mobile CI/CD, Flutter",140851,179494,Software Engineering
Junior Backend Developer,Crestline Platforms,Remote,Full-time,"Google Cloud Platform, NestJS, FastAPI, Microsoft Azure, CI/CD Pipelines, MySQL, Ruby on Rails, REST API Design",67121,79239,Software Engineering
Senior Software Engineer,Solstice Systems,Remote,Full-time,"Redis, Go, TypeScript, Technical Writing",108519,149597,Software Engineering
Senior Mobile Engineer,Timberline Systems,Remote,Part-time,"Cross-platform Development, Mobile CI/CD, Flutter, Dart, React Native, REST API Design",113540,138892,Software Engineering
Junior Full Stack Engineer,Pinecrest Platforms,Remote,Contract,"Amazon Web Services, gRPC, Go, Ruby, Kotlin, TypeScript, Spring Boot",57490,77823,Software Engineering
Senior Mobile Developer (iOS),Skyline Platforms,"New York, NY",Full-time,"Swift, Push Notifications, REST API Design, Objective-C",100168,149866,Software Engineering
Lead Frontend Developer,Foxglove Systems,"Chicago, IL",Full-time,"Angular, Webpack, Redux, Accessibility (WCAG), Next.js",133342,169012,Software Engineering
Junior Mobile Developer (Android),Vertex Platforms,"Dublin, Ireland",Full-time,"Android Studio, Mobile Performance Optimization, Mobile App Architecture, REST API Design, Mobile CI/CD, Kotlin, Android Development",55936,65808,Software Engineering
Intern Backend Engineer,Marrow Platforms,"San Francisco, CA",Internship,"C#, Ruby on Rails, Node.js, Go, Java, MySQL",22042,35141,Software Engineering
Staff Frontend Developer,Brightbay Systems,"Washington, DC",Full-time,"Cross-browser Compatibility, Vite, Angular, Technical Writing",154813,174829,Software Engineering
Senior Frontend Engineer,Bluepeak Systems,"Los Angeles, CA",Contract,"Vite, Sass, Jest, jQuery, HTML, CSS, Responsive Design, Figma",116853,145580,Software Engineering
Junior Software Developer,Bluepeak Systems,"Boston, MA",Part-time,"Webpack, PostgreSQL, GraphQL",61440,74354,Software Engineering
Senior Android Engineer,Emberfield Systems,"Toronto, ON",Full-time,"Mentoring, Mobile CI/CD, Team Leadership, Mobile Performance Optimization",100091,149912,Software Engineering
Intern Mobile Engineer,Brightbay Systems,"Washington, DC",Internship,"Flutter, Dart, Mobile CI/CD, Mobile App Architecture, Mobile Performance Optimization",25565,38900,Software Engineering
Principal Software Developer,Cobalt Platforms,"Austin, TX",Full-time,"Python, Responsive Design, Cassandra, Progressive Web Apps",159547,187946,Software Engineering
Principal Backend Developer,Ironwood Platforms,"Raleigh, NC",Contract,"CI/CD Pipelines, Express.js, Event-Driven Architecture, C#",153682,184765,Software Engineering
Senior Mobile Developer (Android),Copperbend Systems,"Portland, OR",Part-time,"Kotlin, Mobile App Architecture, Mobile Performance Optimization, Jetpack Compose, Load Balancing, Push Notifications, Android Studio",102647,137798,Software Engineering
Senior Mobile Engineer,Emberfield Systems,"Bengaluru, India",Part-time,"Domain-Driven Design, Mobile CI/CD, React Native, Problem Solving",104451,139893,Software Engineering
Mobile Developer (iOS),Cascadia Platforms,"Austin, TX",Part-time,"Push Notifications, Xcode, REST API Design, SwiftUI",78815,106607,Software Engineering
Frontend Engineer,Onyx Systems,"Portland, OR",Full-time,"CSS, TypeScript, Webpack, Jest, GraphQL Client (Apollo)",89161,106557,Software Engineering
Junior Software Engineer,Wrenfield Systems,"Dublin, Ireland",Full-time,"Technical Writing, CI/CD Pipelines, Distributed Systems, Amazon Web Services, Svelte, Docker, MongoDB, Ruby",65845,75939,Software Engineering
Junior Android Engineer,Cascadia Systems,Remote,Part-time,"Mobile App Architecture, Push Notifications, Android Studio, Mobile Performance Optimization, Mobile CI/CD",62745,78062,Software Engineering
Senior Full Stack Engineer,Cobalt Systems,"Chicago, IL",Full-time,"Docker, Webpack, jQuery",115859,133489,Software Engineering
Lead Mobile Engineer,Bluepeak Platforms,"Boston, MA",Full-time,"Load Balancing, React Native, Mobile App Architecture",140262,166977,Software Engineering
Junior Mobile Developer (Android),Cobalt Platforms,Remote,Full-time,"Git, Push Notifications, mobile app architecture",56374,72081,Software Engineering
Senior Android Engineer,Emberfield Systems,"Boston, MA",Full-time,"Jetpack Compose, Kotlin, Mobile Performance Optimization, Push Notifications",108762,146693,Software Engineering
Junior Android Engineer,Coral Platforms,"Chicago, IL",Full-time,"Mobile App Architecture, Team Leadership, Jetpack Compose",56071,74215,Software Engineering
Senior Software Developer,Pinecrest Systems,Remote,Full-time,"Microservices Architecture, Responsive Design, ASP.NET, Flask, Next.js",109556,148794,Software Engineering
Junior Full Stack Developer,Harborline Platforms,"Denver, CO",Contract,"Node.js, Microsoft Azure, Cassandra, Accessibility (WCAG), Material UI, Jest, FastAPI, DynamoDB",58374,78890,Software Engineering
Junior iOS Engineer,Quartzline Systems,"San Francisco, CA",Full-time,"Push Notifications, Mobile App Architecture, App Store Optimization, Xcode, Mobile CI/CD, REST API Design, Objective-C, Mobile Performance Optimization",62224,77514,Software Engineering
Senior Software Engineer,Vertex Platforms,Remote,Part-time,"Google Cloud Platform, GraphQL, PostgreSQL, Svelte, gRPC, Cross-browser Compatibility, Responsive Design",111537,132880,Software Engineering
Staff iOS Engineer,Granite Systems,"Austin, TX",Full-time,"System Design, iOS Development, Objective-C, REST API Design, Mobile Performance Optimization, Mobile CI/CD",147584,168077,Software Engineering
Junior Backend Engineer,Northwind Platforms,"Raleigh, NC",Full-time,"Ruby, gRPC, DynamoDB, Microsoft Azure, MongoDB",66733,75879,Software Engineering
Intern Backend Developer,Silverbrook Platforms,"Portland, OR",Internship,"Flask, System Design, Go, DynamoDB, NestJS",22455,34693,Software Engineering
Junior Android Engineer,Cobalt Platforms,"New York, NY",Full-time,"Kotlin, Android Development, Mobile App Architecture, Android Studio, Mobile CI/CD, Push Notifications, Jetpack Compose",55458,79859,Software Engineering
Full Stack Engineer,Foxglove Systems,"Boston, MA",Contract,"REST API Design, TypeScript, Cassandra, Message Queues (RabbitMQ), Ruby on Rails, Google Cloud Platform",90571,106279,Software Engineering
Principal Full Stack Engineer,Copperbend Systems,Remote,Full-time,"TypeScript, React, Load Balancing, Next.js, REST API Design, Webpack",173743,187885,Software Engineering
Junior Android Engineer,Gullhaven Systems,"Dublin, Ireland",Full-time,"REST API Design, App Store Optimization, Kotlin, Mobile Performance Optimization, Code Review Practices",59435,79622,Software Engineering
Lead Software Developer,Cobalt Platforms,"Los Angeles, CA",Full-time,"HTML, Java, CSS, Flask",144848,168845,Software Engineering
Engineering Manager,Onyx Systems,"Sydney, Australia",Full-time,"Code Review Practices, Jest, NestJS, System Design, Material UI, Sass, DynamoDB, FastAPI",136284,164687,Software Engineering
Lead Full Stack Developer,Crestline Systems,"Boston, MA",Full-time,"Redux, Microservices Architecture, Git, Accessibility (WCAG)",135831,154964,Software Engineering
Lead Mobile Engineer,Driftwood Systems,Remote,Full-time,"Mentoring, Kotlin Multiplatform, Flutter, Mobile App Architecture",132796,172107,Software Engineering
Senior Software Engineer,Marrow Platforms,"London, UK",Full-time,"Node.js, Technical Writing, Responsive Design, Cassandra, System Design, Storybook, ASP.NET, CSS",100621,149472,Software Engineering
Junior Software Engineer,Hollowreach Platforms,Remote,Full-time,"DynamoDB, PostgreSQL, Angular, Docker, Python, Redux",55747,72793,Software Engineering
Principal Frontend Developer,Silverbrook Works,"Washington, DC",Full-time,"Accessibility (WCAG), Vite, Storybook, JavaScript, Jest",165468,189026,Software Engineering
Intern Full Stack Developer,Redwood Systems,"Seattle, WA",Internship,"scrum, Microsoft Azure, GraphQL Client (Apollo), Google Cloud Platform, Figma, Amazon Web Services",21825,29928,Software Engineering
Intern Mobile Developer (iOS),Wrenfield Systems,"Atlanta, GA",Internship,"REST API Design, Push Notifications, iOS Development, Swift",26573,36291,Software Engineering
Principal Android Engineer,Ironwood Platforms,"San Francisco, CA",Full-time,"Jetpack Compose, Mobile CI/CD, Mobile App Architecture, Communication, Distributed Systems, App Store Optimization",154043,189393,Software Engineering
Junior Full Stack Engineer,Tidefall Systems,Remote,Full-time,"Scrum, Cross-browser Compatibility, Bootstrap, REST API Design, Jest, Message Queues (RabbitMQ)",55602,74962,Software Engineering
Senior Software Engineer,Driftwood Systems,Remote,Full-time,"Java, MongoDB, Redux, Google Cloud Platform, Python, Responsive Design",106990,146669,Software Engineering
Staff Backend Developer,Brightbay Systems,"Austin, TX",Full-time,"Node.js, Amazon Web Services, MongoDB, REST API Design, PostgreSQL, Express.js",149633,183118,Software Engineering
Staff Backend Developer,Nova Platforms,"Chicago, IL",Full-time,"C#, Amazon Web Services, Java, Ruby on Rails, System Design, Docker, Message Queues (RabbitMQ)",153128,173446,Software Engineering
Mobile Engineer,Ironwood Platforms,"Sydney, Australia",Full-time,"Flutter, Mobile CI/CD, Mobile Performance Optimization",77651,104617,Software Engineering
Intern Mobile Developer (iOS),Ashgrove Platforms,"Los Angeles, CA",Internship,"objective-c, Mobile App Architecture, Xcode",21081,34696,Software Engineering
Junior Frontend Engineer,Quartzline Systems,Remote,Full-time,"JavaScript, TYPESCRIPT, Bootstrap, Jest, Svelte",67212,78039,Software Engineering
Frontend Engineer,Meridian Platforms,Remote,Full-time,"Vue.js, Tailwind CSS, React, Git, Bootstrap, Figma",80258,105747,Software Engineering
Frontend Developer,Coral Platforms,"Denver, CO",Full-time,"Storybook, GraphQL Client (Apollo), Cross-browser Compatibility, Next.js, Progressive Web Apps",75944,109855,Software Engineering
Senior Software Developer,Ashgrove Platforms,"Dublin, Ireland",Contract,"CI/CD Pipelines, Google Cloud Platform, Jest",104306,138642,Software Engineering
Lead Mobile Developer (iOS),Hollowreach Works,"Boston, MA",Full-time,"REST API Design, Mobile CI/CD, Mobile Performance Optimization, SwiftUI, Push Notifications, Objective-C, iOS Development",134859,174536,Software Engineering
Mobile Developer (Android),Emberfield Platforms,"Boston, MA",Full-time,"REST API DESIGN, Android Studio, Push Notifications, Android Development",75438,106608,Software Engineering
Junior Frontend Engineer,Redwood Systems,"Atlanta, GA",Full-time,"Tailwind CSS, Communication, Jest, Angular, Responsive Design, Material UI",67682,78555,Software Engineering
Senior Mobile Developer (Android),Brightbay Systems,Remote,Full-time,"Jetpack Compose, Team Leadership, Android Studio, Code Review Practices, REST API Design, Kotlin",105690,141651,Software Engineering
Senior iOS Engineer,Quartzline Systems,Singapore,Full-time,"Push Notifications, Swift, Hexagonal Architecture, Mobile CI/CD, App Store Optimization, Mentoring",109180,136847,Software Engineering
Lead Full Stack Engineer,Gullhaven Platforms,"Seattle, WA",Full-time,"GraphQL, Next.js, Sass, Redux, Flask, Cross-browser Compatibility, Code Review Practices",132405,151204,Software Engineering
Senior Software Developer,Quartzline Platforms,"Berlin, Germany",Full-time,"Microsoft Azure, HTML, Django",106277,142077,Software Engineering
Intern Backend Engineer,Vertex Platforms,"Washington, DC",Internship,"MongoDB, ruby on rails, Google Cloud Platform, Java, Node.js, Kotlin",20439,34567,Software Engineering
Senior Software Engineer,Tidefall Systems,"Raleigh, NC",Full-time,"Docker, Team Leadership, MongoDB, DynamoDB, React",101366,148278,Software Engineering
Lead Frontend Engineer,Silverbrook Works,"Amsterdam, Netherlands",Full-time,"Jest, Mentoring, Vue.js, Storybook, Bootstrap, System Design",145270,168937,Software Engineering
Lead Software Developer,Gullhaven Systems,Singapore,Full-time,"Git, Next.js, Amazon Web Services",130651,174124,Software Engineering
Staff Backend Engineer,Thistledown Systems,"London, UK",Full-time,"Cassandra, MongoDB, Kotlin, Docker, Ruby on Rails",154102,184287,Software Engineering
Intern Full Stack Engineer,Hollowreach Works,"San Francisco, CA",Internship,"JavaScript, gRPC, MySQL, HTML, Distributed Systems, Angular, Accessibility (WCAG)",27524,36211,Software Engineering
Staff Backend Engineer,Redwood Platforms,Remote,Full-time,"MySQL, Node.js, Continuous Integration, Distributed Systems, Docker",140017,184568,Software Engineering
Full Stack Engineer,Granite Systems,"Austin, TX",Full-time,"FastAPI, CSS, Kotlin, NestJS, Continuous Integration, Ruby on Rails, Docker, REST API Design",78766,108273,Software Engineering
Senior Mobile Developer (Android),Palisade Platforms,Remote,Full-time,"Kotlin, App Store Optimization, Mobile Performance Optimization, Jetpack Compose, Android Studio, Mobile App Architecture, Mentoring",116560,143997,Software Engineering
Intern Mobile Engineer,Fernwood Systems,"Bengaluru, India",Internship,"REST API Design, Cross-platform Development, Mobile CI/CD",27621,35381,Software Engineering
Staff Backend Developer,Lattice Systems,"San Francisco, CA",Full-time,"NestJS, Spring Boot, PostgreSQL, Kotlin, MongoDB, Ruby",150625,173468,Software Engineering
Senior Mobile Developer (Android),Copperbend Platforms,"Seattle, WA",Full-time,"REST API Design, Push Notifications, Domain-Driven Design, Problem Solving, Kotlin, Mobile App Architecture",109238,131687,Software Engineering
Senior iOS Engineer,Marrow Systems,Remote,Part-time,"Mobile Performance Optimization, App Store Optimization, Distributed Systems, Problem Solving, iOS Development, Objective-C, REST API Design",101999,148915,Software Engineering
Junior Frontend Developer,Pinecrest Systems,"Portland, OR",Contract,"Accessibility (WCAG), Angular, Vue.js, Next.js, Storybook, Responsive Design, Figma",56732,73602,Software Engineering
Lead Android Engineer,Meridian Systems,Remote,Full-time,"Mentoring, Kotlin, Android Studio, Code Review Practices, Mobile App Architecture, Jetpack Compose",130778,172607,Software Engineering
Principal Software Engineer,Wrenfield Systems,Singapore,Full-time,"Responsive Design, MongoDB, REST API Design, gRPC, Sass, Express.js",172214,187136,Software Engineering
Junior Android Engineer,Skyline Platforms,"New York, NY",Full-time,"Jetpack Compose, Android Development, Push Notifications, Mobile CI/CD, Mobile App Architecture",55219,76784,Software Engineering
Lead Frontend Developer,Thistledown Systems,"Boston, MA",Contract,"GraphQL Client (Apollo), Git, Distributed Systems",131095,168082,Software Engineering
Junior Mobile Engineer,Crestline Systems,Remote,Full-time,"Kotlin Multiplatform, Cross-platform Development, Mobile App Architecture, REST API Design, React Native, Flutter, Mobile CI/CD",63107,74264,Software Engineering
Full Stack Engineer,Palisade Platforms,Remote,Full-time,"CI/CD Pipelines, Material UI, Redis, DynamoDB, PostgreSQL",76804,96180,Software Engineering
Junior Mobile Developer (iOS),Gullhaven Platforms,"San Francisco, CA",Full-time,"Xcode, Objective-C, Mobile Performance Optimization, App Store Optimization, REST API Design, Push Notifications, Mobile App Architecture, iOS Development",55305,78577,Software Engineering
Principal Backend Developer,Solstice Systems,Remote,Full-time,"C#, Distributed Systems, Message Queues (RabbitMQ), Mentoring, FastAPI",164905,187249,Software Engineering
Lead iOS Engineer,Gullhaven Platforms,"Toronto, ON",Full-time,"Mobile CI/CD, REST API Design, Xcode, Domain-Driven Design, Hexagonal Architecture, iOS Development, Scrum",141158,172804,Software Engineering
Intern Mobile Developer (Android),Slatestone Platforms,"Denver, CO",Internship,"Mobile CI/CD, Android Studio, Android Development, Mobile App Architecture, Push Notifications, Jetpack Compose",23942,32754,Software Engineering
Junior Frontend Developer,Ashgrove Platforms,"Bengaluru, India",Full-time,"Sass, Tailwind CSS, GraphQL Client (Apollo), Webpack, Jest, Next.js, Storybook",55813,78693,Software Engineering
Senior Backend Engineer,Timberline Platforms,"Bengaluru, India",Full-time,"Django, Message Queues (RabbitMQ), PostgreSQL, Spring Boot, Flask, Redis",117861,138096,Software Engineering
Junior Android Engineer,Lattice Systems,"Washington, DC",Full-time,"Mobile Performance Optimization, App Store Optimization, Android Studio, Android Development",55490,66236,Software Engineering
Mobile Developer (Android),Skyline Systems,"Los Angeles, CA",Part-time,"Mobile App Architecture, App Store Optimization, Mobile Performance Optimization, Android Studio, Code Review Practices, Jetpack Compose",77896,96797,Software Engineering
Senior Full Stack Developer,Quartzline Systems,"Denver, CO",Contract,"Caching Strategies, Svelte, GraphQL, GraphQL Client (Apollo), Django, Distributed Systems",101688,149241,Software Engineering
Principal iOS Engineer,Hollowreach Platforms,"Boston, MA",Full-time,"Hexagonal Architecture, Mobile Performance Optimization, App Store Optimization, Mobile App Architecture, Push Notifications, Swift, Objective-C",172173,188755,Software Engineering
Intern Software Developer,Quartzline Systems,"Atlanta, GA",Internship,"NestJS, Scrum, MySQL",21403,34200,Software Engineering
Lead Software Developer,Silverbrook Platforms,"Seattle, WA",Full-time,"Tailwind CSS, Django, Progressive Web Apps, GraphQL Client (Apollo), REST API Design, Angular, Bootstrap",135280,171331,Software Engineering
Frontend Developer,Silverbrook Platforms,"Washington, DC",Part-time,"Material UI, GraphQL Client (Apollo), Svelte",78658,102998,Software Engineering
Principal Frontend Engineer,Vertex Systems,"Boston, MA",Contract,"Redux, GraphQL Client (Apollo), Progressive Web Apps, Accessibility (WCAG), Jest",168186,184800,Software Engineering
Senior Frontend Engineer,Emberfield Systems,"San Francisco, CA",Part-time,"React, Angular, vite, Storybook, Progressive Web Apps, vite",110391,137390,Software Engineering
Junior Backend Engineer,Foxglove Systems,"Portland, OR",Contract,"Java, Google Cloud Platform, Ruby",60553,72589,Software Engineering
iOS Engineer,Cobalt Systems,"Bengaluru, India",Full-time,"Push Notifications, App Store Optimization, Xcode, iOS Development",75148,109975,Software Engineering
Lead Software Developer,Lattice Platforms,"New York, NY",Contract,"Redux, Django, Message Queues (RabbitMQ), FastAPI",138961,168554,Software Engineering
Backend Developer,Hollowreach Works,"Atlanta, GA",Full-time,"MongoDB, Express.js, Microsoft Azure, REST API Design, MySQL, distributed systems",91781,106390,Software Engineering
Junior Full Stack Developer,Wrenfield Platforms,"San Francisco, CA",Full-time,"Event-Driven Architecture, Java, Progressive Web Apps, Python, Vite, Go, Django, Bootstrap",62457,75852,Software Engineering
Intern Software Engineer,Ashgrove Systems,"Washington, DC",Internship,"Mentoring, Responsive Design, React",26510,35226,Software Engineering
Junior Android Engineer,Hollowreach Platforms,"Bengaluru, India",Full-time,"Android Development, App Store Optimization, Android Studio, Jetpack Compose, Kotlin",56690,79112,Software Engineering
Junior Android Engineer,Brightbay Platforms,"Austin, TX",Full-time,"Kotlin, REST API Design, Mobile Performance Optimization",61952,73679,Software Engineering
Senior iOS Engineer,Quartzline Platforms,Remote,Full-time,"App Store Optimization, Problem Solving, REST API Design, Domain-Driven Design",105531,130998,Software Engineering
Software Developer,Driftwood Systems,"New York, NY",Full-time,"Ruby, Vue.js, Django, CI/CD Pipelines, System Design, Cross-browser Compatibility, Google Cloud Platform",78479,108454,Software Engineering
Staff Software Engineer,Coral Systems,"Denver, CO",Full-time,"DynamoDB, PostgreSQL, Go, TypeScript, MySQL, Domain-Driven Design, Storybook, JavaScript",143329,180764,Software Engineering
Senior Backend Engineer,Granite Systems,"Chicago, IL",Contract,"CI/CD Pipelines, Redis, Ruby, Java, FastAPI, Express.js, Google Cloud Platform",115824,149466,Software Engineering
Mobile Developer (iOS),Pinecrest Systems,"Portland, OR",Full-time,"SwiftUI, Git, Mobile App Architecture, Swift, iOS Development",75360,106851,Software Engineering
Full Stack Developer,Pinecrest Systems,"Chicago, IL",Contract,"Technical Writing, Accessibility (WCAG), Bootstrap, Microservices Architecture",75447,109305,Software Engineering
Senior Mobile Developer (Android),Silverbrook Works,"Seattle, WA",Contract,"Load Balancing, Kotlin, Continuous Integration, Android Studio, App Store Optimization, Android Development",100000,141516,Software Engineering
Staff Frontend Engineer,Vertex Systems,Remote,Contract,"Cross-browser Compatibility, Bootstrap, Webpack",143343,180005,Software Engineering
Lead Backend Engineer,Silverbrook Platforms,Remote,Full-time,"FastAPI, Microservices Architecture, Microsoft Azure",135387,166355,Software Engineering
Junior iOS Engineer,Fernwood Platforms,"New York, NY",Full-time,"Mobile Performance Optimization, App Store Optimization, Mobile CI/CD, Swift, SwiftUI",61816,73048,Software Engineering
Intern Android Engineer,Nova Systems,"Sydney, Australia",Internship,"REST API Design, Mobile Performance Optimization, App Store Optimization, Jetpack Compose, Mobile CI/CD, Android Development, Kotlin",20174,39905,Software Engineering
Lead iOS Engineer,Fernwood Systems,"London, UK",Full-time,"Xcode, iOS Development, Load Balancing, Mobile Performance Optimization, Objective-C, REST API Design, Mobile CI/CD, App Store Optimization",141711,160798,Software Engineering
Lead Backend Engineer,Quartzline Platforms,Remote,Full-time,"REST API Design, Java, Event-Driven Architecture, System Design, Spring Boot, Distributed Systems, FastAPI, Redis",144076,174087,Software Engineering
Software Developer,Gullhaven Systems,"Amsterdam, Netherlands",Full-time,"PostgreSQL, Vite, DynamoDB, MongoDB, Figma, Responsive Design",77021,108179,Software Engineering
Senior Full Stack Engineer,Windemere Works,"Washington, DC",Full-time,"DynamoDB, JavaScript, Redis, REST API Design, Bootstrap",100656,149950,Software Engineering
Senior Full Stack Engineer,Wrenfield Platforms,Remote,Full-time,"FastAPI, ASP.NET, Webpack, Angular, Accessibility (WCAG)",105294,148090,Software Engineering
"Engineering Manager, Mobile",Vertex Systems,"New York, NY",Full-time,"Xcode, Hexagonal Architecture, App Store Optimization, iOS Development, REST API Design, Git, Mentoring, Swift",122313,169721,Software Engineering
Intern Android Engineer,Foxglove Systems,"Portland, OR",Internship,"Mobile App Architecture, App Store Optimization, Push Notifications, Android Development, Mobile CI/CD, REST API Design",20398,39438,Software Engineering
Junior Backend Developer,Timberline Platforms,"Portland, OR",Full-time,"Ruby on Rails, Cassandra, Continuous Integration, NestJS, Express.js, Flask",56973,75363,Software Engineering
"Engineering Manager, Mobile",Brightbay Platforms,"Los Angeles, CA",Full-time,"Mentoring, Mobile Performance Optimization, React Native",122588,160962,Software Engineering
Senior Software Developer,Solstice Systems,"Raleigh, NC",Full-time,"C#, Message Queues (RabbitMQ), DynamoDB, REST API Design, Go, Redux, jQuery, Google Cloud Platform",115405,144583,Software Engineering
Junior Full Stack Engineer,Amber Platforms,Remote,Contract,"ASP.NET, Python, Node.js, FastAPI, Redis, MongoDB",55917,79145,Software Engineering
Junior Frontend Developer,Tidefall Platforms,"Boston, MA",Full-time,"HTML, TypeScript, REDUX, Webpack, Responsive Design, Storybook, Progressive Web Apps, Svelte",56231,68442,Software Engineering
Intern iOS Engineer,Cascadia Systems,"Atlanta, GA",Internship,"Mobile App Architecture, REST API Design, Mobile CI/CD, Swift, SwiftUI",21489,37722,Software Engineering
Senior Backend Developer,Lattice Systems,Remote,Full-time,"Team Leadership, gRPC, Caching Strategies, Ruby",100701,147958,Software Engineering
Senior Mobile Engineer,Wrenfield Platforms,"Raleigh, NC",Full-time,"Cross-platform Development, REST API Design, Kotlin Multiplatform, Mobile CI/CD, Dart, Mobile Performance Optimization, Load Balancing, Mobile App Architecture",111692,136839,Software Engineering
Intern Full Stack Engineer,Copperbend Systems,"Atlanta, GA",Internship,"ASP.NET, REST API Design, Git, JavaScript, FASTAPI, Message Queues (RabbitMQ)",22149,35752,Software Engineering
Intern Mobile Developer (Android),Fernwood Platforms,Remote,Internship,"Mobile App Architecture, REST API Design, Jetpack Compose, Android Studio, Push Notifications, Android Development, Mobile Performance Optimization",21015,36524,Software Engineering
Junior Backend Developer,Palisade Systems,"Atlanta, GA",Full-time,"MySQL, Ruby, System Design",56048,66621,Software Engineering
Engineering Manager,Tidefall Systems,"Chicago, IL",Full-time,"Distributed Systems, Go, Django, Bootstrap, Express.js",123624,148320,Software Engineering
Staff Frontend Engineer,Windemere Works,"Los Angeles, CA",Full-time,"HTML, JS, Figma, Mentoring, Accessibility (WCAG), Next.js, React",140960,170799,Software Engineering
Staff Mobile Engineer,Redwood Platforms,"Washington, DC",Full-time,"Mobile Performance Optimization, Load Balancing, Hexagonal Architecture, Flutter, Mobile CI/CD, Kotlin Multiplatform, Cross-platform Development",145318,183398,Software Engineering
Intern Mobile Developer (iOS),Brightbay Platforms,"Toronto, ON",Internship,"SwiftUI, Mobile Performance Optimization, Agile Methodology",21631,33361,Software Engineering
Junior Backend Engineer,Thistledown Platforms,"Los Angeles, CA",Full-time,"Caching Strategies, REST API Design, Ruby",60666,79990,Software Engineering
Software Developer,Amber Systems,"Berlin, Germany",Full-time,"PostgreSQL, Communication, Next.js, Sass",75179,106646,Software Engineering
Junior Software Engineer,Hollowreach Systems,"Atlanta, GA",Full-time,"System Design, Event-Driven Architecture, Angular, CSS, Go, JavaScript",55147,79758,Software Engineering
Mobile Developer (Android),Onyx Systems,Remote,Full-time,"App Store Optimization, Jetpack Compose, Mobile CI/CD, Android Studio, Android Development, REST API Design, Mobile App Architecture, Push Notifications",80853,108502,Software Engineering
Senior Software Engineer,Cinderfall Systems,Remote,Contract,"CSS, Material UI, GraphQL, Sass, Jest, Ruby on Rails, Responsive Design, Redis",108313,135017,Software Engineering
Staff Software Developer,Coral Platforms,Remote,Full-time,"React, FastAPI, Redux, Kubernetes, JAVA",164343,182909,Software Engineering
Senior Mobile Developer (Android),Silverbrook Platforms,"Atlanta, GA",Full-time,"Android Development, Kotlin, REST API Design",103297,146654,Software Engineering
Mobile Developer (iOS),Hollowreach Platforms,"Amsterdam, Netherlands",Contract,"Swift, REST API Design, Mobile App Architecture, Objective-C, Mobile Performance Optimization, Mobile CI/CD, App Store Optimization",81214,108398,Software Engineering
Junior Android Engineer,Vertex Platforms,"Los Angeles, CA",Full-time,"Kotlin, Android Studio, Mobile CI/CD, Mobile App Architecture, Jetpack Compose, REST API Design, Android Development",55093,79934,Software Engineering
Mobile Developer (Android),Basalt Platforms,"Amsterdam, Netherlands",Full-time,"Kotlin, Mobile CI/CD, Mobile App Architecture, Mobile Performance Optimization, Communication",78268,108319,Software Engineering
Senior Software Engineer,Marrow Systems,"New York, NY",Contract,"Cassandra, Webpack, Cross-browser Compatibility, FastAPI, Caching Strategies, TypeScript, PostgreSQL, Bootstrap",124496,149079,Software Engineering
Backend Engineer,Onyx Platforms,Remote,Full-time,"Java, Flask, Agile Methodology, Distributed Systems, REST API Design",75642,109798,Software Engineering
Intern Backend Developer,Onyx Systems,Remote,Internship,"Microsoft Azure, MySQL, Go, Message Queues (RabbitMQ), Python",26143,36705,Software Engineering
Lead Frontend Developer,Hollowreach Works,"Portland, OR",Full-time,"SASS, Progressive Web Apps, GraphQL Client (Apollo), Webpack, Team Leadership, Webpack",134182,156529,Software Engineering
Backend Engineer,Copperbend Works,"San Francisco, CA",Contract,"gRPC, MySQL, Microsoft Azure, GraphQL, Flask, CI/CD Pipelines",79305,91936,Software Engineering
iOS Engineer,Palisade Systems,"San Francisco, CA",Full-time,"Mobile App Architecture, Objective-C, Push Notifications, Swift, REST API Design",84408,98508,Software Engineering
Senior Frontend Engineer,Palisade Systems,"London, UK",Full-time,"jQuery, Vue.js, JavaScript, GraphQL Client (Apollo), Progressive Web Apps",104115,148027,Software Engineering
Junior Software Developer,Cobalt Systems,Remote,Full-time,"GraphQL, MySQL, Vite, GraphQL Client (Apollo), CSS, Progressive Web Apps",55888,71184,Software Engineering
Frontend Engineer,Palisade Platforms,"Sydney, Australia",Part-time,"Vite, Storybook, Scrum, Progressive Web Apps",85340,102543,Software Engineering
Senior Frontend Developer,Slatestone Systems,"Seattle, WA",Part-time,"progressive web apps, TypeScript, Jest, Sass, Vite, CSS, HTML, Vue.js, Jest",104288,143687,Software Engineering
Full Stack Engineer,Foxglove Systems,"Denver, CO",Full-time,"Docker, FastAPI, Event-Driven Architecture, Message Queues (RabbitMQ), Amazon Web Services, Storybook, Cassandra",78727,109715,Software Engineering
Senior Mobile Developer (Android),Tidefall Platforms,"Austin, TX",Contract,"Push Notifications, Mobile Performance Optimization, Jetpack Compose, Mobile CI/CD, Mentoring, Android Studio",100003,149969,Software Engineering
Junior Frontend Developer,Meridian Platforms,Remote,Full-time,"Progressive Web Apps, Material UI, Next.js, CSS",57660,78019,Software Engineering
Intern Android Engineer,Northwind Platforms,"Dublin, Ireland",Internship,"Mobile Performance Optimization, App Store Optimization, Jetpack Compose",20526,39199,Software Engineering
Full Stack Engineer,Lattice Systems,"Toronto, ON",Contract,"gRPC, MySQL, GraphQL Client (Apollo), Next.js, C#, Amazon Web Services, Kotlin",75256,92822,Software Engineering
Intern iOS Engineer,Skyline Platforms,"Bengaluru, India",Internship,"Swift, Objective-C, SwiftUI, Mobile Performance Optimization, REST API Design, Push Notifications",28373,39577,Software Engineering
Intern Mobile Engineer,Vertex Platforms,"Portland, OR",Internship,"Cross-platform Development, Mobile CI/CD, REST API Design",23291,38277,Software Engineering
Junior Backend Engineer,Tidefall Platforms,"Austin, TX",Contract,"CI/CD Pipelines, Java, Message Queues (RabbitMQ), Scrum",57242,79137,Software Engineering
Backend Engineer,Quartzline Systems,"Denver, CO",Full-time,"Cassandra, Node.js, Event-Driven Architecture, MongoDB, Redis, Communication, gRPC",75767,107416,Software Engineering
Senior Backend Engineer,Timberline Platforms,"Denver, CO",Full-time,"MySQL, Ruby, Python, Caching Strategies, Ruby on Rails",113064,132759,Software Engineering
Senior Software Developer,Timberline Platforms,"Boston, MA",Full-time,"React, Jest, Kotlin, Go, Tailwind CSS, System Design, Event-Driven Architecture",118513,149041,Software Engineering
Backend Engineer,Gullhaven Platforms,"Toronto, ON",Full-time,"Amazon Web Services, ASP.NET, Ruby, Java, Python, GraphQL",87391,108999,Software Engineering
Intern Full Stack Developer,Amber Systems,Remote,Internship,"Java, Distributed Systems, Team Leadership, Sass, jQuery",22133,38845,Software Engineering
Staff iOS Engineer,Solstice Systems,Remote,Full-time,"Mobile CI/CD, Mobile Performance Optimization, SwiftUI, Objective-C",140973,170882,Software Engineering
Junior Backend Engineer,Tidefall Platforms,Remote,Full-time,"Flask, Event-Driven Architecture, Java, Microsoft Azure, Kubernetes, Code Review Practices, REST API Design, PostgreSQL",59389,78051,Software Engineering
Junior Frontend Engineer,Amber Platforms,Remote,Full-time,"Figma, Vite, Agile Methodology, JavaScript, Storybook, Vue.js, Accessibility (WCAG), React",55170,78241,Software Engineering
Mobile Developer (iOS),Ashgrove Works,Remote,Full-time,"Swift, SwiftUI, Mobile CI/CD, Objective-C, Xcode, PUSH NOTIFICATIONS, Mobile App Architecture",87670,100602,Software Engineering
Senior Mobile Engineer,Marrow Systems,"Austin, TX",Full-time,"Team Leadership, Mobile App Architecture, Team Leadership, Domain-Driven Design, Dart, Cross-platform Development, Mobile CI/CD",114713,139125,Software Engineering
Principal Frontend Developer,Cobalt Platforms,"Denver, CO",Full-time,"Mentoring, Sass, Bootstrap, jQuery, Vite, Angular, Vue.js, Figma",150167,187378,Software Engineering
Staff Frontend Developer,Solstice Systems,"Atlanta, GA",Contract,"Hexagonal Architecture, Bootstrap, CSS, Accessibility (WCAG), Figma, Responsive Design, Next.js",146866,179630,Software Engineering
Junior Full Stack Engineer,Ironwood Systems,"San Francisco, CA",Full-time,"Cross-browser Compatibility, Kotlin, Code Review Practices, NestJS, Ruby on Rails",58162,79300,Software Engineering
Staff Frontend Engineer,Wrenfield Systems,"Boston, MA",Full-time,"TypeScript, System Design, Accessibility (WCAG), Sass, Load Balancing, Continuous Integration, Next.js",149661,176996,Software Engineering
Staff Mobile Developer (Android),Redwood Systems,"Chicago, IL",Full-time,"Mobile Performance Optimization, Android Studio, Jetpack Compose, Kotlin, Push Notifications",141026,164568,Software Engineering
Intern Full Stack Developer,Brightbay Systems,"Boston, MA",Internship,"GraphQL, Kubernetes, Microservices Architecture, JavaScript, FastAPI, Kotlin, Vite",21652,39633,Software Engineering
Senior Backend Engineer,Cascadia Platforms,"Seattle, WA",Contract,"Team Leadership, System Design, REST API Design, CI/CD Pipelines, Ruby on Rails, ASP.NET, Java, Message Queues (RabbitMQ)",125125,144147,Software Engineering
Staff Backend Developer,Thistledown Platforms,"Chicago, IL",Contract,"Team Leadership, MySQL, Flask, Java",143970,172867,Software Engineering
Staff Mobile Engineer,Hollowreach Systems,"San Francisco, CA",Full-time,"Mobile CI/CD, React Native, Distributed Systems, Git",143482,173683,Software Engineering
Lead Software Engineer,Marrow Systems,"Toronto, ON",Full-time,"gRPC, Ruby, Mentoring, Python, Continuous Integration",130287,172177,Software Engineering
Senior Mobile Engineer,Bluepeak Platforms,"Dublin, Ireland",Full-time,"Mobile Performance Optimization, Dart, Mentoring, Flutter, Mobile App Architecture, Cross-platform Development",106857,126497,Software Engineering
Lead Frontend Developer,Thistledown Systems,"New York, NY",Full-time,"Accessibility (WCAG), Redux, Vue.js, Technical Writing, CSS, GraphQL Client (Apollo)",131327,165165,Software Engineering
Intern Software Engineer,Wrenfield Platforms,"Dublin, Ireland",Internship,"Angular, Microservices Architecture, FastAPI, Webpack",26067,33373,Software Engineering
Principal Full Stack Engineer,Quartzline Systems,"Boston, MA",Contract," Distributed Systems , Scrum, System Design",159563,189987,Software Engineering
Senior Backend Engineer,Cascadia Platforms,"Austin, TX",Contract,"Kotlin, Spring Boot, Flask, Communication",104533,133872,Software Engineering
Intern Full Stack Engineer,Solstice Platforms,"Chicago, IL",Internship,"Material UI, Accessibility (WCAG), Technical Writing",22724,38246,Software Engineering
Intern Frontend Engineer,Windemere Works,"Boston, MA",Internship,"Webpack, Progressive Web Apps, Cross-browser Compatibility, Figma, Material UI, CSS, JavaScript",20230,34659,Software Engineering
iOS Engineer,Onyx Platforms,"Denver, CO",Full-time,"App Store Optimization, Push Notifications, Xcode, Objective-C, iOS Development, Scrum, Mobile Performance Optimization, REST API Design",84686,108376,Software Engineering
Senior Mobile Engineer,Palisade Systems,"Chicago, IL",Full-time,"Dart, Flutter, Kotlin Multiplatform, REST API Design, Mobile Performance Optimization, Mentoring, Mobile CI/CD, React Native",117207,138938,Software Engineering
Junior Full Stack Developer,Cobalt Systems,"New York, NY",Part-time,"Google Cloud Platform, Event-Driven Architecture, Python, Problem Solving, Microservices Architecture",58006,73987,Software Engineering
Junior Backend Engineer,Copperbend Platforms,Remote,Full-time,"Distributed Systems, Event-Driven Architecture, REST API Design, MySQL, Docker",62345,77171,Software Engineering
Junior Frontend Engineer,Tidefall Systems,"Atlanta, GA",Full-time,"Angular, JavaScript, Communication, Material UI, Progressive Web Apps",62859,74310,Software Engineering
"Engineering Manager, Mobile",Granite Systems,"Boston, MA",Full-time,"Mobile Performance Optimization, Load Balancing, REST API Design, Flutter, Cross-platform Development",120992,164643,Software Engineering
Backend Engineer,Wrenfield Systems,"Dublin, Ireland",Full-time,"Team Leadership, System Design, ASP.NET, Message Queues (RabbitMQ), Ruby on Rails, Caching Strategies",93528,107721,Software Engineering
Lead Mobile Developer (Android),Pinecrest Platforms,"Portland, OR",Full-time,"App Store Optimization, Mobile CI/CD, System Design",130061,174890,Software Engineering
Junior Software Engineer,Copperbend Works,"Los Angeles, CA",Full-time,"GraphQL Client (Apollo), HTML, Amazon Web Services, Next.js, REST API Design, Distributed Systems, Spring Boot",56053,79806,Software Engineering
Junior Frontend Developer,Redwood Platforms,"Seattle, WA",Full-time,"Webpack, Team Leadership, Cross-browser Compatibility, Vue.js, Bootstrap",58005,77541,Software Engineering
Senior Mobile Developer (iOS),Northwind Platforms,Remote,Full-time,"Mobile Performance Optimization, Hexagonal Architecture, iOS Development, Swift, App Store Optimization, Push Notifications, Xcode",105780,135397,Software Engineering
Senior Full Stack Engineer,Slatestone Systems,"Boston, MA",Full-time,"Figma, MySQL, C#, Django, Flask, Amazon Web Services, Node.js",116645,149026,Software Engineering
Junior Mobile Developer (iOS),Skyline Platforms,"Dublin, Ireland",Full-time,"Team Leadership, App Store Optimization, iOS Development",55028,75598,Software Engineering
Intern Frontend Engineer,Solstice Platforms,"Amsterdam, Netherlands",Internship,"JavaScript, Svelte, Bootstrap, GraphQL Client (Apollo), Tailwind CSS",25770,37003,Software Engineering
Junior Mobile Engineer,Solstice Platforms,"Seattle, WA",Full-time,"Kotlin Multiplatform, React Native, Mobile App Architecture, REST API Design, Dart, Mobile CI/CD, Flutter, Mobile Performance Optimization",58979,76146,Software Engineering
Software Developer,Lattice Systems,Remote,Full-time,"Cassandra, Cross-browser Compatibility, Microservices Architecture, C#, Webpack",85879,108030,Software Engineering
Junior Frontend Developer,Ironwood Systems,"Portland, OR",Contract,"JavaScript, Storybook, Vite, Material UI, Jest, Accessibility (WCAG), Scrum",66896,79881,Software Engineering
Senior Full Stack Developer,Northwind Platforms,"New York, NY",Full-time,"SVELTE, Code Review Practices, Sass, Next.js, Ruby",103586,121643,Software Engineering
Junior Full Stack Developer,Marrow Platforms,"Atlanta, GA",Part-time,"JavaScript, Message Queues (RabbitMQ), PostgreSQL, Node.js, Svelte, MongoDB",61472,79622,Software Engineering
Senior Mobile Developer (Android),Bluepeak Platforms,"Chicago, IL",Full-time,"Mentoring, REST API Design, Push Notifications, Android Development, Mobile Performance Optimization, Jetpack Compose",129510,149018,Software Engineering
Lead Frontend Developer,Bluepeak Platforms,"London, UK",Full-time,"Angular, Cross-browser Compatibility, Svelte, Sass, TypeScript, Storybook",130620,148877,Software Engineering
Full Stack Engineer,Slatestone Systems,"Atlanta, GA",Full-time,"DynamoDB, Next.js, Java, Svelte, Progressive Web Apps, Caching Strategies, Vue.js",84270,100509,Software Engineering
Staff iOS Engineer,Copperbend Works,"Portland, OR",Full-time,"Objective-C, Mobile CI/CD, Push Notifications, iOS Development",144056,174251,Software Engineering
Staff Android Engineer,Ashgrove Platforms,"Raleigh, NC",Full-time,"Push Notifications, App Store Optimization, Mobile Performance Optimization, Code Review Practices, Mentoring",142022,182984,Software Engineering
Lead Full Stack Developer,Ironwood Platforms,"New York, NY",Full-time,"Accessibility (WCAG), Ruby on Rails, Spring Boot, Problem Solving, Distributed Systems",130957,168156,Software Engineering
Junior Full Stack Developer,Palisade Platforms,"Los Angeles, CA",Full-time,"HTML, Material UI, Cassandra, CI/CD Pipelines, Django, Webpack, Tailwind CSS, Redux",56623,72064,Software Engineering
Intern Mobile Developer (Android),Amber Systems,"Seattle, WA",Internship,"Push Notifications, Mobile Performance Optimization, Android Development, Mobile App Architecture, Jetpack Compose",20056,39437,Software Engineering
Intern iOS Engineer,Meridian Systems,Remote,Internship,"Mobile Performance Optimization, REST API Design, App Store Optimization, Push Notifications",20121,37675,Software Engineering
Intern Software Engineer,Nova Platforms,"Sydney, Australia",Internship,"Django, Distributed Systems, FastAPI, Cross-browser Compatibility, Caching Strategies",24377,33193,Software Engineering
Full Stack Engineer,Emberfield Systems,"Denver, CO",Part-time,"Vue.js, CSS, Figma, MySQL, Amazon Web Services, Node.js, NestJS",75331,102304,Software Engineering
Junior Full Stack Engineer,Hollowreach Platforms,"Austin, TX",Full-time,"Material UI, FastAPI, Spring Boot, CI/CD Pipelines, Ruby on Rails, JavaScript, ASP.NET",61017,79597,Software Engineering
Principal Software Developer,Ashgrove Systems,"Chicago, IL",Contract,"Redis, Microservices Architecture, System Design, Continuous Integration, ASP.NET",150108,180472,Software Engineering
Junior Frontend Developer,Onyx Platforms,"Boston, MA",Full-time,"Webpack, Vue.js, jQuery, Next.js, JavaScript",55899,69177,Software Engineering
Junior iOS Engineer,Windemere Platforms,"Dublin, Ireland",Full-time,"Mobile CI/CD, Objective-C, REST API Design, Mobile App Architecture, Mobile Performance Optimization, iOS Development, Push Notifications",63938,79982,Software Engineering
Senior Full Stack Developer,Skyline Platforms,"Washington, DC",Full-time,"Progressive Web Apps, Flask, Amazon Web Services, Svelte, Spring Boot, Bootstrap, Redux, DynamoDB",100159,140630,Software Engineering
Junior Android Engineer,Quartzline Platforms,"Atlanta, GA",Full-time,"App Store Optimization, Mobile CI/CD, Mobile App Architecture",68684,79425,Software Engineering
Staff Mobile Developer (iOS),Thistledown Systems,"Portland, OR",Full-time,"REST API Design, Mentoring, Mobile CI/CD",142299,168995,Software Engineering
Intern Frontend Engineer,Thistledown Platforms,"San Francisco, CA",Internship,"Accessibility (WCAG), Next.js, Sass, Communication, Figma",24302,38861,Software Engineering
Senior Backend Engineer,Thistledown Systems,"Amsterdam, Netherlands",Full-time,"Django, Node.js, CI/CD Pipelines, Ruby, MySQL, Technical Writing, Google Cloud Platform, Spring Boot",107483,143779,Software Engineering
Senior Full Stack Engineer,Basalt Platforms,"New York, NY",Full-time,"PostgreSQL, CSS, Django, Angular, Microservices Architecture, HTML",100411,148331,Software Engineering
Mobile Developer (Android),Timberline Platforms,"San Francisco, CA",Full-time,"Jetpack Compose, Kotlin, Mobile CI/CD, Mobile App Architecture, Android Development, REST API Design, Push Notifications",80893,108957,Software Engineering
Backend Developer,Timberline Platforms,Remote,Part-time,"Ruby on Rails, gRPC, Docker, PostgreSQL, Mentoring",93133,109046,Software Engineering
"Engineering Manager, Mobile",Cinderfall Platforms,"Washington, DC",Full-time,"iOS Development, App Store Optimization, REST API Design, Xcode, Mobile Performance Optimization, Hexagonal Architecture, Swift, Mobile CI/CD",129858,169879,Software Engineering
Mobile Developer (Android),Skyline Systems,Remote,Contract,"Android Development, Kotlin, Mobile CI/CD, Android Studio, REST API Design, Mobile Performance Optimization",76461,106909,Software Engineering
Intern Mobile Engineer,Wrenfield Platforms,Remote,Internship,"Dart, Mobile App Architecture, React Native, REST API Design, Mobile Performance Optimization, Mobile CI/CD, Flutter",20007,39925,Software Engineering
Frontend Engineer,Windemere Systems,"Atlanta, GA",Full-time,"Vue.js, Mentoring, Svelte, jQuery, Vite",75625,109764,Software Engineering
Junior Mobile Developer (iOS),Palisade Systems,"Boston, MA",Full-time,"SwiftUI, Mobile App Architecture, App Store Optimization, Mobile CI/CD",56112,74787,Software Engineering
Staff Mobile Developer (Android),Marrow Systems,"Raleigh, NC",Full-time,"Load Balancing, App Store Optimization, Android Development, Team Leadership, REST API Design, Mobile App Architecture, Android Studio",144635,177020,Software Engineering
Full Stack Developer,Cinderfall Platforms,"Austin, TX",Full-time,"Material UI, Vite, TypeScript, Google Cloud Platform, Caching Strategies, Go, C#",75604,107740,Software Engineering
Engineering Manager,Amber Systems,"London, UK",Full-time,"Material UI, Redis, Distributed Systems",120720,164790,Software Engineering
Junior Full Stack Developer,Slatestone Systems,"Sydney, Australia",Full-time,"Kubernetes,  Ruby , MySQL, Microservices Architecture, NestJS, Redux",55325,77426,Software Engineering
Principal Software Developer,Crestline Platforms,Remote,Full-time,"Express.js, Caching Strategies, Next.js",158457,179235,Software Engineering
Backend Developer,Pinecrest Systems,"Seattle, WA",Full-time,"CI/CD Pipelines, Django, MySQL, Go, Kotlin, Cassandra, Message Queues (RabbitMQ), MongoDB",82503,103883,Software Engineering
Senior Software Developer,Foxglove Systems,"New York, NY",Full-time,"Amazon Web Services, Accessibility (WCAG), Microsoft Azure, Kotlin, MongoDB, C#, TypeScript, Java",125939,144559,Software Engineering
Lead Frontend Engineer,Northwind Platforms,Remote,Full-time,"Tailwind CSS, GraphQL Client (Apollo), CSS, Accessibility (WCAG), Webpack, System Design",135694,162155,Software Engineering
Junior Mobile Engineer,Marrow Systems,"Boston, MA",Part-time,"Dart, Kotlin Multiplatform, REST API Design, Mobile App Architecture, React Native, Flutter, Cross-platform Development, Mobile Performance Optimization",64021,79529,Software Engineering
Lead Mobile Developer (iOS),Northwind Systems,Remote,Full-time,"Mobile CI/CD, iOS Development, Distributed Systems, REST API Design, App Store Optimization",133406,159790,Software Engineering
Staff Mobile Developer (Android),Redwood Platforms,"Berlin, Germany",Full-time,"Mobile App Architecture, Mentoring, App Store Optimization, Mobile Performance Optimization, Android Development",152891,172865,Software Engineering
Intern Backend Engineer,Windemere Systems,"Chicago, IL",Internship,"gRPC, Flask, Google Cloud Platform",20155,39595,Software Engineering
Mobile Engineer,Brightbay Platforms,"New York, NY",Full-time,"Mobile CI/CD, Cross-platform Development, Kotlin Multiplatform, Mobile App Architecture, React Native",75678,108380,Software Engineering
Frontend Engineer,Emberfield Systems,Remote,Full-time,"Jest, JavaScript, Responsive Design, HTML, Cross-browser Compatibility",87265,103791,Software Engineering
Software Developer,Windemere Works,"Portland, OR",Contract,"Communication, Java, Jest, Express.js",75597,97843,Software Engineering
Senior Mobile Developer (Android),Tidefall Systems,Remote,Full-time,"Mobile App Architecture, Mobile Performance Optimization, Team Leadership, REST API Design, Android Studio, Mobile CI/CD",121830,144141,Software Engineering
iOS Engineer,Windemere Systems,"Los Angeles, CA",Full-time,"REST API Design, Objective-C, Technical Writing",76765,109704,Software Engineering
Senior Frontend Engineer,Skyline Platforms,"New York, NY",Full-time,"Sass, CSS, React, Mentoring, TypeScript",100509,131301,Software Engineering
Junior Full Stack Developer,Copperbend Works,"Denver, CO",Full-time,"React, HTML, Material UI, Storybook, MySQL",57692,78212,Software Engineering
Senior Backend Developer,Hollowreach Systems,Remote,Full-time,"Python, Team Leadership, Spring Boot, Cassandra",110029,149201,Software Engineering
Intern Backend Developer,Cascadia Platforms,"Chicago, IL",Internship,"Ruby, NestJS, Ruby on Rails",21955,36021,Software Engineering
Intern Mobile Developer (Android),Redwood Platforms,"Seattle, WA",Internship,"App Store Optimization, Jetpack Compose, Scrum, Push Notifications",22757,33984,Software Engineering
Senior Software Engineer,Redwood Systems,"New York, NY",Full-time,"Team Leadership, Spring Boot, Amazon Web Services, GraphQL, TypeScript, Google Cloud Platform",110181,149262,Software Engineering
Intern Software Engineer,Windemere Works,"Portland, OR",Internship,"gRPC, Node.js, Express.js, Amazon Web Services, DynamoDB, Sass, GraphQL Client (Apollo)",22976,39041,Software Engineering
Software Developer,Amber Systems,"Dublin, Ireland",Part-time,"C#, CI/CD Pipelines, Docker",94813,107647,Software Engineering
Lead Software Engineer,Fernwood Systems,"New York, NY",Full-time,"html, Progressive Web Apps, CI/CD Pipelines, DynamoDB, Continuous Integration",136961,173444,Software Engineering
Senior Android Engineer,Granite Systems,"Los Angeles, CA",Part-time,"Push Notifications, Team Leadership, App Store Optimization, Mobile App Architecture, Distributed Systems, Mobile CI/CD, REST API Design, Team Leadership",113106,148537,Software Engineering
iOS Engineer,Northwind Platforms,"Toronto, ON",Full-time,"Continuous Integration, Xcode, Push Notifications",75050,108154,Software Engineering
Lead Android Engineer,Redwood Platforms,"Austin, TX",Full-time,"Load Balancing, Mobile CI/CD, Mobile App Architecture",130187,173924,Software Engineering
Principal Frontend Developer,Emberfield Systems,"Chicago, IL",Full-time,"CSS, Hexagonal Architecture, Svelte, Bootstrap, Tailwind CSS, GraphQL Client (Apollo)",150824,188900,Software Engineering
Lead Software Developer,Onyx Platforms,"Boston, MA",Full-time,"MongoDB, Figma, Tailwind CSS, Next.js, Mentoring, Express.js",136679,171170,Software Engineering
Senior Mobile Developer (Android),Emberfield Systems,"Boston, MA",Contract,"Distributed Systems, REST API Design, Jetpack Compose, Android Studio",102407,137409,Software Engineering
Junior Android Engineer,Pinecrest Systems,"Boston, MA",Part-time,"Scrum, Android Development, Mobile Performance Optimization",56236,67034,Software Engineering
Lead Backend Developer,Nova Platforms,"Washington, DC",Full-time,"Docker, Git, C#, Microservices Architecture",138302,160258,Software Engineering
Lead iOS Engineer,Driftwood Systems,Remote,Full-time,"App Store Optimization, REST API Design, SwiftUI, Mobile Performance Optimization, Mobile App Architecture",130821,174281,Software Engineering
Software Developer,Lattice Systems,"Dublin, Ireland",Full-time,"Bootstrap, REST API Design, Node.js, Redux",77259,96215,Software Engineering
Junior Backend Developer,Palisade Systems,"Portland, OR",Part-time,"gRPC, DynamoDB, System Design",64344,79438,Software Engineering
Intern Frontend Engineer,Thistledown Platforms,"Atlanta, GA",Internship,"Tailwind CSS, Sass, Git, HTML",28479,39836,Software Engineering
Principal Mobile Developer (iOS),Copperbend Systems,"Berlin, Germany",Full-time,"REST API Design, SwiftUI, Mobile Performance Optimization, Mobile App Architecture",152834,189844,Software Engineering
Intern Frontend Engineer,Ashgrove Platforms,Remote,Internship,"Redux, Material UI, Sass, Svelte",25674,35205,Software Engineering
Staff Backend Developer,Palisade Systems,"Seattle, WA",Contract,"MongoDB, Domain-Driven Design, Event-Driven Architecture, Redis, NestJS, Message Queues (RabbitMQ), Ruby on Rails",140064,184974,Software Engineering
Software Engineer,Onyx Systems,"Los Angeles, CA",Full-time,"ASP.NET, Problem Solving, NestJS, Event-Driven Architecture, Node.js, PostgreSQL",81260,103790,Software Engineering
Lead Software Developer,Pinecrest Systems,"Boston, MA",Contract,"DynamoDB, MongoDB, Vue.js, Figma",135242,169076,Software Engineering
Junior iOS Engineer,Marrow Platforms,"Bengaluru, India",Contract,"App Store Optimization, SwiftUI, REST API Design, Swift, Mobile App Architecture, Xcode",57312,79799,Software Engineering
Senior Backend Developer,Palisade Systems,"San Francisco, CA",Full-time,"System Design, Ruby, Python, Team Leadership, Google Cloud Platform",107075,145426,Software Engineering
Backend Developer,Foxglove Platforms,"San Francisco, CA",Full-time,"Message Queues (RabbitMQ), Go, CI/CD Pipelines, System Design",82131,96425,Software Engineering
iOS Engineer,Hollowreach Platforms,"Raleigh, NC",Full-time,"Mobile Performance Optimization, Swift, SwiftUI, App Store Optimization, REST API Design",75045,109998,Software Engineering
Full Stack Engineer,Hollowreach Works,Remote,Full-time,"Microsoft Azure, Message Queues (RabbitMQ), Flask, Redis, Node.js",75028,106218,Software Engineering
Junior Backend Engineer,Ashgrove Works,"New York, NY",Full-time,"Express.js, FastAPI, Redis",57214,73900,Software Engineering
Software Engineer,Windemere Platforms,"Dublin, Ireland",Contract,"Python, Figma, GraphQL, Next.js, Cross-browser Compatibility, Vue.js, Svelte",88757,106078,Software Engineering
Software Developer,Pinecrest Systems,"Amsterdam, Netherlands",Full-time,"CSS, caching strategies, Google Cloud Platform, Go, C#, Microservices Architecture, GraphQL",82457,108620,Software Engineering
Junior Mobile Developer (iOS),Windemere Works,"Dublin, Ireland",Full-time,"Push Notifications, Mobile Performance Optimization, App Store Optimization, SwiftUI, Objective-C, Mobile CI/CD, Swift",55326,72633,Software Engineering
Intern Frontend Developer,Coral Platforms,"London, UK",Internship,"GraphQL Client (Apollo), Code Review Practices, Jest",20610,39446,Software Engineering
Senior Android Engineer,Nova Systems,"Los Angeles, CA",Full-time,"Mobile Performance Optimization, Android Studio, Mobile CI/CD, Jetpack Compose",101078,149439,Software Engineering
Lead Mobile Engineer,Silverbrook Platforms,"Amsterdam, Netherlands",Full-time,"Mobile Performance Optimization, Dart, System Design, Code Review Practices, Mobile App Architecture, Flutter",131831,167951,Software Engineering
Junior iOS Engineer,Basalt Platforms,"Raleigh, NC",Contract,"Objective-C, Swift, iOS Development, Mobile App Architecture, Mobile Performance Optimization, Mobile CI/CD, App Store Optimization, REST API Design",64544,77449,Software Engineering
Intern Full Stack Engineer,Wrenfield Platforms,"Raleigh, NC",Internship,"System Design, Jest, TypeScript, REST API Design, Kubernetes",23098,32979,Software Engineering
Senior Mobile Engineer,Palisade Platforms,"Raleigh, NC",Full-time,"Cross-platform Development, Mobile App Architecture, Distributed Systems, React Native, Mobile CI/CD, Dart",103335,146783,Software Engineering
iOS Engineer,Palisade Platforms,"Los Angeles, CA",Contract,"Swift, App Store Optimization, Mobile CI/CD, Mobile App Architecture, Objective-C, Continuous Integration",78373,107898,Software Engineering
Intern Software Engineer,Palisade Systems,Remote,Internship,"Code Review Practices, HTML, Cassandra, gRPC, React, MySQL, Webpack, JavaScript",21583,39638,Software Engineering
Senior Mobile Engineer,Thistledown Platforms,"Washington, DC",Full-time,"Kotlin Multiplatform, Team Leadership, System Design, Mobile CI/CD, Cross-platform Development, React Native, REST API Design, Mobile Performance Optimization",102988,148664,Software Engineering
Staff Full Stack Developer,Emberfield Systems,"Seattle, WA",Full-time,"FastAPI, Angular, gRPC, PostgreSQL, Ruby on Rails, Kotlin",142010,166172,Software Engineering
Senior Software Developer,Tidefall Systems,"Boston, MA",Full-time,"Docker, Distributed Systems, Express.js, CSS, Svelte, Ruby on Rails",106748,145824,Software Engineering
Junior Frontend Engineer,Bluepeak Platforms,"Austin, TX",Full-time,"GraphQL Client (Apollo), Angular, Svelte, HTML, Responsive Design",56174,78527,Software Engineering
Intern Mobile Developer (iOS),Slatestone Platforms,"Denver, CO",Internship,"App Store Optimization, Problem Solving, iOS Development, Mobile CI/CD",25113,39901,Software Engineering
Junior Backend Engineer,Cobalt Systems,"Denver, CO",Contract,"Microsoft Azure, Amazon Web Services, Go",61520,71422,Software Engineering
Senior Frontend Developer,Pinecrest Systems,"Sydney, Australia",Full-time,"TypeScript, jQuery, GraphQL Client (Apollo),  Angular , Vite",115792,137470,Software Engineering
Mobile Engineer,Skyline Platforms,Singapore,Full-time,"Cross-platform Development, Mobile App Architecture, Dart, Kotlin Multiplatform, REST API Design, Flutter",77517,107251,Software Engineering
Staff Backend Developer,Cascadia Platforms,Singapore,Full-time,"Ruby, GraphQL, REST API Design, Django, Amazon Web Services, Express.js",147616,181951,Software Engineering
Principal Mobile Engineer,Cobalt Systems,"Seattle, WA",Full-time,"Team Leadership, Hexagonal Architecture, Mobile App Architecture, Mobile Performance Optimization, Dart, Kotlin Multiplatform, REST API Design, Flutter",159711,189576,Software Engineering
Staff Mobile Developer (Android),Emberfield Systems,Remote,Full-time,"App Store Optimization, Mentoring, Jetpack Compose, Push Notifications, Mobile Performance Optimization, REST API Design, Kotlin, Android Development",154498,183447,Software Engineering
Junior iOS Engineer,Timberline Systems,"Atlanta, GA",Full-time,"push notifications, Xcode, Scrum, App Store Optimization, Xcode",56668,68778,Software Engineering
Senior Mobile Engineer,Cascadia Systems,"Washington, DC",Full-time,"Mobile Performance Optimization, Cross-platform Development, React Native, Flutter, Kotlin Multiplatform, Mobile App Architecture",103889,127399,Software Engineering
Principal Full Stack Engineer,Lattice Systems,"Austin, TX",Full-time,"Cross-browser Compatibility, Python, Kubernetes, Figma, REST API Design, Spring Boot, FastAPI, System Design",150274,183989,Software Engineering
Senior Backend Engineer,Redwood Systems,Remote,Part-time,"REST API Design, Kotlin, Python, System Design, Microservices Architecture, Flask",107453,129376,Software Engineering
Intern Software Engineer,Ironwood Platforms,"Los Angeles, CA",Internship,"Angular, Flask, Redux, CI/CD Pipelines, JavaScript, REST API Design, Vite, Webpack",20129,39019,Software Engineering
Staff Frontend Developer,Ashgrove Works,"Raleigh, NC",Full-time,"Next.js, Distributed Systems, Material UI",143453,184003,Software Engineering
Intern Full Stack Engineer,Driftwood Systems,"Portland, OR",Internship,"Amazon Web Services, Go, Redis",22745,35026,Software Engineering
Mobile Developer (Android),Wrenfield Platforms,"Denver, CO",Part-time,"Jetpack Compose, Mobile CI/CD, Android Development, Kotlin, Mobile Performance Optimization, App Store Optimization",79508,104468,Software Engineering
Backend Engineer,Bluepeak Platforms,"Chicago, IL",Full-time,"Cassandra, FastAPI, Kubernetes, Google Cloud Platform, Ruby, Caching Strategies, Microsoft Azure, Event-Driven Architecture",87280,105169,Software Engineering
Full Stack Developer,Meridian Systems,Remote,Contract,"Message Queues (RabbitMQ), Spring Boot, Code Review Practices, PostgreSQL, Flask, GraphQL",92000,107274,Software Engineering
Lead Full Stack Developer,Redwood Platforms,"San Francisco, CA",Full-time,"Redis, Distributed Systems, Svelte",132166,171487,Software Engineering
Staff Android Engineer,Amber Systems,"Chicago, IL",Full-time,"App Store Optimization, REST API Design, Push Notifications, Mobile App Architecture, System Design",140395,184421,Software Engineering
Backend Engineer,Nova Platforms,"New York, NY",Full-time,"Kotlin, MongoDB, NestJS, FastAPI",85399,106568,Software Engineering
Staff Full Stack Developer,Skyline Platforms,Remote,Full-time,"Cassandra, MongoDB, Message Queues (RabbitMQ), Spring Boot",162967,184103,Software Engineering
Backend Developer,Pinecrest Systems,"Dublin, Ireland",Full-time,"Express.js, DynamoDB, PostgreSQL, Kubernetes, Ruby on Rails, gRPC",84040,109398,Software Engineering
Senior Software Developer,Cobalt Systems,Remote,Full-time,"Technical Writing, Sass, Redis, Svelte, GraphQL Client (Apollo), Kotlin",124371,147693,Software Engineering
Frontend Engineer,Copperbend Works,"Washington, DC",Full-time,"Storybook, CSS, Svelte",84988,104660,Software Engineering
Junior Backend Engineer,Windemere Works,"New York, NY",Full-time,"Express.js, REST API Design, Google Cloud Platform, Django, Node.js, FastAPI, ASP.NET, MySQL",56377,76351,Software Engineering
Software Developer,Redwood Systems,"Seattle, WA",Contract,"Ruby, Amazon Web Services, Continuous Integration, Google Cloud Platform",85715,100568,Software Engineering
Junior Mobile Engineer,Brightbay Platforms,Singapore,Full-time,"React Native, Cross-platform Development, Kotlin Multiplatform",58766,78880,Software Engineering
Senior Mobile Developer (iOS),Lattice Platforms,"Washington, DC",Full-time,"App Store Optimization, iOS Development, Team Leadership, Push Notifications",116459,142967,Software Engineering
Lead Frontend Developer,Palisade Systems,"Denver, CO",Full-time,"Bootstrap, HTML, Storybook, Distributed Systems, Angular, Webpack",132051,173790,Software Engineering
Junior Frontend Developer,Wrenfield Platforms,"Raleigh, NC",Full-time,"JavaScript, GraphQL Client (Apollo), Bootstrap, Responsive Design, Vite",55303,71494,Software Engineering
Lead Software Developer,Basalt Platforms,Remote,Contract,"Java, Webpack, Spring Boot, Distributed Systems, CI/CD Pipelines, MongoDB, GraphQL, Redux",132216,148800,Software Engineering
Senior iOS Engineer,Timberline Systems,"Bengaluru, India",Contract,"System Design, App Store Optimization, Mobile App Architecture, Xcode, Push Notifications, SwiftUI, iOS Development",104566,141847,Software Engineering
Junior Frontend Developer,Wrenfield Platforms,Remote,Full-time,"Bootstrap, Jest, Webpack",57907,79684,Software Engineering
Senior Software Engineer,Copperbend Works,Remote,Contract,"Tailwind CSS, GraphQL Client (Apollo), Cassandra, Java, Microservices Architecture, Communication, Next.js, Caching Strategies",105035,131452,Software Engineering
iOS Engineer,Meridian Platforms,"Chicago, IL",Full-time,"iOS Development, App Store Optimization, SwiftUI, Xcode",88635,102906,Software Engineering
Android Engineer,Marrow Systems,"Amsterdam, Netherlands",Full-time,"Kotlin, Mobile Performance Optimization, REST API Design, Jetpack Compose",84441,103016,Software Engineering
Full Stack Engineer,Driftwood Systems,"Toronto, ON",Full-time,"Vue.js, Tailwind CSS, Express.js, DynamoDB, Microservices Architecture, Java, Django",82251,109874,Software Engineering
Staff Frontend Engineer,Coral Systems,"Washington, DC",Full-time,"GraphQL Client (Apollo), VUE.JS, Next.js, Svelte, Bootstrap, Cross-browser Compatibility, Redux",162438,181630,Software Engineering
Full Stack Developer,Hollowreach Works,"Austin, TX",Part-time,"Django, Spring Boot, jQuery, Cross-browser Compatibility, Caching Strategies, Express.js, Microsoft Azure",78239,108585,Software Engineering
Mobile Developer (Android),Crestline Platforms,Remote,Full-time,"Push Notifications, Android Development, Jetpack Compose, Kotlin, Android Studio, Mobile App Architecture, Mobile Performance Optimization",82877,100260,Software Engineering
Senior Frontend Developer,Northwind Platforms,"New York, NY",Full-time,"Hexagonal Architecture, Cross-browser Compatibility, React, Responsive Design, GraphQL Client (Apollo), Vite",105590,143534,Software Engineering
Senior Full Stack Engineer,Wrenfield Systems,"Portland, OR",Contract,"Jest, Python, System Design",115719,135263,Software Engineering
Senior Full Stack Engineer,Solstice Systems,"Denver, CO",Full-time,"TypeScript, MySQL, Svelte, Message Queues (RabbitMQ), Cross-browser Compatibility, jQuery, GraphQL",100986,148096,Software Engineering
Senior Software Developer,Ironwood Platforms,Remote,Full-time,"Jest, Event-Driven Architecture, Kotlin, Mentoring",129036,147764,Software Engineering
Senior Mobile Developer (Android),Brightbay Platforms,Singapore,Full-time,"Mobile Performance Optimization, Hexagonal Architecture, Team Leadership, Mobile App Architecture, Jetpack Compose, Android Studio, Push Notifications",102062,149071,Software Engineering
Mobile Developer (Android),Foxglove Platforms,"New York, NY",Full-time,"Kotlin, Push Notifications, Mobile CI/CD, Mobile Performance Optimization, Mobile App Architecture, REST API Design, Android Development, Android Studio",75869,96161,Software Engineering
Lead Full Stack Developer,Ironwood Platforms,Remote,Full-time,"Event-Driven Architecture, jQuery, Responsive Design, CSS, GraphQL,  MongoDB ",132895,169884,Software Engineering
Lead Mobile Developer (Android),Coral Platforms,"Sydney, Australia",Full-time,"Kotlin, REST API Design, Load Balancing, Push Notifications",151858,172974,Software Engineering
Backend Developer,Skyline Systems,"Chicago, IL",Full-time,"Flask, PostgreSQL, Continuous Integration, Amazon Web Services, MySQL, Distributed Systems, Kotlin, Java",76377,105674,Software Engineering
Full Stack Engineer,Ashgrove Systems,"Amsterdam, Netherlands",Full-time,"Progressive Web Apps, Spring Boot, React, gRPC, Storybook, NestJS",77751,95477,Software Engineering
Intern Software Engineer,Driftwood Systems,"Raleigh, NC",Internship,"Message Queues (RabbitMQ), Problem Solving, REST API Design, Sass",26339,39147,Software Engineering
Junior Frontend Engineer,Ironwood Systems,"Denver, CO",Full-time,"CSS, Next.js, Storybook, Tailwind CSS, Sass, Bootstrap",66119,77422,Software Engineering
"Engineering Manager, Frontend",Gullhaven Platforms,"Seattle, WA",Full-time,"Webpack, Mentoring, Bootstrap, Redux, Jest",126161,154918,Software Engineering
Lead Backend Developer,Slatestone Systems,"Los Angeles, CA",Full-time,"Message Queues (RabbitMQ), Continuous Integration, Event-Driven Architecture",131265,174170,Software Engineering
Mobile Developer (iOS),Tidefall Systems,"Amsterdam, Netherlands",Contract,"SwiftUI, Mobile App Architecture, Swift, Push Notifications, Mobile CI/CD, Mobile Performance Optimization, REST API Design, Xcode",75408,109504,Software Engineering
"Engineering Manager, Frontend",Redwood Platforms,"New York, NY",Full-time,"React, Sass, jQuery, Redux",149231,168242,Software Engineering
Senior Frontend Engineer,Lattice Systems,"Boston, MA",Full-time,"Vite, JavaScript, Storybook, React",104644,146857,Software Engineering
Intern Frontend Engineer,Silverbrook Works,"Washington, DC",Internship,"Jest, Cross-browser Compatibility, Bootstrap, Vue.js, Material UI, Figma",24788,35448,Software Engineering
Software Developer,Cobalt Systems,"Denver, CO",Full-time,"Vite, Technical Writing, REST API Design",79791,106802,Software Engineering
Senior Full Stack Developer,Coral Systems,"Washington, DC",Full-time,"Bootstrap, HTML, C#",130370,148690,Software Engineering
Lead Software Engineer,Slatestone Platforms,"Washington, DC",Full-time,"REST API Design, Figma, Docker, Vite, Webpack, Tailwind CSS",138008,174078,Software Engineering
Lead Mobile Developer (Android),Skyline Platforms,"Los Angeles, CA",Full-time,"Mobile App Architecture, Jetpack Compose, Distributed Systems, Domain-Driven Design, REST API Design",132211,150008,Software Engineering
"Engineering Manager, Backend",Tidefall Platforms,"Portland, OR",Full-time,"Cassandra, Distributed Systems, PostgreSQL, Microsoft Azure, Ruby, Microservices Architecture, Kotlin, Redis",120283,141933,Software Engineering
Mobile Developer (Android),Hollowreach Works,"Berlin, Germany",Part-time,"Git, REST API Design, Android Development, Kotlin, Push Notifications, App Store Optimization, Mobile CI/CD, Mobile App Architecture",78429,107600,Software Engineering
Principal Software Developer,Ashgrove Platforms,"Boston, MA",Contract,"REST API Design, Next.js, Communication",167260,189745,Software Engineering
Senior Frontend Developer,Marrow Platforms,Remote,Full-time,"JavaScript, Responsive Design, Next.js, jQuery, Bootstrap, Redux",104784,145267,Software Engineering
Full Stack Developer,Hollowreach Systems,Remote,Full-time,"Git, TypeScript, Kotlin, Spring Boot",76406,108306,Software Engineering
Junior Backend Developer,Ironwood Platforms,"Chicago, IL",Contract,"REST API Design, DynamoDB, Event-Driven Architecture, Python, Express.js, Spring Boot, CI/CD Pipelines, Ruby",58376,74898,Software Engineering
Senior Backend Developer,Tidefall Systems,"Toronto, ON",Full-time,"Amazon Web Services, ASP.NET, dynamodb, Node.js, Cassandra, REST API Design, C#, C#",100557,140461,Software Engineering
Android Engineer,Windemere Works,"Raleigh, NC",Part-time,"Android Studio, App Store Optimization, Mobile App Architecture, Mobile CI/CD, Kotlin, Push Notifications, REST API Design, Android Development",76438,102119,Software Engineering
Full Stack Developer,Thistledown Systems,"Berlin, Germany",Full-time,"Amazon Web Services, Flask, Spring Boot, MySQL, DynamoDB",87574,107390,Software Engineering
Senior Full Stack Engineer,Timberline Systems,"Washington, DC",Full-time,"jQuery, Next.js, Git, Caching Strategies, Python, NestJS, ASP.NET, Redux",117529,149459,Software Engineering
Senior Frontend Engineer,Slatestone Platforms,"Seattle, WA",Contract,"HTML, Bootstrap, Svelte, Responsive Design, Accessibility (WCAG), Team Leadership, Sass",102037,142225,Software Engineering
Staff Mobile Developer (Android),Ironwood Platforms,Remote,Contract,"REST API Design, Mobile App Architecture, Jetpack Compose, Kotlin",166083,182326,Software Engineering
Full Stack Developer,Windemere Systems,"New York, NY",Contract,"Message Queues (RabbitMQ), Google Cloud Platform, gRPC, Sass, Docker, System Design, Microservices Architecture, CSS",80501,103334,Software Engineering
Staff Software Developer,Lattice Systems,"Sydney, Australia",Full-time,"Message Queues (RabbitMQ), Cassandra, Python, Kubernetes",150143,178259,Software Engineering
Staff Frontend Engineer,Nova Platforms,"Chicago, IL",Full-time,"Next.js, HTML, Communication, jQuery, Storybook",141812,182363,Software Engineering
Senior Mobile Developer (Android),Lattice Systems,Remote,Full-time,"Team Leadership, Load Balancing, Mobile CI/CD",104469,140648,Software Engineering
Principal Frontend Developer,Quartzline Systems,"Toronto, ON",Full-time,"Continuous Integration, Tailwind CSS, Storybook, Progressive Web Apps, Vite, React",150696,186864,Software Engineering
Software Developer,Gullhaven Platforms,"Amsterdam, Netherlands",Full-time,"REST API Design, Amazon Web Services, Ruby, NestJS, jQuery, Progressive Web Apps, Django",77865,105837,Software Engineering
Intern iOS Engineer,Vertex Platforms,"Boston, MA",Internship,"Mobile Performance Optimization, Push Notifications, Objective-C, Agile Methodology, Swift, iOS Development, REST API Design",20421,35103,Software Engineering
Senior Full Stack Engineer,Hollowreach Works,"Washington, DC",Contract,"Figma, PostgreSQL, Accessibility (WCAG)",119238,147429,Software Engineering
Backend Engineer,Timberline Platforms,Remote,Full-time,"NestJS, gRPC, Technical Writing, DynamoDB, MongoDB, Microsoft Azure, GraphQL",75044,87309,Software Engineering
Intern Android Engineer,Coral Platforms,Remote,Internship,"Push Notifications, App Store Optimization, Jetpack Compose",21727,35128,Software Engineering
Full Stack Developer,Foxglove Systems,"Denver, CO",Full-time,"Microservices Architecture, PostgreSQL, Storybook, Node.js, Express.js, GraphQL, C#, Next.js",77001,106044,Software Engineering
Staff Backend Developer,Copperbend Platforms,"Los Angeles, CA",Full-time,"Python, Java, Django, Kubernetes, Hexagonal Architecture, CI/CD Pipelines",142369,182617,Software Engineering
Software Engineer,Silverbrook Systems,"Bengaluru, India",Contract,"GraphQL, Tailwind CSS, Code Review Practices, Spring Boot, Vite, Caching Strategies, gRPC",78648,107446,Software Engineering
Intern Frontend Engineer,Nova Systems,Remote,Internship,"Next.js, HTML, Vite, GraphQL Client (Apollo), Accessibility (WCAG), Responsive Design",21024,39854,Software Engineering
Engineering Manager,Skyline Systems,"Los Angeles, CA",Full-time,"Problem Solving, GraphQL, TypeScript, Kotlin, ASP.NET, Message Queues (RabbitMQ)",133575,154508,Software Engineering
Junior Android Engineer,Skyline Systems,"Austin, TX",Full-time,"Mobile CI/CD, Mobile App Architecture, Android Development",58417,67663,Software Engineering
Senior Software Developer,Copperbend Works,Remote,Full-time,"Spring Boot, Continuous Integration, REST API Design, Flask, Material UI, DynamoDB, Redis",100347,125534,Software Engineering
Junior Software Developer,Fernwood Platforms,"Los Angeles, CA",Full-time,"Jest, Go, Redux, Microsoft Azure, PostgreSQL, Node.js",56510,78115,Software Engineering
Intern Frontend Developer,Cobalt Systems,"Atlanta, GA",Internship,"Figma, Tailwind CSS, Mentoring, Sass",20886,39535,Software Engineering
Intern Frontend Engineer,Ashgrove Platforms,"Boston, MA",Internship,"HTML, Svelte, Progressive Web Apps, Vue.js, Figma, React, Material UI",23147,37169,Software Engineering
Junior Frontend Engineer,Silverbrook Systems,Remote,Full-time,"Svelte, HTML, Responsive Design, JavaScript, Next.js, Figma",62852,73833,Software Engineering
Junior Full Stack Engineer,Cobalt Platforms,"Portland, OR",Full-time,"Django, Cross-browser Compatibility, gRPC, GraphQL, Google Cloud Platform, NestJS, Kotlin",68302,77741,Software Engineering
Intern Frontend Developer,Vertex Platforms,"Boston, MA",Internship,"Vite, Bootstrap, Tailwind CSS, TypeScript, Storybook, Redux",20224,38770,Software Engineering
Backend Engineer,Northwind Systems,"San Francisco, CA",Full-time,"MongoDB, Message Queues (RabbitMQ), Flask, C#, Microsoft Azure",80522,100162,Software Engineering
Senior Frontend Engineer,Amber Systems,Remote,Contract,"Next.js, Vite, GraphQL Client (Apollo), Cross-browser Compatibility, Responsive Design",109980,135089,Software Engineering
iOS Engineer,Quartzline Systems,"New York, NY",Full-time,"REST API Design, Mobile CI/CD, SwiftUI, Communication",75355,106296,Software Engineering
Junior Backend Engineer,Marrow Platforms,"Seattle, WA",Contract,"Redis, GraphQL, MySQL, PostgreSQL, REST API Design, Ruby on Rails, Python, C#",64068,72909,Software Engineering
Staff Software Engineer,Tidefall Platforms,"Austin, TX",Full-time,"MySQL, Kotlin, Material UI, DynamoDB, Microsoft Azure, Next.js, Continuous Integration, Express.js",141749,183547,Software Engineering
Junior Android Engineer,Quartzline Systems,"Chicago, IL",Full-time,"Mobile CI/CD, App Store Optimization, Mobile App Architecture",57008,76396,Software Engineering
Lead iOS Engineer,Tidefall Platforms,"Seattle, WA",Full-time,"REST API Design, SwiftUI, Push Notifications, Mobile App Architecture",134684,174972,Software Engineering
iOS Engineer,Timberline Systems,"Berlin, Germany",Full-time,"SwiftUI, Mobile Performance Optimization, Swift, App Store Optimization, iOS Development, Push Notifications, Objective-C",75232,108217,Software Engineering
Senior Mobile Engineer,Hollowreach Systems,"Portland, OR",Part-time,"REST API Design, Mobile App Architecture, React Native",109263,141617,Software Engineering
Intern Android Engineer,Copperbend Works,Remote,Internship,"Kotlin, Push Notifications, Mobile Performance Optimization, REST API Design",24821,39380,Software Engineering
"Engineering Manager, Mobile",Tidefall Systems,"New York, NY",Full-time,"Flutter, Cross-platform Development, Mobile App Architecture, Team Leadership, Mobile Performance Optimization, React Native, System Design",128275,155647,Software Engineering
Backend Developer,Palisade Systems,"Atlanta, GA",Full-time,"MySQL, Go, Ruby, PostgreSQL, ASP.NET, Message Queues (RabbitMQ), Distributed Systems, Django",75604,103474,Software Engineering
Senior Mobile Developer (iOS),Harborline Platforms,Remote,Full-time,"iOS Development, Mobile Performance Optimization, App Store Optimization, Team Leadership",102130,149753,Software Engineering
Junior Frontend Engineer,Driftwood Systems,Remote,Part-time,"HTML, Mentoring, Next.js",56108,79796,Software Engineering
Lead Software Developer,Brightbay Platforms,"Denver, CO",Full-time,"NestJS, Microsoft Azure, Vue.js, Progressive Web Apps, Webpack",149796,169140,Software Engineering
Senior Mobile Developer (Android),Onyx Platforms,"Portland, OR",Full-time,"REST API Design, Push Notifications, Team Leadership, Hexagonal Architecture",100107,142811,Software Engineering
Intern Backend Developer,Tidefall Systems,Remote,Internship,"DynamoDB, Google Cloud Platform, Django, C#",22046,36312,Software Engineering
Intern Frontend Developer,Silverbrook Systems,"Washington, DC",Internship,"Svelte, Figma, jQuery, Angular, Accessibility (WCAG), HTML, Redux",22870,33130,Software Engineering
Mobile Engineer,Northwind Platforms,"Portland, OR",Full-time,"Cross-platform Development, REST API Design, Kotlin Multiplatform, Communication, Mobile App Architecture, Dart",75401,105178,Software Engineering
Senior Android Engineer,Marrow Systems,"Austin, TX",Part-time,"Push Notifications, System Design, Mobile App Architecture, Kotlin, Android Development, Jetpack Compose",104264,149937,Software Engineering
Mobile Developer (Android),Basalt Platforms,"Sydney, Australia",Full-time,"Jetpack Compose, REST API Design, Git, Mobile CI/CD, Android Studio, Kotlin, App Store Optimization",81205,95508,Software Engineering
Lead Backend Developer,Wrenfield Systems,Remote,Full-time,"MongoDB, FastAPI, Distributed Systems",143940,173188,Software Engineering
Principal Frontend Developer,Meridian Platforms,"San Francisco, CA",Full-time,"Sass, Load Balancing, Distributed Systems, Figma",150138,188543,Software Engineering
Backend Engineer,Granite Platforms,"Los Angeles, CA",Full-time,"Django, MongoDB, Spring Boot, ASP.NET, REST API Design, Kubernetes",81568,107370,Software Engineering
Staff iOS Engineer,Hollowreach Works,Remote,Full-time,"Load Balancing, Xcode, REST API Design, System Design",146653,183313,Software Engineering
Intern Full Stack Engineer,Emberfield Systems,"New York, NY",Internship,"System Design, FastAPI, Accessibility (WCAG), Svelte, Kotlin, Python, Webpack, GraphQL",22190,39920,Software Engineering
Junior Full Stack Developer,Palisade Platforms,"Portland, OR",Full-time,"Java, Flask, JavaScript, Amazon Web Services, Cassandra, C#, CSS, FastAPI",58225,72359,Software Engineering
Full Stack Developer,Meridian Platforms,Remote,Full-time,"Responsive Design, Caching Strategies, gRPC",78925,107979,Software Engineering
Staff iOS Engineer,Nova Systems,"Raleigh, NC",Contract,"SwiftUI, Agile Methodology, Mobile Performance Optimization, REST API Design, Mobile App Architecture, Mobile CI/CD, Xcode, Push Notifications",159969,178844,Software Engineering
Intern Backend Engineer,Northwind Systems,"Boston, MA",Internship,"PostgreSQL, FastAPI, Go, Spring Boot, Message Queues (RabbitMQ), GraphQL, Docker,  Communication ",25489,36076,Software Engineering
Intern Android Engineer,Solstice Platforms,"Seattle, WA",Internship,"Mobile App Architecture, Mobile CI/CD, Mobile Performance Optimization, Android Studio, Android Development",20866,35075,Software Engineering
Software Developer,Nova Systems,"Los Angeles, CA",Full-time,"Cassandra, DynamoDB, Responsive Design, Distributed Systems",77945,107683,Software Engineering
Junior Mobile Developer (iOS),Granite Systems,"San Francisco, CA",Full-time,"REST API Design, Mobile Performance Optimization, iOS Development, Swift, Objective-C, SwiftUI, Xcode, App Store Optimization",55794,74540,Software Engineering
Full Stack Developer,Nova Systems,"Boston, MA",Full-time,"TypeScript, Figma, Cassandra",77228,107822,Software Engineering
Junior Full Stack Engineer,Cascadia Platforms,"London, UK",Contract,"Ruby, HTML, DynamoDB, Ruby on Rails",56362,78846,Software Engineering
Principal Mobile Engineer,Onyx Systems,"Portland, OR",Full-time,"Mobile App Architecture, React Native, Mobile CI/CD, Cross-platform Development, Git",150313,172314,Software Engineering
Engineering Manager,Palisade Platforms,Remote,Full-time,"Redis, Progressive Web Apps, Amazon Web Services, Next.js, Flask, Tailwind CSS, Event-Driven Architecture, Vue.js",136180,165800,Software Engineering
Junior Frontend Developer,Cascadia Systems,Remote,Full-time,"Cross-browser Compatibility, Angular, Accessibility (WCAG), GraphQL Client (Apollo)",61569,76704,Software Engineering
Junior Frontend Developer,Copperbend Works,Remote,Full-time,"Bootstrap, Git, React, Next.js, Responsive Design, Progressive Web Apps, Tailwind CSS, Svelte",57213,75579,Software Engineering
"Engineering Manager, Mobile",Coral Systems,"Atlanta, GA",Full-time,"Android Studio, REST API Design, Mobile App Architecture, Mobile Performance Optimization, Agile Methodology, Mobile CI/CD",134616,169831,Software Engineering
Intern Backend Engineer,Emberfield Systems,Remote,Internship,"ASP.NET, GraphQL, Spring Boot, FastAPI, Git, Docker",21388,32126,Software Engineering
Full Stack Engineer,Silverbrook Systems,"Denver, CO",Full-time,"Go, Cross-browser Compatibility, Mentoring, Kubernetes, MySQL, TypeScript, MongoDB, REST API Design",82889,100821,Software Engineering
Senior Frontend Engineer,Coral Platforms,Remote,Full-time,"HTML, Jest, Vue.js, TypeScript, Storybook, Svelte",120932,143180,Software Engineering
Frontend Engineer,Skyline Systems,Remote,Full-time,"Angular, HTML, Accessibility (WCAG), Webpack, Progressive Web Apps, Next.js, jQuery",83238,106384,Software Engineering
Lead Android Engineer,Timberline Systems,"Austin, TX",Full-time,"Problem Solving, Mobile Performance Optimization, Mobile App Architecture, Mobile CI/CD",138484,158708,Software Engineering
Staff Software Developer,Cobalt Systems,Remote,Contract,"CI/CD Pipelines, Agile Methodology, REST API Design, MySQL",161316,184634,Software Engineering
iOS Engineer,Pinecrest Platforms,"Raleigh, NC",Full-time,"Push Notifications, Git, Mobile App Architecture, Swift, REST API Design, Xcode",75386,98637,Software Engineering
Senior iOS Engineer,Onyx Platforms,"Washington, DC",Contract,"Objective-C, SwiftUI, Push Notifications, App Store Optimization, Code Review Practices, Mobile CI/CD, Distributed Systems, Hexagonal Architecture",102252,148290,Software Engineering
"Engineering Manager, Frontend",Ashgrove Platforms,Singapore,Full-time,"Bootstrap, GraphQL Client (Apollo), Load Balancing, Material UI, Vue.js, Responsive Design, Storybook, System Design",120407,149161,Software Engineering
Junior Software Developer,Cascadia Platforms,"San Francisco, CA",Full-time,"System Design, JavaScript, Amazon Web Services, gRPC, Redis, Ruby",57568,76235,Software Engineering
Frontend Developer,Solstice Platforms,"Dublin, Ireland",Contract,"React, Svelte, TypeScript, Cross-browser Compatibility, Storybook, Problem Solving, HTML",77137,105661,Software Engineering
Principal Backend Developer,Thistledown Systems,"Austin, TX",Full-time,"Node.js, Go, gRPC",168151,189991,Software Engineering
Intern Mobile Developer (iOS),Marrow Platforms,"London, UK",Internship,"SwiftUI, Mobile Performance Optimization, iOS Development, Objective-C, App Store Optimization, Problem Solving, Mobile App Architecture",25228,38279,Software Engineering
Software Engineer,Skyline Systems,"Washington, DC",Full-time,"Microservices Architecture, Accessibility (WCAG), Microsoft Azure, Cross-browser Compatibility",80266,101830,Software Engineering
Backend Engineer,Copperbend Platforms,"Boston, MA",Full-time,"Ruby, Python, Spring Boot, Ruby on Rails",75431,109364,Software Engineering
Principal Backend Developer,Cinderfall Systems,Remote,Full-time,"Communication, Flask, System Design, Spring Boot",155696,186701,Software Engineering
Backend Engineer,Redwood Platforms,"Sydney, Australia",Full-time,"Caching Strategies, Microservices Architecture, CI/CD Pipelines, Google Cloud Platform",89614,107035,Software Engineering
Junior Software Engineer,Copperbend Platforms,"Bengaluru, India",Full-time,"Next.js, Microsoft Azure, Vue.js",55001,79892,Software Engineering
Senior iOS Engineer,Northwind Platforms,"Boston, MA",Part-time,"Mobile CI/CD, App Store Optimization, Mobile Performance Optimization",107543,148834,Software Engineering
Junior Android Engineer,Tidefall Systems,"Seattle, WA",Full-time,"Kotlin, Team Leadership, Mobile CI/CD, REST API Design, Android Development, App Store Optimization",56877,77379,Software Engineering
Staff Software Developer,Ashgrove Platforms,Remote,Full-time,"Progressive Web Apps, Vite, Bootstrap, Django",141812,176503,Software Engineering
Frontend Developer,Fernwood Systems,"Atlanta, GA",Full-time,"React, Vue.js, Figma, Tailwind CSS, Jest, Storybook, Next.js, GraphQL Client (Apollo)",77265,105678,Software Engineering
Senior Backend Engineer,Foxglove Systems,Remote,Full-time,"Mentoring, Docker, Distributed Systems, Redis",115853,144910,Software Engineering
Software Engineer,Meridian Systems,"Atlanta, GA",Contract,"Ruby on Rails, Microservices Architecture, Message Queues (RabbitMQ), DynamoDB, Caching Strategies, Amazon Web Services",75688,107962,Software Engineering
Lead Frontend Engineer,Cinderfall Systems,"Raleigh, NC",Full-time,"Webpack, Jest, Vue.js, Cross-browser Compatibility",142782,172036,Software Engineering
Full Stack Engineer,Thistledown Platforms,"Raleigh, NC",Contract,"Python, PostgreSQL, Bootstrap, Angular, gRPC, Caching Strategies, NestJS, Microsoft Azure",94412,109746,Software Engineering
Junior Android Engineer,Tidefall Platforms,"Los Angeles, CA",Full-time,"Jetpack Compose, Mobile CI/CD, Push Notifications, App Store Optimization, Android Studio, Mobile Performance Optimization, Mentoring",56290,70168,Software Engineering
Intern iOS Engineer,Skyline Systems,Remote,Internship,"Xcode, Mobile Performance Optimization, Swift, REST API Design, App Store Optimization, SwiftUI, Push Notifications",20116,34959,Software Engineering
Intern Android Engineer,Amber Platforms,"Seattle, WA",Internship,"Android Development, Android Studio, Mobile App Architecture, Mobile CI/CD, REST API Design",22305,38205,Software Engineering
Frontend Engineer,Quartzline Systems,"New York, NY",Full-time,"GraphQL Client (Apollo), jQuery, Figma, Bootstrap",79450,106290,Software Engineering
Mobile Developer (Android),Coral Platforms,"Portland, OR",Full-time,"Jetpack Compose, Push Notifications, Mobile App Architecture, Android Studio, REST API Design, Mobile CI/CD, Android Development",80723,105265,Software Engineering
Junior Full Stack Engineer,Wrenfield Platforms,"New York, NY",Full-time,"Vite, Jest, Microservices Architecture",55126,78016,Software Engineering
Junior Mobile Developer (iOS),Onyx Platforms,"Amsterdam, Netherlands",Full-time,"Objective-C, Swift, Xcode, SwiftUI, App Store Optimization, Mobile Performance Optimization, Push Notifications, Problem Solving",55277,73940,Software Engineering
Intern Full Stack Developer,Driftwood Platforms,"Atlanta, GA",Internship,"Figma, FastAPI, Docker, Communication",27461,38831,Software Engineering
Software Developer,Tidefall Systems,Remote,Contract,"Mentoring, Flask, Go, Message Queues (RabbitMQ), Angular, Cassandra, TypeScript",75390,109138,Software Engineering
Software Engineer,Northwind Systems,"New York, NY",Part-time,"Mentoring, Vue.js, jQuery, JavaScript",86071,104023,Software Engineering
Senior iOS Engineer,Solstice Systems,"Seattle, WA",Full-time,"SwiftUI, Xcode, Mobile App Architecture, Hexagonal Architecture, iOS Development, Mobile CI/CD, App Store Optimization, Mentoring",100538,149127,Software Engineering
Android Engineer,Bluepeak Platforms,"Dublin, Ireland",Full-time,"Mobile Performance Optimization, Mobile App Architecture, Android Development, Mobile CI/CD, Continuous Integration, App Store Optimization",82430,104450,Software Engineering
iOS Engineer,Lattice Platforms,"Boston, MA",Full-time,"Mobile App Architecture, Mobile Performance Optimization, SwiftUI, Mobile CI/CD, iOS Development",81071,95027,Software Engineering
Junior Android Engineer,Cinderfall Systems,Remote,Full-time,"Mobile App Architecture, Agile Methodology, Kotlin, REST API Design, App Store Optimization, Mobile Performance Optimization, Android Development",59120,73628,Software Engineering
Junior Mobile Developer (Android),Pinecrest Platforms,"Boston, MA",Full-time,"Kotlin, Mobile App Architecture, Android Development, Jetpack Compose, Mobile CI/CD, App Store Optimization, REST API Design, Mobile Performance Optimization",57653,79736,Software Engineering
Senior Mobile Developer (Android),Pinecrest Systems,Remote,Part-time,"App Store Optimization, Domain-Driven Design, Android Studio, Continuous Integration, Android Development, Kotlin, REST API Design, Mobile App Architecture",113473,147345,Software Engineering
Lead Android Engineer,Harborline Platforms,"Boston, MA",Full-time,"Jetpack Compose, Mobile Performance Optimization, Distributed Systems, App Store Optimization, Kotlin",141545,172869,Software Engineering
Junior Frontend Developer,Crestline Platforms,"Portland, OR",Full-time,"Tailwind CSS, TypeScript, Bootstrap, Material UI, Redux, Cross-browser Compatibility",56748,79034,Software Engineering
Intern Frontend Engineer,Solstice Platforms,Remote,Internship,"TypeScript, Sass, JavaScript, Jest, Redux, CSS",20590,38707,Software Engineering
Junior Frontend Developer,Cobalt Platforms,Remote,Full-time,"Sass, Material UI, Figma",58077,71635,Software Engineering
Junior Android Engineer,Meridian Systems,"New York, NY",Full-time,"Mobile Performance Optimization, Jetpack Compose, Mobile CI/CD",55113,79992,Software Engineering
Mobile Engineer,Bluepeak Platforms,"Raleigh, NC",Full-time,"Flutter, Kotlin Multiplatform, React Native, Dart",88127,109761,Software Engineering
Junior Mobile Developer (Android),Pinecrest Platforms,Remote,Full-time,"Android Studio, Mobile Performance Optimization, Mobile CI/CD, Push Notifications, App Store Optimization, Android Development, REST API Design",55607,79132,Software Engineering
Intern Software Engineer,Driftwood Systems,"Portland, OR",Internship,"Bootstrap, Material UI, Responsive Design, GraphQL, Caching Strategies",26035,39007,Software Engineering
Junior iOS Engineer,Cascadia Systems,"Austin, TX",Full-time,"SwiftUI, REST API Design, Swift, Mobile Performance Optimization, iOS Development, Xcode, Push Notifications",55165,70184,Software Engineering
Senior Full Stack Developer,Cinderfall Systems,"Chicago, IL",Part-time,"CI/CD Pipelines, Progressive Web Apps, Amazon Web Services, Ruby on Rails",119787,143471,Software Engineering
Lead Android Engineer,Amber Systems,Remote,Full-time,"Android Studio, Mobile CI/CD, Kotlin, Jetpack Compose, Problem Solving, Android Development, System Design, Push Notifications",131995,169909,Software Engineering
Intern Frontend Developer,Meridian Systems,"Los Angeles, CA",Internship,"Webpack, Bootstrap, Code Review Practices",23538,37440,Software Engineering
Junior Mobile Engineer,Onyx Systems,"Washington, DC",Full-time,"React Native, Kotlin Multiplatform, Cross-platform Development, Flutter, REST API Design, Dart, Mobile CI/CD, Mobile Performance Optimization",56286,75794,Software Engineering
Junior Software Developer,Amber Systems,Remote,Full-time,"Next.js, Microsoft Azure, Spring Boot, Cassandra, Code Review Practices",56718,75435,Software Engineering
Senior Mobile Developer (Android),Vertex Platforms,"Denver, CO",Full-time,"Domain-Driven Design, REST API Design, Mobile Performance Optimization, Mobile CI/CD, App Store Optimization, Technical Writing, Android Studio",106490,128358,Software Engineering
Senior Mobile Developer (Android),Redwood Platforms,Remote,Full-time,"REST API Design, Jetpack Compose, Mobile CI/CD, Mobile Performance Optimization, Agile Methodology, Push Notifications, Mentoring",114695,136362,Software Engineering
Lead Software Developer,Copperbend Systems,"Austin, TX",Full-time,"Message Queues (RabbitMQ), Vite, Docker",144248,165863,Software Engineering
Intern Software Engineer,Northwind Platforms,Remote,Internship,"Webpack, MongoDB, System Design, Go, TypeScript, GraphQL, Flask, Ruby on Rails",23954,37002,Software Engineering
Staff Mobile Engineer,Skyline Platforms,Remote,Full-time,"Flutter, Kotlin Multiplatform, Mobile CI/CD, Mobile App Architecture, React Native, Dart",147501,175574,Software Engineering
Junior iOS Engineer,Silverbrook Works,"Washington, DC",Full-time,"Mobile Performance Optimization, Xcode, iOS Development",62975,73161,Software Engineering
Junior Frontend Developer,Ashgrove Platforms,"Atlanta, GA",Full-time,"Progressive Web Apps, Figma, Sass, Responsive Design, Storybook, HTML, TypeScript",58856,71349,Software Engineering
Staff Mobile Engineer,Brightbay Platforms,"Raleigh, NC",Full-time,"Dart, Flutter, Mobile Performance Optimization, Kotlin Multiplatform, React Native",143366,184600,Software Engineering
Frontend Engineer,Tidefall Platforms,"Denver, CO",Part-time,"Figma, Tailwind CSS, Vite, CSS",84934,102068,Software Engineering
Senior Software Developer,Windemere Systems,"Seattle, WA",Full-time,"Next.js, Sass, Microsoft Azure, ASP.NET, Flask, Kubernetes",107011,126830,Software Engineering
Mobile Developer (Android),Onyx Systems,"Los Angeles, CA",Part-time,"Mobile App Architecture, Git, Jetpack Compose, REST API Design, Android Development, Android Studio",81767,102357,Software Engineering
Principal iOS Engineer,Redwood Platforms,"San Francisco, CA",Full-time,"SwiftUI, Mobile App Architecture, Xcode, App Store Optimization, Scrum",160571,176409,Software Engineering
Lead Frontend Developer,Basalt Platforms,"Portland, OR",Full-time,"JavaScript, Next.js, Jest, Webpack, TypeScript, HTML",138783,166845,Software Engineering
Engineering Manager,Fernwood Platforms,Remote,Full-time,"Jest, Microsoft Azure,  TypeScript , Django, Vite, CI/CD Pipelines, C#, Mentoring",132310,168990,Software Engineering
"Engineering Manager, Frontend",Redwood Systems,"Seattle, WA",Full-time,"Jest, JavaScript, Vue.js, Cross-browser Compatibility, Load Balancing",129080,169896,Software Engineering
Junior Mobile Engineer,Thistledown Systems,Remote,Full-time,"REST API Design, Dart, Flutter",55010,77381,Software Engineering
Senior Full Stack Engineer,Redwood Platforms,"Los Angeles, CA",Full-time,"Django, Responsive Design, Go, Amazon Web Services, Progressive Web Apps, jQuery, Ruby on Rails, Microservices Architecture",100359,147875,Software Engineering
Senior Frontend Developer,Thistledown Systems,"Seattle, WA",Contract,"Angular, Progressive Web Apps, GraphQL Client (Apollo), Sass, Vite, Figma",100238,140454,Software Engineering
Principal Backend Developer,Redwood Systems,"New York, NY",Contract,"Continuous Integration, Message Queues (RabbitMQ), PostgreSQL, Node.js, Ruby on Rails, Flask, FastAPI",152658,188070,Software Engineering
Staff iOS Engineer,Slatestone Systems,"Sydney, Australia",Contract,"Mobile CI/CD, Hexagonal Architecture, PUSH NOTIFICATIONS, Swift, Team Leadership, iOS Development",161095,184965,Software Engineering
Senior Software Engineer,Nova Platforms,"Sydney, Australia",Full-time,"Distributed Systems, Tailwind CSS, Figma",107104,139600,Software Engineering
Senior Frontend Engineer,Palisade Platforms,"Sydney, Australia",Contract,"Material UI, Next.js, Svelte",118577,138953,Software Engineering
Mobile Engineer,Thistledown Systems,"Chicago, IL",Part-time,"React Native, Mobile App Architecture, Cross-platform Development, Mobile Performance Optimization, Kotlin Multiplatform",75871,109114,Software Engineering
Engineering Manager,Thistledown Platforms,"London, UK",Full-time,"Google Cloud Platform, Go, Redux, ASP.NET",122543,169222,Software Engineering
Principal Frontend Engineer,Crestline Platforms,Remote,Full-time,"Mentoring, Team Leadership, Jest",151180,189597,Software Engineering
Senior Software Engineer,Brightbay Systems,"Boston, MA",Full-time,"Cassandra, Sass, MongoDB",100460,145432,Software Engineering
Senior Frontend Developer,Ashgrove Platforms,"Chicago, IL",Contract,"Progressive Web Apps, Jest, React, TypeScript, Vue.js",106425,146417,Software Engineering
Principal Android Engineer,Bluepeak Platforms,"Chicago, IL",Full-time,"Mobile CI/CD, Kotlin, REST API Design, Android Studio, Mobile Performance Optimization, System Design, Android Development, Push Notifications",152022,188049,Software Engineering
Intern Software Engineer,Timberline Systems,"Atlanta, GA",Internship,"Mentoring, Storybook, Material UI, TypeScript, Redux",25597,32776,Software Engineering
Mobile Developer (Android),Copperbend Systems,"Chicago, IL",Part-time,"Kotlin, Mobile Performance Optimization, Android Studio, App Store Optimization, Push Notifications, Mobile App Architecture, Mobile CI/CD, REST API Design",76866,100990,Software Engineering
Mobile Engineer,Emberfield Platforms,"Atlanta, GA",Full-time,"Cross-platform Development, Kotlin Multiplatform, Flutter, Mobile Performance Optimization, REST API Design, Mobile CI/CD, React Native",88389,107141,Software Engineering
Backend Engineer,Thistledown Platforms,"New York, NY",Part-time,"PostgreSQL, Flask, CI/CD Pipelines",79981,97513,Software Engineering
Mobile Developer (iOS),Tidefall Systems,"Sydney, Australia",Full-time,"Swift, Push Notifications, OBJECTIVE-C, Mobile Performance Optimization",75136,109351,Software Engineering
Intern Software Engineer,Ashgrove Platforms,"Austin, TX",Internship,"Next.js, Problem Solving,  Progressive Web Apps , Go, jQuery, Spring Boot, Storybook, Accessibility (WCAG)",22218,36562,Software Engineering
Junior Software Engineer,Fernwood Systems,"Washington, DC",Full-time,"Go, Vue.js, Storybook, Cassandra, jQuery, Event-Driven Architecture, Caching Strategies, Microsoft Azure",55386,69880,Software Engineering
Senior Backend Developer,Cobalt Platforms,"Bengaluru, India",Full-time,"Google Cloud Platform, C#, Caching Strategies, Spring Boot, Java, MongoDB, Ruby on Rails, ASP.NET",126055,147255,Software Engineering
Full Stack Engineer,Brightbay Platforms,"Bengaluru, India",Part-time,"Python, PostgreSQL, Responsive Design",77288,93712,Software Engineering
Junior Full Stack Engineer,Copperbend Platforms,"Raleigh, NC",Contract,"Ruby, Message Queues (RabbitMQ), Continuous Integration, Java, Microsoft Azure",60294,78906,Software Engineering
Android Engineer,Wrenfield Systems,"London, UK",Full-time,"Jetpack Compose, Mobile Performance Optimization, Kotlin, Problem Solving, Push Notifications, App Store Optimization, Mobile CI/CD",75202,109943,Software Engineering
Full Stack Engineer,Slatestone Platforms,"Seattle, WA",Full-time,"Kotlin, Storybook, Svelte, Go, System Design, Message Queues (RabbitMQ), HTML",87639,109292,Software Engineering
Mobile Developer (iOS),Foxglove Systems,"Los Angeles, CA",Full-time,"REST API Design, Objective-C, Xcode, APP STORE OPTIMIZATION, Swift",82396,108969,Software Engineering
Junior Android Engineer,Solstice Systems,"Los Angeles, CA",Full-time,"Android Development, Jetpack Compose, Communication, Mobile CI/CD, Kotlin, App Store Optimization",58820,76800,Software Engineering
Junior Full Stack Developer,Northwind Systems,"Dublin, Ireland",Full-time,"REST API Design, PostgreSQL, Vue.js, Redux, Event-Driven Architecture, HTML, Material UI, Microservices Architecture",58709,72524,Software Engineering
Junior Android Engineer,Quartzline Systems,"Denver, CO",Full-time,"Mobile App Architecture, Mobile Performance Optimization, Jetpack Compose, Android Studio, Kotlin",59463,79733,Software Engineering
Software Engineer,Skyline Systems,"Chicago, IL",Contract,"Go, Storybook, React",78525,100670,Software Engineering
Software Developer,Hollowreach Works,"London, UK",Full-time,"Amazon Web Services, ASP.NET, Go, MongoDB, Sass, Flask, Responsive Design",81345,107981,Software Engineering
Staff Full Stack Developer,Driftwood Platforms,Remote,Full-time,"C#, Express.js, Flask, MySQL, REST API Design, Redis, Jest",145506,171242,Software Engineering
Staff Frontend Engineer,Solstice Systems,"Los Angeles, CA",Full-time,"Vite, Accessibility (WCAG), Webpack, Storybook, JavaScript, Responsive Design, Sass, Jest",151936,171134,Software Engineering
Intern Software Developer,Ashgrove Platforms,"Denver, CO",Internship,"C#, Google Cloud Platform, PostgreSQL, Caching Strategies, Progressive Web Apps, DynamoDB",20295,38941,Software Engineering
Staff Software Developer,Cobalt Platforms,"Dublin, Ireland",Full-time,"Event-Driven Architecture, Storybook, Message Queues (RabbitMQ)",144068,181523,Software Engineering
Junior Software Developer,Quartzline Systems,"New York, NY",Full-time,"C#, Kotlin, Express.js, Webpack, Cross-browser Compatibility, REST API Design, Microsoft Azure, TypeScript",65602,75720,Software Engineering
Intern Frontend Engineer,Basalt Platforms,"New York, NY",Internship,"TypeScript, Svelte, Progressive Web Apps, JavaScript, HTML, Jest, Material UI, React",24174,36942,Software Engineering
Senior Full Stack Engineer,Silverbrook Works,"Portland, OR",Part-time,"Node.js, Ruby on Rails, gRPC, Mentoring, Spring Boot",106215,138899,Software Engineering
Senior iOS Engineer,Granite Systems,"New York, NY",Part-time,"Mentoring, Mobile App Architecture, REST API Design, Domain-Driven Design, Swift, Objective-C",100616,146744,Software Engineering
Junior Backend Developer,Cascadia Systems,"Los Angeles, CA",Full-time,"CI/CD Pipelines, Caching Strategies, Amazon Web Services, Message Queues (RabbitMQ), gRPC",57215,78075,Software Engineering
Intern Frontend Engineer,Basalt Platforms,"Raleigh, NC",Internship,"HTML, Storybook, CSS, Vite",24738,38411,Software Engineering
Mobile Engineer,Onyx Platforms,"Bengaluru, India",Full-time,"Mobile Performance Optimization, Kotlin Multiplatform, React Native, Cross-platform Development, Dart, Mobile App Architecture",80291,105676,Software Engineering
Junior iOS Engineer,Silverbrook Systems,"San Francisco, CA",Full-time,"Mobile Performance Optimization, Xcode, Mobile App Architecture, SwiftUI, Mobile CI/CD, iOS Development, Push Notifications, Objective-C",59626,78710,Software Engineering
Junior Backend Engineer,Wrenfield Systems,"Denver, CO",Part-time,"Docker, Microsoft Azure, Cassandra, Amazon Web Services",55704,79193,Software Engineering
Lead Frontend Engineer,Driftwood Systems,Remote,Full-time,"Distributed Systems, Cross-browser Compatibility, Sass, Progressive Web Apps, HTML, Accessibility (WCAG)",145031,167858,Software Engineering
Principal Backend Developer,Northwind Platforms,Remote,Full-time,"Express.js, GraphQL, Go",150636,186564,Software Engineering
Intern Full Stack Developer,Driftwood Platforms,"Denver, CO",Internship,"Ruby, Vue.js, CSS, Message Queues (RabbitMQ), ASP.NET, REST API Design, Docker, HTML",26907,36760,Software Engineering
Frontend Developer,Gullhaven Platforms,"Seattle, WA",Part-time,"Vue.js, HTML, TypeScript, JavaScript, Code Review Practices",84537,105846,Software Engineering
Lead Mobile Developer (iOS),Crestline Systems,Remote,Full-time,"Mobile App Architecture, Mobile CI/CD, Mobile Performance Optimization, Hexagonal Architecture",136109,161814,Software Engineering
Principal Software Engineer,Ironwood Systems,Remote,Full-time,"CSS, JavaScript, Bootstrap",153256,179930,Software Engineering
Mobile Developer (Android),Vertex Systems,Remote,Full-time,"Scrum, Push Notifications, Android Development, Jetpack Compose, Mobile Performance Optimization, Mobile CI/CD",75957,104576,Software Engineering
Senior Software Engineer,Quartzline Systems,Remote,Full-time,"Communication, Google Cloud Platform, Angular, ASP.NET, Responsive Design, FastAPI",106500,140528,Software Engineering
Junior Frontend Engineer,Solstice Systems,"Washington, DC",Full-time,"JavaScript, Storybook, Cross-browser Compatibility,  Next.js , React, Vite, GraphQL Client (Apollo)",65013,76700,Software Engineering
Mobile Developer (Android),Granite Systems,Remote,Full-time,"Push Notifications, REST API Design, Kotlin, App Store Optimization",78284,97370,Software Engineering
Backend Engineer,Quartzline Systems,"Berlin, Germany",Contract,"Ruby, DynamoDB, CI/CD Pipelines, ASP.NET, Docker, Go",75203,103517,Software Engineering
Senior Frontend Developer,Onyx Platforms,Remote,Full-time,"Webpack, Storybook, Jest, Vue.js, Progressive Web Apps, Material UI, JavaScript, Tailwind CSS",117522,149551,Software Engineering
iOS Engineer,Timberline Systems,"Washington, DC",Full-time,"Push Notifications, iOS Development, Mobile Performance Optimization, Xcode, REST API Design, Objective-C",80555,105509,Software Engineering
Staff Full Stack Engineer,Skyline Platforms,Remote,Full-time,"Cassandra, Problem Solving, Vue.js, Accessibility (WCAG), Redis, Kotlin",148264,179692,Software Engineering
Intern Software Developer,Ashgrove Platforms,"Boston, MA",Internship,"Cassandra, Flask, Docker, Jest, Redux, Vue.js, Webpack, MongoDB",20336,39877,Software Engineering
Mobile Developer (iOS),Hollowreach Works,"Raleigh, NC",Full-time,"Mobile Performance Optimization, Xcode, Swift, SwiftUI, Push Notifications, iOS Development, Mobile CI/CD, Mobile App Architecture",76104,109279,Software Engineering
Engineering Manager,Marrow Platforms,"Denver, CO",Full-time,"Distributed Systems, ASP.NET, Docker, Redux, Jest",120371,169748,Software Engineering
Lead Frontend Developer,Ironwood Platforms,"Portland, OR",Contract,"Bootstrap, Progressive Web Apps, jQuery, Redux, Hexagonal Architecture, Cross-browser Compatibility",146529,168160,Software Engineering
Junior Mobile Engineer,Hollowreach Platforms,"Dublin, Ireland",Full-time,"React Native, Technical Writing, REST API Design, Mobile Performance Optimization",68382,79626,Software Engineering
"Engineering Manager, Frontend",Ironwood Platforms,"Amsterdam, Netherlands",Contract,"Mentoring, Svelte, Tailwind CSS, Storybook, TypeScript, Vue.js, HTML",124485,151948,Software Engineering
Senior Full Stack Developer,Cascadia Systems,Singapore,Full-time,"Microservices Architecture, GraphQL, Sass, HTML, jQuery, Microsoft Azure, System Design, JavaScript",108579,147132,Software Engineering
Lead Frontend Developer,Basalt Platforms,"San Francisco, CA",Contract,"TypeScript, Accessibility (WCAG), Tailwind CSS, Code Review Practices, Webpack, Figma",140362,171744,Software Engineering
Junior Frontend Developer,Copperbend Platforms,Remote,Part-time,"jQuery, React, Vue.js, GraphQL Client (Apollo), Tailwind CSS, CSS",61649,79821,Software Engineering
Principal Android Engineer,Vertex Platforms,Remote,Contract,"Team Leadership, Mobile CI/CD, Push Notifications, JETPACK COMPOSE, Domain-Driven Design, REST API Design, Kotlin",158843,187705,Software Engineering
Full Stack Developer,Gullhaven Platforms,Remote,Part-time,"Ruby on Rails, Docker, Svelte, Ruby",78373,109764,Software Engineering
Full Stack Engineer,Windemere Systems,"Raleigh, NC",Full-time,"ASP.NET, PostgreSQL, TypeScript, DynamoDB, Express.js, Angular, JavaScript",79221,105603,Software Engineering
Frontend Developer,Copperbend Platforms,"Seattle, WA",Full-time,"TypeScript, Agile Methodology, GraphQL Client (Apollo), Webpack",80753,106641,Software Engineering
iOS Engineer,Cobalt Systems,Remote,Contract,"SwiftUI, App Store Optimization, Mobile App Architecture, Xcode, Swift, Problem Solving, Objective-C, Mobile Performance Optimization",79903,102010,Software Engineering
Staff Mobile Developer (iOS),Wrenfield Platforms,"New York, NY",Contract,"Xcode, Mobile Performance Optimization, iOS Development, Team Leadership, Push Notifications, Mentoring, Mobile App Architecture, App Store Optimization",146542,182778,Software Engineering
Senior Backend Engineer,Foxglove Platforms,"Bengaluru, India",Contract,"MongoDB, Express.js, System Design,  Team Leadership , Redis, Flask, Ruby, NestJS",115588,148395,Software Engineering
Senior Mobile Developer (iOS),Slatestone Systems,"Boston, MA",Full-time,"Scrum, Xcode, Mobile CI/CD, Domain-Driven Design, Swift, iOS Development, Mobile Performance Optimization, Objective-C",102611,148829,Software Engineering
Junior Software Engineer,Pinecrest Systems,"Denver, CO",Full-time,"Kubernetes, MongoDB, Java, Vue.js, HTML, Django",56287,76146,Software Engineering
Junior Mobile Engineer,Pinecrest Platforms,"Denver, CO",Part-time,"Mobile CI/CD, React Native, Cross-platform Development, Flutter, Dart, REST API Design, Mobile Performance Optimization",56452,73859,Software Engineering
Junior Software Engineer,Cobalt Platforms,"Chicago, IL",Part-time,"CI/CD Pipelines, MySQL, HTML, Microservices Architecture, System Design, jQuery, Vite",55684,79084,Software Engineering
Senior Backend Developer,Cinderfall Platforms,"Denver, CO",Full-time,"MySQL, Team Leadership, Amazon Web Services",100164,149347,Software Engineering
iOS Engineer,Redwood Systems,"New York, NY",Part-time,"Swift, Xcode, App Store Optimization, Objective-C, Mobile Performance Optimization",81252,106797,Software Engineering
Intern Backend Developer,Driftwood Systems,"Raleigh, NC",Internship,"Ruby, Go, Microsoft Azure, Kotlin, Node.js",29086,38680,Software Engineering
Full Stack Developer,Hollowreach Systems,"Portland, OR",Contract,"jQuery, Angular, Django, ASP.NET, GraphQL, Accessibility (WCAG), Mentoring",75910,109522,Software Engineering
Staff Frontend Developer,Pinecrest Systems,"Berlin, Germany",Contract,"Mentoring, Webpack, Tailwind CSS",143259,182704,Software Engineering
Staff Frontend Engineer,Tidefall Platforms,"San Francisco, CA",Contract,"React, Team Leadership, GraphQL Client (Apollo), Responsive Design, CSS, HTML, Vite, Distributed Systems",161038,179968,Software Engineering
Junior Full Stack Engineer,Timberline Systems,"Denver, CO",Full-time,"System Design, Technical Writing, Bootstrap, TypeScript, Figma, C#, Django",55616,74844,Software Engineering
Engineering Manager,Copperbend Systems,"Dublin, Ireland",Full-time,"Django, PostgreSQL, Docker",121250,167646,Software Engineering
Staff Software Developer,Harborline Platforms,"Los Angeles, CA",Full-time,"Flask, Cross-browser Compatibility, Redux, Microservices Architecture, Redis, GraphQL Client (Apollo), Ruby",141239,181707,Software Engineering
Junior Full Stack Developer,Silverbrook Works,"San Francisco, CA",Full-time,"Event-Driven Architecture, Jest, System Design, Material UI, Express.js, Bootstrap",55175,79958,Software Engineering
Senior Mobile Engineer,Hollowreach Systems,Remote,Full-time,"Mobile App Architecture, React Native, Mobile Performance Optimization, Domain-Driven Design",100269,149972,Software Engineering
Junior Android Engineer,Hollowreach Works,"Los Angeles, CA",Part-time,"REST API Design, Kotlin, Mobile CI/CD, Jetpack Compose, Mobile Performance Optimization, Android Development, Push Notifications, Mobile App Architecture",59750,79124,Software Engineering
Staff Mobile Developer (iOS),Emberfield Platforms,"Washington, DC",Contract,"Swift, App Store Optimization, Mentoring, Push Notifications, Objective-C, iOS Development",155704,172657,Software Engineering
Lead Mobile Engineer,Harborline Platforms,"New York, NY",Full-time,"Mentoring, Mobile App Architecture, Distributed Systems, Dart, Cross-platform Development, React Native, Kotlin Multiplatform, Mobile Performance Optimization",139991,158600,Software Engineering
Junior Mobile Developer (Android),Thistledown Systems,Remote,Full-time,"REST API Design, Android Development, Kotlin, App Store Optimization",60659,77769,Software Engineering
Intern Software Developer,Brightbay Systems,"Portland, OR",Internship,"MongoDB, Redis, Code Review Practices",21726,37015,Software Engineering
Senior Full Stack Engineer,Redwood Systems,"Austin, TX",Full-time,"redis, Sass, Angular, gRPC, Mentoring, Progressive Web Apps, Material UI, JavaScript",116606,149136,Software Engineering
Mobile Developer (iOS),Driftwood Systems,"New York, NY",Full-time,"Push Notifications, Mobile CI/CD, iOS Development, xcode, Objective-C, Mobile App Architecture, Mobile Performance Optimization, App Store Optimization, Mobile CI/CD",78779,92393,Software Engineering
Backend Developer,Windemere Systems,"Seattle, WA",Full-time,"Microsoft Azure, Node.js, FastAPI, Java, PostgreSQL, Flask, NestJS",85763,105762,Software Engineering
Junior Android Engineer,Tidefall Platforms,"Austin, TX",Contract,"Jetpack Compose, Mobile CI/CD, App Store Optimization",59770,74319,Software Engineering
Junior Backend Developer,Harborline Systems,"Austin, TX",Full-time,"Java, Microservices Architecture, Redis, ASP.NET, DynamoDB, NestJS, gRPC",61298,78461,Software Engineering
Senior Full Stack Engineer,Cascadia Platforms,"Dublin, Ireland",Full-time,"Docker, React, GraphQL Client (Apollo), Git",101381,146134,Software Engineering
Senior Android Engineer,Meridian Systems,"San Francisco, CA",Full-time,"App Store Optimization, REST API Design, Continuous Integration, Kotlin",121281,141813,Software Engineering
Senior Full Stack Engineer,Meridian Platforms,Remote,Full-time,"System Design, Message Queues (RabbitMQ), GraphQL Client (Apollo), Figma, Express.js, Redux, JavaScript",104221,137692,Software Engineering
Junior Software Developer,Thistledown Platforms,"San Francisco, CA",Full-time,"Redux, Django, Tailwind CSS, Code Review Practices",58722,79176,Software Engineering
Staff Frontend Developer,Timberline Platforms,"Boston, MA",Contract,"Material UI, Agile Methodology, Distributed Systems, React, JavaScript",140350,184871,Software Engineering
Junior Android Engineer,Cinderfall Systems,Remote,Full-time,"Jetpack Compose, Push Notifications, Android Studio, Mobile Performance Optimization, Android Development, Kotlin",55105,79867,Software Engineering
"Engineering Manager, Mobile",Palisade Systems,"Bengaluru, India",Full-time,"Mobile Performance Optimization, Mentoring, Technical Writing, Android Development",141222,169931,Software Engineering
Junior Full Stack Engineer,Silverbrook Works,"Dublin, Ireland",Full-time,"Ruby on Rails, CI/CD Pipelines, Redis, Cassandra, Communication, TypeScript, Microsoft Azure",60381,79875,Software Engineering
Senior Android Engineer,Palisade Platforms,"Los Angeles, CA",Part-time,"Mobile Performance Optimization, Mobile App Architecture, Android Studio, REST API Design, Android Development, Problem Solving",109649,131830,Software Engineering
Junior Backend Developer,Gullhaven Platforms,Singapore,Full-time,"Java, MySQL, Cassandra, Agile Methodology, Ruby on Rails, GraphQL, Distributed Systems, C#",57113,70764,Software Engineering
Junior Android Engineer,Vertex Platforms,Remote,Part-time,"Mobile App Architecture, App Store Optimization, Mobile CI/CD, Technical Writing, Kotlin",63067,75268,Software Engineering
Intern Full Stack Engineer,Fernwood Platforms,"Washington, DC",Internship,"Svelte, DynamoDB, System Design, Distributed Systems, Tailwind CSS",27320,38297,Software Engineering
Senior Backend Engineer,Gullhaven Platforms,"Chicago, IL",Full-time,"Ruby, CI/CD Pipelines, DynamoDB, Redis, Domain-Driven Design, Cassandra, Python, Go",104181,139097,Software Engineering
Senior Backend Developer,Meridian Systems,"Boston, MA",Contract,"gRPC, Flask, ASP.NET, REST API Design, Python, Kotlin, Go",100463,148906,Software Engineering
Lead Mobile Developer (Android),Cobalt Platforms,"Sydney, Australia",Full-time,"Kotlin, Android Studio, Android Development",132706,172639,Software Engineering
Staff Frontend Engineer,Cobalt Platforms,"Seattle, WA",Full-time,"TypeScript, Figma, Webpack, Sass, Storybook",141851,184904,Software Engineering
Senior Mobile Developer (iOS),Brightbay Platforms,"Austin, TX",Contract,"Mobile CI/CD, Xcode, Swift, Mobile Performance Optimization",100250,135279,Software Engineering
Junior Frontend Developer,Coral Systems,Remote,Full-time,"Vite, TypeScript, JavaScript, Storybook, Angular, GraphQL Client (Apollo), Svelte, CSS",57083,75052,Software Engineering
Senior Full Stack Developer,Lattice Platforms,"New York, NY",Full-time,"Git, Redux, Go, React",115290,142343,Software Engineering
Intern Backend Developer,Harborline Systems,"Boston, MA",Internship,"Node.js, Python, Express.js, Cassandra, Amazon Web Services, Java, C#",24234,39886,Software Engineering
Software Engineer,Harborline Platforms,"Boston, MA",Full-time,"PostgreSQL, Spring Boot, Redux, Webpack, GraphQL, Material UI, Ruby on Rails",75158,109857,Software Engineering
Engineering Manager,Cascadia Systems,"Los Angeles, CA",Full-time,"ASP.NET, Docker, Django, Storybook, Responsive Design, Agile Methodology, Vue.js, Python",134893,168044,Software Engineering
Principal Backend Engineer,Foxglove Platforms,"Seattle, WA",Full-time,"Java, Event-Driven Architecture, Django, Kotlin",157282,179397,Software Engineering
Staff Software Engineer,Thistledown Platforms,"Toronto, ON",Full-time,"Django, Google Cloud Platform, C#, Flask, Event-Driven Architecture, Svelte, Accessibility (WCAG)",149827,179050,Software Engineering
Backend Engineer,Nova Platforms,Remote,Full-time,"FastAPI, DynamoDB, Microservices Architecture, EXPRESS.JS, Distributed Systems",86584,100848,Software Engineering
Junior Frontend Engineer,Basalt Systems,"Atlanta, GA",Part-time,"Figma, Angular, CSS, Next.js, Vite, TypeScript",61575,77990,Software Engineering
Lead Backend Engineer,Ashgrove Systems,"San Francisco, CA",Full-time,"Spring Boot, CI/CD Pipelines, REST API Design, Kubernetes, Event-Driven Architecture, gRPC, Ruby on Rails",133540,162320,Software Engineering
Junior Mobile Developer (iOS),Northwind Systems,"Austin, TX",Full-time,"Mobile CI/CD, iOS Development, Swift, REST API Design, Xcode, Mobile App Architecture",57748,71956,Software Engineering
Senior Mobile Developer (iOS),Wrenfield Platforms,Remote,Full-time,"Agile Methodology, Swift, REST API Design, System Design",102444,149107,Software Engineering
Senior iOS Engineer,Northwind Systems,Remote,Full-time,"Mobile App Architecture, Mobile Performance Optimization, Objective-C, REST API Design, Mobile CI/CD, Swift",111038,146413,Software Engineering
Senior Software Engineer,Northwind Systems,"Toronto, ON",Full-time,"Flask, React, JavaScript",114861,146457,Software Engineering
Intern iOS Engineer,Pinecrest Platforms,Remote,Internship,"Continuous Integration, Push Notifications, Swift, Objective-C",21538,38428,Software Engineering
Intern Android Engineer,Granite Platforms,"Toronto, ON",Internship,"Mobile CI/CD, Android Studio, Team Leadership, Android Development",22198,37443,Software Engineering
Frontend Engineer,Driftwood Platforms,"Toronto, ON",Full-time,"Svelte, Mentoring, Angular",85007,97479,Software Engineering
Principal Frontend Developer,Harborline Platforms,"Raleigh, NC",Full-time,"TypeScript, Figma, Distributed Systems, Vite, GraphQL Client (Apollo)",150165,188823,Software Engineering
Intern Mobile Developer (iOS),Foxglove Platforms,"Boston, MA",Internship,"Mobile Performance Optimization, Push Notifications, Xcode, App Store Optimization, Swift, iOS Development, Mobile App Architecture",22308,31191,Software Engineering
Mobile Developer (iOS),Foxglove Systems,"Bengaluru, India",Full-time,"Mobile App Architecture, iOS Development, Mobile CI/CD, Swift, REST API Design, SwiftUI, Push Notifications",81090,99119,Software Engineering
Junior Full Stack Developer,Pinecrest Platforms,Remote,Full-time,"Team Leadership, Python, Microservices Architecture, MongoDB, Amazon Web Services, Material UI, Storybook",56263,79074,Software Engineering
Full Stack Developer,Palisade Platforms,"San Francisco, CA",Full-time,"Python, Go, CI/CD Pipelines",81507,101249,Software Engineering
Lead Android Engineer,Meridian Platforms,"Berlin, Germany",Full-time,"Mobile CI/CD, Push Notifications, Mobile Performance Optimization",150230,173898,Software Engineering
Intern Software Developer,Palisade Systems,"Portland, OR",Internship,"Cross-browser Compatibility, Node.js, jQuery, Figma, Java",24786,32562,Software Engineering
Senior Mobile Developer (iOS),Solstice Platforms,"Los Angeles, CA",Full-time,"Swift, Objective-C, REST API Design, iOS Development, SwiftUI, Push Notifications, Xcode",100113,140700,Software Engineering
Senior Mobile Engineer,Gullhaven Systems,"Austin, TX",Full-time,"Domain-Driven Design, Dart, Cross-platform Development, Kotlin Multiplatform, Mobile CI/CD",101841,135935,Software Engineering
Backend Developer,Windemere Works,"New York, NY",Full-time,"C#, Docker, Continuous Integration",82490,96480,Software Engineering
Backend Engineer,Pinecrest Platforms,"Austin, TX",Contract,"ASP.NET, Event-Driven Architecture, Technical Writing, Amazon Web Services, Kubernetes, MongoDB",90910,104474,Software Engineering
Senior Frontend Developer,Vertex Platforms,"Austin, TX",Full-time,"JavaScript, CSS, Mentoring, Material UI, Storybook, Next.js, Angular",104383,149441,Software Engineering
Junior Android Engineer,Skyline Systems,Remote,Full-time,"Mentoring, Push Notifications, Android Development, REST API Design",62488,79625,Software Engineering
Junior Mobile Engineer,Ironwood Systems,"Austin, TX",Contract,"Cross-platform Development, Dart, REST API Design, Mobile Performance Optimization, React Native, Agile Methodology",55898,76836,Software Engineering
Junior Frontend Developer,Windemere Systems,"New York, NY",Contract,"Storybook, Vite, Vue.js, jQuery, HTML, TypeScript",58088,72038,Software Engineering
Principal Android Engineer,Gullhaven Platforms,"Seattle, WA",Full-time,"REST API Design, Kotlin, App Store Optimization, Distributed Systems, Mobile App Architecture, Android Development, Mobile Performance Optimization, Android Studio",157612,174865,Software Engineering
Junior Mobile Developer (Android),Tidefall Platforms,"Seattle, WA",Full-time,"Kotlin, Mobile Performance Optimization, Mobile App Architecture",62496,79279,Software Engineering
Engineering Manager,Wrenfield Systems,Remote,Full-time,"Redux, Google Cloud Platform, Vite, Node.js, JavaScript",126400,162927,Software Engineering
iOS Engineer,Cascadia Platforms,"Los Angeles, CA",Part-time,"SwiftUI, REST API Design, Communication",76541,94221,Software Engineering
Intern Mobile Developer (Android),Amber Platforms,"Amsterdam, Netherlands",Internship,"App Store Optimization, REST API Design, Kotlin, Mobile CI/CD, Mobile App Architecture, Push Notifications, Mobile Performance Optimization",22419,33007,Software Engineering
Principal Mobile Developer (Android),Meridian Systems,"Bengaluru, India",Full-time,"Mobile App Architecture, Mobile Performance Optimization, Jetpack Compose",152339,167873,Software Engineering
iOS Engineer,Lattice Systems,"San Francisco, CA",Contract,"Objective-C, Push Notifications, REST API Design, Mobile CI/CD, Mobile App Architecture, iOS Development",80919,107993,Software Engineering
Intern Software Engineer,Tidefall Platforms,"Boston, MA",Internship,"Vue.js, Message Queues (RabbitMQ), Node.js, Angular, Kubernetes",21798,39099,Software Engineering
Full Stack Developer,Cinderfall Platforms,"Atlanta, GA",Part-time,"FastAPI, Flask, DynamoDB, GraphQL Client (Apollo), Git",77143,99899,Software Engineering
Intern Software Engineer,Hollowreach Systems,Remote,Internship,"Cross-browser Compatibility, Go, Redis, Amazon Web Services",21039,39663,Software Engineering
Senior Mobile Developer (Android),Lattice Systems,Remote,Contract,"Android Development, Problem Solving, Mobile Performance Optimization, Mobile App Architecture",108609,144366,Software Engineering
Senior Mobile Developer (Android),Slatestone Systems,"Seattle, WA",Full-time,"System Design, Team Leadership, Push Notifications",101646,123464,Software Engineering
Staff iOS Engineer,Pinecrest Platforms,Remote,Full-time,"REST API Design, System Design, SwiftUI, Mobile CI/CD, Swift, Xcode, Load Balancing, Objective-C",145148,179497,Software Engineering
Intern Full Stack Engineer,Meridian Platforms,"Boston, MA",Internship,"Accessibility (WCAG), Vue.js, Microservices Architecture, PostgreSQL, Storybook, Agile Methodology",22467,38528,Software Engineering
Principal Mobile Engineer,Lattice Platforms,Remote,Full-time,"Cross-platform Development, Code Review Practices, Mobile App Architecture, Mobile Performance Optimization, Kotlin Multiplatform, React Native",153454,187498,Software Engineering
Junior iOS Engineer,Harborline Systems,Remote,Part-time,"Xcode, iOS Development, Mobile Performance Optimization, App Store Optimization, REST API Design",55010,79685,Software Engineering
Backend Engineer,Crestline Systems,"Denver, CO",Contract,"Caching Strategies, Distributed Systems, Ruby on Rails, Ruby, Node.js, PostgreSQL, NestJS",81289,104718,Software Engineering
Senior Backend Engineer,Hollowreach Systems,"Sydney, Australia",Full-time,"REST API Design, DynamoDB, Ruby, Python, MySQL",101939,149132,Software Engineering
"Engineering Manager, Mobile",Emberfield Systems,"Austin, TX",Full-time,"Dart, Problem Solving, Cross-platform Development, REST API Design, Team Leadership",151791,169550,Software Engineering
Senior Mobile Developer (Android),Granite Systems,"Atlanta, GA",Part-time,"REST API Design, Kotlin, Mobile CI/CD, Android Studio, Mobile App Architecture",101025,139337,Software Engineering
Backend Developer,Redwood Systems,"London, UK",Full-time,"gRPC, Node.js, ASP.NET, Amazon Web Services, Python, Code Review Practices, Redis, MySQL",87383,100345,Software Engineering
Lead Full Stack Developer,Foxglove Platforms,"Los Angeles, CA",Full-time,"Docker, Redux, Communication",142907,173947,Software Engineering
Senior Software Engineer,Cobalt Systems,"Toronto, ON",Full-time,"Microsoft Azure, JavaScript, Figma, Distributed Systems, GraphQL Client (Apollo), Responsive Design, CSS",102600,144083,Software Engineering
Junior Frontend Engineer,Ironwood Systems,"Chicago, IL",Full-time,"CSS, jQuery, Continuous Integration, Redux",63391,79339,Software Engineering
Intern Software Engineer,Foxglove Platforms,"San Francisco, CA",Internship,"Scrum, Storybook, Bootstrap",20661,28684,Software Engineering
Intern Frontend Engineer,Northwind Systems,"Raleigh, NC",Internship,"HTML, Bootstrap, TypeScript, Mentoring",21920,38227,Software Engineering
Lead Mobile Developer (Android),Meridian Systems,"Toronto, ON",Contract,"Mobile Performance Optimization, Mobile App Architecture, Hexagonal Architecture, Android Studio, Mobile CI/CD",133373,173734,Software Engineering
Frontend Developer,Marrow Systems,"Dublin, Ireland",Contract,"HTML, Material UI, jQuery, TypeScript, Next.js",75896,92780,Software Engineering
Backend Developer,Coral Systems,"Los Angeles, CA",Full-time,"ASP.NET, REST API Design, CI/CD Pipelines, NestJS, Express.js, Go, MongoDB, Spring Boot",85368,98869,Software Engineering
Principal iOS Engineer,Silverbrook Platforms,"Boston, MA",Contract,"SwiftUI, Swift, Mentoring, Objective-C, Domain-Driven Design, Mobile App Architecture",162960,185311,Software Engineering
Senior Backend Engineer,Cascadia Systems,Remote,Full-time,"PostgreSQL, CI/CD Pipelines, Express.js, FastAPI, Kotlin, System Design",122460,147302,Software Engineering
Senior Backend Developer,Silverbrook Works,Remote,Full-time,"Django, Caching Strategies, Ruby, Redis, System Design, Ruby on Rails",123718,149860,Software Engineering
Backend Engineer,Granite Systems,"Portland, OR",Part-time,"Git, Cassandra, Docker, GraphQL, Amazon Web Services, Spring Boot, Ruby on Rails",83377,103935,Software Engineering
Lead Android Engineer,Skyline Systems,"Raleigh, NC",Full-time,"Kotlin, Android Development, Mobile Performance Optimization, Mobile App Architecture",135844,160325,Software Engineering
Backend Developer,Driftwood Platforms,Remote,Full-time,"Node.js, Communication, Distributed Systems",76333,109353,Software Engineering
Intern Mobile Engineer,Windemere Systems,"Boston, MA",Internship,"Cross-platform Development, Kotlin Multiplatform, Mobile CI/CD, REST API Design, React Native",20732,37772,Software Engineering
Mobile Developer (iOS),Foxglove Platforms,"Los Angeles, CA",Full-time,"REST API Design, iOS Development, Continuous Integration",75611,91278,Software Engineering
Junior Backend Engineer,Basalt Systems,"Raleigh, NC",Full-time,"Microservices Architecture, Kotlin, Ruby, C#, Ruby on Rails, PostgreSQL, Node.js",55823,77331,Software Engineering
Intern Mobile Developer (iOS),Copperbend Works,"Berlin, Germany",Internship,"Communication, Swift, Mobile CI/CD, SwiftUI",22856,39452,Software Engineering
Intern Mobile Developer (iOS),Tidefall Platforms,"London, UK",Internship,"Team Leadership, SwiftUI, Mobile App Architecture, Mobile CI/CD, Swift, iOS Development",28705,39752,Software Engineering
Frontend Engineer,Vertex Platforms,"Boston, MA",Full-time,"React, Code Review Practices, Angular, Svelte",86101,102493,Software Engineering
Senior Frontend Engineer,Palisade Systems,Remote,Full-time,"Team Leadership, Webpack, Vue.js, JavaScript, Accessibility (WCAG)",114785,140974,Software Engineering
Lead Full Stack Developer,Amber Platforms,"Boston, MA",Contract,"ASP.NET, Git, Node.js, Kubernetes, Django, Team Leadership, TypeScript, CSS",140025,158897,Software Engineering
Staff Mobile Developer (iOS),Foxglove Systems,"Austin, TX",Contract,"Git, App Store Optimization, SwiftUI, Mentoring, Push Notifications, Swift",140658,182756,Software Engineering
Intern Full Stack Developer,Skyline Systems,"Toronto, ON",Internship,"Java, FastAPI, Express.js, Webpack, MongoDB, Kotlin,  Figma , CI/CD Pipelines",21685,38851,Software Engineering
Full Stack Developer,Vertex Systems,Remote,Part-time,"Python, C#, PostgreSQL, Microservices Architecture, TypeScript, Cassandra",87302,99875,Software Engineering
Junior Frontend Developer,Granite Platforms,Remote,Contract,"CSS, Webpack, React, TypeScript, Tailwind CSS",55961,76274,Software Engineering
Senior Backend Engineer,Driftwood Systems,"Portland, OR",Full-time,"system design, DynamoDB, Ruby, Caching Strategies, Mentoring, Express.js, Cassandra, GraphQL",107038,147552,Software Engineering
Intern Frontend Engineer,Emberfield Systems,"Berlin, Germany",Internship,"TypeScript, GraphQL Client (Apollo), JavaScript, Cross-browser Compatibility",26367,34738,Software Engineering
Junior Mobile Developer (iOS),Silverbrook Works,"Denver, CO",Full-time,"Swift, Mobile App Architecture, REST API Design, Xcode, iOS Development, Mobile Performance Optimization, App Store Optimization, SwiftUI",55643,77555,Software Engineering
Junior Full Stack Developer,Skyline Platforms,"Austin, TX",Full-time,"Responsive Design, Jest, HTML, CSS",55798,70284,Software Engineering
Junior Android Engineer,Pinecrest Platforms,Singapore,Full-time,"Agile Methodology, Push Notifications, Android Studio",64004,76003,Software Engineering
Junior Backend Developer,Marrow Systems,Remote,Full-time,"System Design, Node.js, Ruby, Kotlin, Communication, Redis",60884,73357,Software Engineering
Principal Frontend Developer,Emberfield Platforms,"Austin, TX",Full-time,"Jest, Mentoring, Next.js, Tailwind CSS, Load Balancing, Bootstrap, jQuery",157039,188147,Software Engineering
Lead Mobile Engineer,Slatestone Platforms,"Boston, MA",Full-time,"Dart, React Native, Mobile CI/CD, Mobile Performance Optimization, Mobile App Architecture, Cross-platform Development, REST API Design",137206,174859,Software Engineering
Staff Backend Developer,Northwind Systems,Singapore,Full-time,"Google Cloud Platform, Go, CI/CD Pipelines, Message Queues (RabbitMQ)",143369,179667,Software Engineering
"Engineering Manager, Backend",Onyx Platforms,Singapore,Full-time,"Cassandra, Continuous Integration, ASP.NET, Kubernetes",131309,162973,Software Engineering
Intern Full Stack Developer,Hollowreach Works,"Berlin, Germany",Internship,"jQuery, Angular, Caching Strategies, Cassandra",22894,36535,Software Engineering
Full Stack Engineer,Solstice Systems,Remote,Full-time,"Event-Driven Architecture, Docker, MySQL",76380,106525,Software Engineering
Intern Backend Engineer,Lattice Systems,"Seattle, WA",Internship,"Node.js, Ruby, Microservices Architecture, PostgreSQL, gRPC, Python, GraphQL, CI/CD Pipelines",20402,35411,Software Engineering
iOS Engineer,Cobalt Platforms,Remote,Full-time,"SwiftUI, iOS Development, Xcode, Push Notifications, App Store Optimization, Swift, Problem Solving, REST API Design",95493,108482,Software Engineering
Mobile Engineer,Vertex Systems,Remote,Full-time,"Mobile App Architecture, Kotlin Multiplatform, Communication",80781,108837,Software Engineering
Junior iOS Engineer,Nova Systems,"Boston, MA",Full-time,"Swift, Objective-C,  Xcode , iOS Development, App Store Optimization, Mobile App Architecture",55910,69220,Software Engineering
Senior Full Stack Developer,Marrow Systems,"Berlin, Germany",Full-time,"Progressive Web Apps, Django, jQuery, Responsive Design, Scrum",114449,133084,Software Engineering
"Engineering Manager, Backend",Amber Platforms,"Dublin, Ireland",Full-time,"Ruby on Rails, MongoDB, NestJS, GraphQL",135558,155595,Software Engineering
Senior Software Developer,Solstice Platforms,"Denver, CO",Full-time,"TypeScript, Webpack, Redux, Bootstrap, CI/CD Pipelines, Kubernetes",116582,147124,Software Engineering
Junior Backend Developer,Granite Systems,Remote,Part-time,"Kotlin, Caching Strategies, FastAPI, DynamoDB, Go, Django, NestJS, Microservices Architecture",67157,77341,Software Engineering
Senior Mobile Developer (iOS),Windemere Works,"Washington, DC",Part-time,"Objective-C, REST API Design, Mobile App Architecture, Team Leadership, SwiftUI, Mobile CI/CD",101794,148941,Software Engineering
Mobile Developer (Android),Silverbrook Works,"Austin, TX",Full-time,"Jetpack Compose, Kotlin, Push Notifications, Android Development, Mobile App Architecture, REST API Design",78974,96932,Software Engineering
Principal Backend Developer,Granite Platforms,"New York, NY",Full-time,"MongoDB, Google Cloud Platform, python, Microsoft Azure, C#, C#",159438,181648,Software Engineering
Principal Backend Developer,Basalt Platforms,Remote,Full-time,"ASP.NET, MongoDB, Continuous Integration",152887,177460,Software Engineering
Junior Mobile Developer (iOS),Coral Systems,"Seattle, WA",Full-time,"Scrum, SwiftUI, Objective-C, Push Notifications",60882,72491,Software Engineering
Principal Android Engineer,Hollowreach Systems,"Washington, DC",Full-time,"Push Notifications, REST API Design, Agile Methodology, Android Development, Kotlin",150105,180832,Software Engineering
Backend Engineer,Thistledown Systems,Remote,Contract,"Flask, REST API Design, Django, Java, PostgreSQL, NestJS",90859,106808,Software Engineering
Senior Mobile Developer (Android),Ashgrove Platforms,Remote,Full-time,"REST API Design, Android Development, Load Balancing, Mobile CI/CD, Push Notifications, Android Studio, Kotlin",100892,129523,Software Engineering
Senior Frontend Engineer,Skyline Platforms,"Raleigh, NC",Full-time,"React, Next.js, Sass, Continuous Integration, Jest",105893,147738,Software Engineering
Intern Frontend Developer,Onyx Systems,"Austin, TX",Internship,"Sass, Material UI, Cross-browser Compatibility, Next.js, Webpack, Vue.js, Jest",20514,29392,Software Engineering
Senior Full Stack Engineer,Meridian Systems,"Sydney, Australia",Full-time,"Tailwind CSS, Cassandra, Cross-browser Compatibility, Storybook, GraphQL, Progressive Web Apps, Amazon Web Services, CSS",117295,149983,Software Engineering
Junior Backend Developer,Skyline Systems,Singapore,Full-time,"Kubernetes, Python, MongoDB, Go, ASP.NET, gRPC, Ruby on Rails",59025,72885,Software Engineering
Backend Developer,Lattice Systems,"Austin, TX",Full-time,"MySQL, C#, Ruby, Docker, PostgreSQL, Cassandra, Microservices Architecture",75819,109819,Software Engineering
Principal Backend Engineer,Northwind Platforms,"Seattle, WA",Full-time,"PostgreSQL, Flask, CI/CD Pipelines, Python, Ruby on Rails, Docker, Kubernetes, Node.js",153434,189218,Software Engineering
Mobile Developer (Android),Foxglove Systems,"Boston, MA",Full-time,"App Store Optimization, REST API Design, Push Notifications, Android Development, Jetpack Compose, Mobile Performance Optimization, Android Studio, Mobile CI/CD",78468,100451,Software Engineering
Junior Software Developer,Meridian Platforms,"Bengaluru, India",Full-time,"Microsoft Azure, Cross-browser Compatibility, Docker, Webpack, Agile Methodology",56633,72842,Software Engineering
Staff Software Developer,Slatestone Platforms,"Washington, DC",Full-time,"Event-Driven Architecture, Express.js, Storybook, Caching Strategies, React, Continuous Integration, ASP.NET, Message Queues (RabbitMQ)",160898,181012,Software Engineering
Junior Mobile Developer (iOS),Driftwood Platforms,Remote,Part-time,"Mobile CI/CD, Push Notifications, App Store Optimization, Mobile Performance Optimization",66082,78719,Software Engineering
Frontend Engineer,Slatestone Systems,"Chicago, IL",Full-time,"Accessibility (WCAG), Cross-browser Compatibility, React, Responsive Design, JavaScript, Angular",87263,108321,Software Engineering
"Engineering Manager, Frontend",Vertex Systems,"Atlanta, GA",Full-time,"Responsive Design, GraphQL Client (Apollo), Redux, material ui, Progressive Web Apps, Progressive Web Apps",123166,152840,Software Engineering
Software Developer,Hollowreach Systems,"Seattle, WA",Part-time,"MySQL, Next.js, TypeScript, Cross-browser Compatibility, Microservices Architecture",76527,107709,Software Engineering
Junior Mobile Engineer,Thistledown Platforms,"Boston, MA",Full-time,"Mobile App Architecture, MOBILE CI/CD, Flutter, REST API Design, Flutter",55274,79202,Software Engineering
Full Stack Developer,Hollowreach Works,"Toronto, ON",Full-time,"Microservices Architecture, React, Next.js, Distributed Systems, Ruby, Microsoft Azure",82806,104705,Software Engineering
Principal Frontend Developer,Amber Platforms,"Los Angeles, CA",Contract,"Load Balancing, Redux, Responsive Design, Angular, HTML",151238,187306,Software Engineering
Full Stack Engineer,Ironwood Systems,"Bengaluru, India",Part-time,"Figma, Node.js, Accessibility (WCAG), Distributed Systems, C#, Ruby on Rails, Storybook, Kotlin",83342,106373,Software Engineering
Engineering Manager,Harborline Platforms,"Bengaluru, India",Full-time,"React, Svelte, Continuous Integration",122197,168586,Software Engineering
Junior Android Engineer,Pinecrest Systems,"San Francisco, CA",Contract,"Mobile Performance Optimization, Mobile App Architecture, Android Development",60217,77756,Software Engineering
Junior Backend Engineer,Lattice Systems,Remote,Full-time,"Microsoft Azure, gRPC, GraphQL",59845,79808,Software Engineering
Junior Mobile Developer (Android),Silverbrook Systems,"Washington, DC",Full-time,"Push Notifications, App Store Optimization, Mobile App Architecture, REST API Design, Mobile CI/CD, Android Studio, Kotlin, Jetpack Compose",60379,79209,Software Engineering
Senior Software Developer,Brightbay Systems,Remote,Full-time,"Tailwind CSS, Cassandra, Next.js, Cross-browser Compatibility, MongoDB, Amazon Web Services, FastAPI",101320,149018,Software Engineering
Intern Android Engineer,Onyx Platforms,"Boston, MA",Internship,"REST API Design, Kotlin, Android Studio, Android Development, Jetpack Compose, Mobile App Architecture, App Store Optimization",22287,36038,Software Engineering
Senior Software Engineer,Slatestone Platforms,Remote,Full-time,"Figma, Go, Communication, Vue.js, CI/CD PIPELINES, Mentoring, Node.js, Flask",108914,133860,Software Engineering
Engineering Manager,Copperbend Systems,"Washington, DC",Full-time,"Flask, ASP.NET, CSS",135719,164080,Software Engineering
iOS Engineer,Marrow Systems,Remote,Full-time,"REST API Design, App Store Optimization, Mobile CI/CD, Swift, Mobile App Architecture, iOS Development, Mobile Performance Optimization, Git",77251,93976,Software Engineering
Junior Full Stack Developer,Windemere Platforms,Singapore,Contract,"Angular, Ruby, Message Queues (RabbitMQ), Docker",56166,74435,Software Engineering
Mobile Engineer,Skyline Systems,"Portland, OR",Contract,"React Native, Cross-platform Development, Dart, Mobile Performance Optimization, Flutter",75919,104581,Software Engineering
Junior Frontend Developer,Gullhaven Systems,"Los Angeles, CA",Full-time,"Sass, Bootstrap, Vite, Redux, Jest",57407,79417,Software Engineering
Engineering Manager,Cobalt Systems,"Raleigh, NC",Full-time,"Go, Problem Solving, Team Leadership, Storybook",121955,153137,Software Engineering
Staff Mobile Developer (iOS),Foxglove Systems,"Amsterdam, Netherlands",Full-time,"App Store Optimization, Objective-C, REST API Design, Load Balancing, Mobile App Architecture, Xcode",146586,166002,Software Engineering
Senior Full Stack Engineer,Pinecrest Platforms,"Seattle, WA",Full-time,"GraphQL Client (Apollo), CI/CD Pipelines, Distributed Systems, gRPC, Angular",103025,144496,Software Engineering
Lead Software Developer,Thistledown Systems,"Toronto, ON",Full-time,"C#, Webpack, Cross-browser Compatibility, Docker, JavaScript, Communication, Java",151027,174029,Software Engineering
Principal Frontend Engineer,Quartzline Systems,"Seattle, WA",Full-time,"Team Leadership, GraphQL Client (Apollo), Load Balancing, Progressive Web Apps, Bootstrap, Figma, Svelte, Next.js",150443,174013,Software Engineering
Senior iOS Engineer,Palisade Platforms,"Dublin, Ireland",Full-time,"Objective-C, Mobile CI/CD, Agile Methodology, Mobile App Architecture, REST API Design, Mobile Performance Optimization, Xcode, PUSH NOTIFICATIONS",100894,139554,Software Engineering
Full Stack Developer,Granite Platforms,"Sydney, Australia",Part-time,"jQuery, Angular, Ruby, Svelte",78697,109108,Software Engineering
Senior Android Engineer,Basalt Systems,"Berlin, Germany",Full-time,"Kotlin, Jetpack Compose, Mentoring, Mobile CI/CD, Android Studio",103864,145979,Software Engineering
Junior Mobile Developer (iOS),Driftwood Systems,"Dublin, Ireland",Part-time,"Mobile Performance Optimization, Mobile CI/CD, Mentoring, Xcode, Mobile App Architecture, Objective-C",59402,79485,Software Engineering
Senior Full Stack Engineer,Vertex Systems,"Boston, MA",Part-time,"Hexagonal Architecture, Webpack, Continuous Integration, Google Cloud Platform",109395,144629,Software Engineering
Full Stack Engineer,Ashgrove Works,"New York, NY",Full-time,"gRPC, Git, Cassandra",75545,94913,Software Engineering
Staff Mobile Developer (iOS),Amber Platforms,"Los Angeles, CA",Full-time,"Mobile Performance Optimization, Mobile App Architecture, Hexagonal Architecture, iOS Development",145946,170183,Software Engineering
Mobile Developer (Android),Pinecrest Platforms,"Dublin, Ireland",Full-time,"Mobile App Architecture, App Store Optimization, Kotlin",82773,103152,Software Engineering
Lead Backend Engineer,Foxglove Platforms,Remote,Full-time,"Docker, Kubernetes, Django, Microservices Architecture",139829,169660,Software Engineering
Lead Android Engineer,Emberfield Platforms,"New York, NY",Full-time,"Communication,  Jetpack Compose , Kotlin, Push Notifications, Mobile CI/CD, System Design, Mobile Performance Optimization, Domain-Driven Design, Kotlin",139272,161760,Software Engineering
Intern iOS Engineer,Ironwood Systems,"Washington, DC",Internship,"Swift, Objective-C, iOS Development, Technical Writing, REST API Design, App Store Optimization, Mobile App Architecture",21193,39698,Software Engineering
Intern Full Stack Engineer,Lattice Systems,"San Francisco, CA",Internship,"progressive web apps, REST API Design, Webpack",26518,40000,Software Engineering
Principal Mobile Developer (Android),Solstice Systems,Remote,Full-time,"Push Notifications, Mobile CI/CD, Mobile App Architecture, Android Development",151821,171518,Software Engineering
Senior iOS Engineer,Palisade Systems,"Chicago, IL",Full-time,"Load Balancing, Problem Solving, iOS Development",127908,149373,Software Engineering
Software Engineer,Nova Platforms,"Washington, DC",Part-time,"REST API Design, Storybook, Responsive Design, Angular, Cassandra, Cross-browser Compatibility",75040,92077,Software Engineering
Intern Mobile Developer (iOS),Cinderfall Systems,"San Francisco, CA",Internship,"SwiftUI, Mobile App Architecture, Swift, Xcode, Objective-C, Mobile Performance Optimization, Push Notifications, App Store Optimization",27026,37762,Software Engineering
Senior Full Stack Engineer,Lattice Platforms,"Washington, DC",Contract,"Cassandra, Kotlin, Ruby on Rails, REST API Design, Redux, Caching Strategies",114079,143351,Software Engineering
Junior Full Stack Developer,Wrenfield Platforms,"Washington, DC",Full-time,"Bootstrap, Svelte, HTML, Cross-browser Compatibility, NestJS, FastAPI, Express.js, gRPC",60418,74911,Software Engineering
Software Engineer,Hollowreach Works,"Boston, MA",Full-time,"jQuery, Ruby, DynamoDB",84479,102738,Software Engineering
Principal Android Engineer,Timberline Platforms,"Portland, OR",Full-time,"Mobile Performance Optimization, Technical Writing, REST API Design, Push Notifications, Load Balancing",154483,183171,Software Engineering
Software Engineer,Onyx Platforms,"Washington, DC",Full-time,"Go, Distributed Systems, FastAPI, Storybook, Flask, C#",75244,88977,Software Engineering
Senior Backend Developer,Pinecrest Platforms,"Denver, CO",Part-time,"Event-Driven Architecture, NestJS, Flask, REST API Design, DynamoDB",104031,148073,Software Engineering
Staff Mobile Developer (Android),Lattice Systems,"Sydney, Australia",Full-time,"Android Studio, Mobile CI/CD, System Design, Android Development, App Store Optimization",142233,183757,Software Engineering
Senior Backend Engineer,Vertex Systems,"London, UK",Full-time,"Java, Kotlin, Kubernetes",119148,145752,Software Engineering
Senior iOS Engineer,Driftwood Platforms,"Denver, CO",Full-time,"REST API Design, Swift, Load Balancing, Xcode, App Store Optimization",103865,134901,Software Engineering
Senior Backend Developer,Granite Systems,"London, UK",Full-time,"Scrum, GraphQL, Express.js, Amazon Web Services, Caching Strategies",102839,124835,Software Engineering
Staff iOS Engineer,Timberline Systems,"Toronto, ON",Full-time,"REST API Design, Push Notifications, Mobile Performance Optimization, App Store Optimization, Team Leadership",141755,171756,Software Engineering
Android Engineer,Driftwood Systems,Remote,Full-time,"Android Studio, Android Development, Push Notifications, App Store Optimization",75359,106638,Software Engineering
Frontend Developer,Ashgrove Platforms,Remote,Part-time,"Vue.js, HTML, JavaScript, Material UI, Accessibility (WCAG), Sass, Bootstrap",75673,109563,Software Engineering
Senior Full Stack Developer,Fernwood Systems,"Boston, MA",Contract,"Go, Responsive Design, MongoDB, Vue.js, Django, Webpack, Figma",102467,124645,Software Engineering
Staff Backend Developer,Driftwood Platforms,"Atlanta, GA",Full-time,"Kotlin, Microservices Architecture, Flask, Google Cloud Platform, Event-Driven Architecture",140008,182508,Software Engineering
Mobile Engineer,Windemere Systems,"Chicago, IL",Full-time,"Mobile App Architecture, Mobile Performance Optimization, Mobile CI/CD, Flutter, Kotlin Multiplatform, React Native",76842,96460,Software Engineering
Lead Mobile Developer (Android),Granite Systems,"Raleigh, NC",Full-time,"Mobile CI/CD, Android Development, Mobile Performance Optimization, Kotlin, Push Notifications, Android Studio",130129,174850,Software Engineering
Junior Frontend Engineer,Crestline Platforms,"Portland, OR",Full-time,"React, GraphQL Client (Apollo), Sass, Webpack",55462,79709,Software Engineering
Lead Android Engineer,Silverbrook Platforms,Singapore,Full-time,"App Store Optimization, Kotlin,  Mobile Performance Optimization , Team Leadership, Mobile App Architecture, System Design, Mobile CI/CD, REST API Design",135179,162124,Software Engineering
Senior Software Developer,Slatestone Platforms,Remote,Full-time,"HTML, GraphQL, C#, jQuery, MySQL",104973,131540,Software Engineering
Staff Mobile Developer (Android),Amber Systems,Remote,Full-time,"App Store Optimization, Mobile CI/CD, Android Development, Kotlin, Jetpack Compose, Mobile Performance Optimization",150843,183107,Software Engineering
"Engineering Manager, Mobile",Granite Systems,"San Francisco, CA",Full-time,"Load Balancing, Push Notifications, App Store Optimization",120290,164551,Software Engineering
Staff Frontend Engineer,Silverbrook Platforms,"San Francisco, CA",Full-time,"Bootstrap, Problem Solving, TypeScript, Svelte, Material UI, Progressive Web Apps",158178,184269,Software Engineering
Intern Full Stack Engineer,Northwind Platforms,Remote,Internship,"Jest, Microservices Architecture, Cassandra, Caching Strategies, Flask, Event-Driven Architecture, FastAPI",20035,37699,Software Engineering
Senior Software Developer,Brightbay Platforms,"Atlanta, GA",Contract,"Google Cloud Platform, DynamoDB, Spring Boot, CSS",112076,138235,Software Engineering
Senior Full Stack Engineer,Brightbay Platforms,"Toronto, ON",Contract,"GraphQL Client (Apollo), Vue.js, Express.js, Agile Methodology, Distributed Systems, Sass, Bootstrap",102126,144929,Software Engineering
Intern Android Engineer,Hollowreach Platforms,"Los Angeles, CA",Internship,"Mobile CI/CD, Android Studio, Jetpack Compose, REST API Design, Git, Android Development",20045,39992,Software Engineering
Intern Backend Developer,Cascadia Platforms,"Denver, CO",Internship,"GraphQL, System Design, Microservices Architecture, Go",20531,39750,Software Engineering
Staff iOS Engineer,Bluepeak Systems,Remote,Full-time,"iOS Development, Team Leadership, Mobile Performance Optimization",149605,181785,Software Engineering
Senior Software Engineer,Ironwood Platforms,"Austin, TX",Full-time,"Next.js, Angular, MongoDB, Webpack, Scrum, Redux, REST API Design, Responsive Design",116370,141330,Software Engineering
Intern Android Engineer,Timberline Systems,Remote,Internship,"REST API Design, Mobile Performance Optimization, App Store Optimization, Jetpack Compose",20020,33309,Software Engineering
Junior Mobile Developer (Android),Cobalt Platforms,"Berlin, Germany",Contract,"Mobile App Architecture, Jetpack Compose, REST API Design, Android Development",56695,74855,Software Engineering
Staff Mobile Developer (iOS),Ashgrove Systems,"Seattle, WA",Full-time,"App Store Optimization, REST API Design, Objective-C, Technical Writing",141112,176102,Software Engineering
Senior Backend Developer,Tidefall Platforms,"Seattle, WA",Full-time,"Java, NestJS, GO, Event-Driven Architecture",116978,136384,Software Engineering
Android Engineer,Windemere Works,Remote,Contract,"Problem Solving, Android Studio, REST API Design, Kotlin, Push Notifications, Mobile App Architecture",79361,97415,Software Engineering
Senior Software Engineer,Crestline Systems,"Portland, OR",Full-time,"Message Queues (RabbitMQ), Spring Boot, Node.js, Bootstrap, PostgreSQL, Angular, DynamoDB, GraphQL Client (Apollo)",101983,149548,Software Engineering
Software Developer,Thistledown Platforms,"Chicago, IL",Contract,"Jest, Flask, Svelte, Tailwind CSS, Bootstrap, REST API Design, Event-Driven Architecture, Vite",84958,106931,Software Engineering
Junior iOS Engineer,Ashgrove Works,"Amsterdam, Netherlands",Part-time,"Mobile App Architecture, Swift, App Store Optimization, Mobile Performance Optimization, Objective-C, Mobile CI/CD",63842,74756,Software Engineering
Full Stack Engineer,Pinecrest Platforms,"New York, NY",Full-time,"C#, GraphQL, DynamoDB, Kotlin, Amazon Web Services, Microsoft Azure, Progressive Web Apps",76375,109079,Software Engineering
Junior Frontend Engineer,Thistledown Platforms,"Raleigh, NC",Part-time,"Bootstrap, Sass, TypeScript, CSS, Progressive Web Apps, Vite, Figma",55144,66799,Software Engineering
"Engineering Manager, Mobile",Crestline Systems,"Portland, OR",Full-time,"Mobile Performance Optimization, Load Balancing, Cross-platform Development, Mobile CI/CD, Dart",121341,158981,Software Engineering
Junior Mobile Developer (Android),Skyline Systems,Remote,Full-time,"REST API Design, Continuous Integration, Android Development",56497,77477,Software Engineering
Senior Frontend Developer,Ashgrove Systems,"Seattle, WA",Contract," Next.js , Tailwind CSS, Figma, Bootstrap, TypeScript, Storybook",100288,149142,Software Engineering
Lead Mobile Developer (Android),Palisade Systems,"Raleigh, NC",Full-time,"Domain-Driven Design, Code Review Practices, REST API Design, Jetpack Compose, Push Notifications",131717,164161,Software Engineering
Senior Software Developer,Quartzline Systems,"Denver, CO",Part-time,"Responsive Design, Cassandra, Git, Ruby, Sass",107491,137070,Software Engineering
"Engineering Manager, Mobile",Cinderfall Systems,"Seattle, WA",Full-time,"Android Development, Distributed Systems, Mobile App Architecture, Android Studio, Mentoring, Jetpack Compose, Push Notifications",130917,168505,Software Engineering
Intern Full Stack Engineer,Windemere Platforms,"Atlanta, GA",Internship,"Node.js, Redis, Tailwind CSS",20420,39051,Software Engineering
Intern iOS Engineer,Silverbrook Systems,Remote,Internship,"Xcode, App Store Optimization, Mobile App Architecture, REST API Design, Mobile CI/CD, Mobile Performance Optimization, Objective-C, iOS Development",26154,33987,Software Engineering
Lead Software Engineer,Solstice Platforms,"San Francisco, CA",Full-time,"Communication, Google Cloud Platform, Java, JavaScript, Docker, GraphQL Client (Apollo)",130772,171281,Software Engineering
Principal Software Developer,Lattice Platforms,Remote,Full-time,"HTML, Kotlin, Figma",152957,170935,Software Engineering
Junior Mobile Developer (iOS),Windemere Works,"New York, NY",Full-time,"Continuous Integration, REST API Design, iOS Development, Xcode",55794,70185,Software Engineering
Backend Developer,Palisade Platforms,"Toronto, ON",Part-time,"Redis, Ruby, Cassandra, MySQL, Java, Event-Driven Architecture, gRPC",75089,101686,Software Engineering
Senior Frontend Engineer,Foxglove Systems,"Washington, DC",Full-time,"React, Responsive Design, Problem Solving, CSS, Tailwind CSS, Storybook",107150,143061,Software Engineering
Intern Android Engineer,Tidefall Systems,"Amsterdam, Netherlands",Internship,"Android Studio, REST API Design, Push Notifications",21204,36360,Software Engineering
Principal Software Engineer,Ashgrove Works,"Denver, CO",Full-time,"Cassandra, Sass, ASP.NET, DynamoDB, Docker, Material UI, C#",158740,176763,Software Engineering
Junior Android Engineer,Northwind Platforms,Remote,Full-time,"Mobile CI/CD, Android Development, Kotlin, Push Notifications",62725,78108,Software Engineering
Senior Full Stack Engineer,Crestline Systems,"Portland, OR",Full-time,"Storybook, Figma, Event-Driven Architecture",107830,142521,Software Engineering
Intern Android Engineer,Vertex Platforms,"Seattle, WA",Internship,"Mobile Performance Optimization, Android Studio, App Store Optimization, Mobile CI/CD, Push Notifications, Kotlin, Jetpack Compose, Mobile App Architecture",21521,39474,Software Engineering
Junior Software Developer,Cobalt Platforms,"Los Angeles, CA",Full-time,"GraphQL Client (Apollo), Flask, Jest, Python, Vite, Event-Driven Architecture",55674,79429,Software Engineering
Lead Mobile Developer (Android),Gullhaven Platforms,"Austin, TX",Full-time,"Android Development, Git, Mobile CI/CD, Jetpack Compose, Push Notifications, Load Balancing",135826,173940,Software Engineering
Junior Frontend Engineer,Cobalt Systems,Remote,Contract,"Accessibility (WCAG), JavaScript, Progressive Web Apps",55941,78910,Software Engineering
Backend Developer,Hollowreach Platforms,"Amsterdam, Netherlands",Contract,"Java, Node.js, Distributed Systems, REST API Design",78832,102223,Software Engineering
Senior Backend Engineer,Nova Systems,"Toronto, ON",Full-time,"Load Balancing, Express.js, Kotlin, Microservices Architecture, ASP.NET, PostgreSQL",113354,146509,Software Engineering
Full Stack Engineer,Cascadia Systems,Remote,Full-time,"JavaScript, Google Cloud Platform, Node.js, MySQL",79202,107996,Software Engineering
Senior Full Stack Engineer,Basalt Platforms,"Los Angeles, CA",Full-time,"jQuery, Redis, Hexagonal Architecture, Message Queues (RabbitMQ), NestJS, System Design",100106,149840,Software Engineering
Principal Backend Engineer,Redwood Systems,"Raleigh, NC",Full-time,"CI/CD Pipelines, Event-Driven Architecture, Docker, NestJS",152275,177790,Software Engineering
Intern Frontend Engineer,Brightbay Platforms,"Raleigh, NC",Internship,"Angular, Tailwind CSS, Next.js, Figma, TypeScript, Redux, Cross-browser Compatibility",30154,37889,Software Engineering
"Engineering Manager, Backend",Silverbrook Systems,"Austin, TX",Full-time,"Kotlin, MySQL, Cassandra, NestJS",125403,168830,Software Engineering
Backend Engineer,Amber Systems,"Dublin, Ireland",Full-time,"MySQL, Microservices Architecture, Java, Node.js, PostgreSQL, Python",92123,107823,Software Engineering
Intern Backend Engineer,Skyline Platforms,"Seattle, WA",Internship,"Cassandra, Node.js, Scrum, Message Queues (RabbitMQ), gRPC, Spring Boot, Event-Driven Architecture, Kotlin",22324,37108,Software Engineering
Junior Frontend Developer,Copperbend Platforms,Remote,Contract,"Material UI, Bootstrap, Sass, React, Redux, Tailwind CSS, Figma",57842,70434,Software Engineering
Intern Android Engineer,Meridian Platforms,Remote,Internship,"Android Development, App Store Optimization, Android Studio, Code Review Practices, Mobile Performance Optimization",31057,39856,Software Engineering
Junior Full Stack Developer,Foxglove Systems,"Washington, DC",Full-time,"DynamoDB, MongoDB, Docker, Ruby, Angular, React, jQuery, HTML",58964,76761,Software Engineering
Staff Android Engineer,Timberline Systems,"Portland, OR",Contract,"Team Leadership, Android Studio, Mentoring",155448,172869,Software Engineering
Android Engineer,Ironwood Systems,"Dublin, Ireland",Full-time,"Android Studio, Android Development, App Store Optimization",76699,101270,Software Engineering
Staff Frontend Developer,Coral Systems,Remote,Full-time,"Git, Svelte, Webpack",149297,172949,Software Engineering
Senior Android Engineer,Lattice Platforms,"Boston, MA",Contract,"Kotlin, Mentoring, Push Notifications, REST API Design, Android Development, Jetpack Compose",114645,148025,Software Engineering
iOS Engineer,Onyx Systems,"San Francisco, CA",Contract,"Mobile CI/CD, Scrum, iOS Development",75668,105909,Software Engineering
Senior Software Engineer,Cobalt Systems,"Boston, MA",Part-time,"Communication, JavaScript, Kubernetes",102214,141074,Software Engineering
Junior Mobile Developer (Android),Copperbend Platforms,"Chicago, IL",Full-time,"Kotlin, Push Notifications,  Code Review Practices , App Store Optimization, Mobile App Architecture, REST API Design, Mobile App Architecture",58413,71399,Software Engineering
Software Engineer,Ashgrove Systems,Remote,Full-time,"Python, GraphQL, Figma",75321,106893,Software Engineering
iOS Engineer,Vertex Platforms,"Boston, MA",Full-time,"Mobile CI/CD, SwiftUI, Push Notifications, Problem Solving, Objective-C",78139,97085,Software Engineering
Mobile Engineer,Tidefall Systems,Remote,Full-time,"Mobile CI/CD, Cross-platform Development, REST API Design, Continuous Integration, Mobile App Architecture, Flutter, Dart",92121,108286,Software Engineering
Mobile Engineer,Copperbend Systems,"Austin, TX",Full-time,"Mobile App Architecture, REST API Design, Dart, Code Review Practices, Kotlin Multiplatform, Flutter",80055,96011,Software Engineering
Senior Software Engineer,Amber Systems,"Raleigh, NC",Full-time,"Tailwind CSS, Sass, HTML, Express.js, FastAPI, Go, Redux",102867,145224,Software Engineering
Full Stack Developer,Hollowreach Platforms,"Austin, TX",Contract,"Docker, React, Scrum, Caching Strategies, GraphQL Client (Apollo), DynamoDB",78846,108765,Software Engineering
Senior Full Stack Developer,Foxglove Systems,"Portland, OR",Full-time,"Go, Ruby on Rails, Event-Driven Architecture",108846,147380,Software Engineering
Junior Android Engineer,Redwood Systems,"London, UK",Full-time," Android Development , App Store Optimization, Kotlin",57547,67538,Software Engineering
Senior Mobile Developer (Android),Solstice Systems,Remote,Full-time,"Code Review Practices, Hexagonal Architecture, Push Notifications",108130,143518,Software Engineering
Junior Mobile Developer (iOS),Coral Platforms,"Toronto, ON",Full-time,"Push Notifications, iOS Development, Mobile App Architecture, Problem Solving",59360,73340,Software Engineering
Senior Android Engineer,Brightbay Systems,Remote,Full-time,"Android Development, Hexagonal Architecture, Kotlin, Push Notifications, Android Studio, Mobile App Architecture, Domain-Driven Design, Mobile CI/CD",103345,149246,Software Engineering
Junior Mobile Engineer,Ashgrove Systems,"New York, NY",Contract,"Mobile App Architecture, Cross-platform Development, Dart, Mobile CI/CD, Kotlin Multiplatform",58018,79482,Software Engineering
Senior iOS Engineer,Granite Systems,"Los Angeles, CA",Part-time,"Team Leadership, Objective-C, Mobile App Architecture, Push Notifications, REST API Design",105500,143359,Software Engineering
Engineering Manager,Windemere Systems,"Denver, CO",Full-time,"Storybook, Domain-Driven Design, Express.js, System Design, Ruby",128614,169330,Software Engineering
Junior iOS Engineer,Onyx Systems,Remote,Full-time,"Mentoring, Mobile App Architecture, Xcode, Swift, Mobile CI/CD",55170,67919,Software Engineering
Junior Backend Engineer,Harborline Platforms,"Boston, MA",Full-time,"Go, Java, Flask, ASP.NET, Python",61902,74571,Software Engineering
Senior Mobile Developer (Android),Quartzline Systems,"San Francisco, CA",Full-time,"Mobile CI/CD, Push Notifications, Kotlin",110220,132496,Software Engineering
Principal Frontend Engineer,Redwood Platforms,"Austin, TX",Contract,"Bootstrap, Responsive Design, Angular, TypeScript, Mentoring",154989,178426,Software Engineering
Junior Software Developer,Ashgrove Systems,"Portland, OR",Contract,"Kubernetes, Svelte, CI/CD Pipelines, Progressive Web Apps, Vue.js, GraphQL Client (Apollo), Accessibility (WCAG), Message Queues (RabbitMQ)",67436,76891,Software Engineering
Intern Software Engineer,Ironwood Systems,Remote,Internship,"Webpack, ASP.NET, Jest, HTML, MongoDB, Microsoft Azure, Google Cloud Platform, Redux",23713,37123,Software Engineering
Junior Mobile Engineer,Pinecrest Systems,Remote,Full-time,"React Native, Cross-platform Development, Mobile App Architecture, Flutter, Mobile Performance Optimization",58286,73210,Software Engineering
Junior Software Engineer,Hollowreach Platforms,"San Francisco, CA",Part-time,"JavaScript, Accessibility (WCAG), Spring Boot, Cassandra, Progressive Web Apps",62826,77760,Software Engineering
Intern Backend Developer,Pinecrest Platforms,"Portland, OR",Internship,"Microservices Architecture, Ruby, Technical Writing",26737,34211,Software Engineering
Junior Software Engineer,Crestline Systems,"Toronto, ON",Full-time,"Microservices Architecture, Responsive Design, Ruby on Rails, React, GraphQL, HTML, Next.js, Node.js",66031,76436,Software Engineering
Staff Software Developer,Driftwood Platforms,"New York, NY",Full-time,"MongoDB, Tailwind CSS, Caching Strategies, Docker, JavaScript, ASP.NET, Microservices Architecture, CI/CD Pipelines",140525,184958,Software Engineering
Senior Software Engineer,Pinecrest Platforms,"Raleigh, NC",Contract,"Next.js, Event-Driven Architecture, REST API Design",100065,148505,Software Engineering
Mobile Developer (Android),Thistledown Platforms,"Bengaluru, India",Contract,"Android Development, Team Leadership, App Store Optimization, Mobile CI/CD, Mobile Performance Optimization, Push Notifications, Kotlin",80736,107951,Software Engineering
Staff Backend Engineer,Vertex Platforms,Remote,Full-time,"Amazon Web Services, DynamoDB, Ruby on Rails, Redis, Kubernetes, MySQL, Go, System Design",163808,180926,Software Engineering
Senior Full Stack Developer,Meridian Systems,"San Francisco, CA",Contract,"PostgreSQL, MySQL, Event-Driven Architecture, Jest, Cassandra, Spring Boot, C#",126103,146278,Software Engineering
Junior Backend Developer,Coral Systems,"Chicago, IL",Part-time,"Microsoft Azure, CI/CD Pipelines, Docker, Amazon Web Services, Redis, Node.js, Kubernetes",57573,73036,Software Engineering
Senior Frontend Engineer,Windemere Platforms,"Washington, DC",Full-time,"TypeScript, Cross-browser Compatibility, Next.js, Domain-Driven Design, Vue.js, Material UI, Angular, Storybook",101945,136356,Software Engineering
Lead Full Stack Developer,Nova Platforms,"London, UK",Contract," Caching Strategies , Angular, React, CI/CD Pipelines, Flask",131021,174695,Software Engineering
Staff Android Engineer,Gullhaven Platforms,"Seattle, WA",Full-time,"Distributed Systems, Jetpack Compose, Android Development, System Design, App Store Optimization, Android Studio, Mobile CI/CD",141610,179381,Software Engineering
Frontend Engineer,Crestline Platforms,"Portland, OR",Full-time,"Accessibility (WCAG), Progressive Web Apps, Vue.js, TypeScript, CSS, JavaScript",90639,107331,Software Engineering
Junior iOS Engineer,Ashgrove Systems,"Seattle, WA",Full-time,"Xcode, App Store Optimization, Objective-C, Mobile Performance Optimization, Mobile App Architecture, REST API Design",63052,73773,Software Engineering
Full Stack Engineer,Driftwood Systems,Remote,Full-time,"Vue.js, TS, Express.js, CI/CD Pipelines, MongoDB",77112,108957,Software Engineering
Intern Frontend Developer,Thistledown Platforms,Remote,Internship,"Git, Next.js, JavaScript, Jest, Sass",28679,37153,Software Engineering
Lead Frontend Developer,Wrenfield Platforms,Singapore,Full-time,"Tailwind CSS,  Responsive Design , Storybook, CSS, HTML, Continuous Integration, JavaScript",130256,173372,Software Engineering
Junior Mobile Developer (Android),Wrenfield Systems,"Toronto, ON",Full-time,"Mobile App Architecture, REST API Design, Push Notifications, Jetpack Compose, App Store Optimization, Mobile Performance Optimization, Mobile CI/CD, Kotlin",56059,78390,Software Engineering
Mobile Developer (Android),Silverbrook Systems,"San Francisco, CA",Part-time,"Android Development, Push Notifications, Mobile Performance Optimization, Mobile App Architecture",75832,92608,Software Engineering
Lead Full Stack Engineer,Pinecrest Platforms,"London, UK",Full-time,"Sass, MongoDB, Caching Strategies",142587,163681,Software Engineering
Intern Mobile Engineer,Nova Systems,"Portland, OR",Internship,"Kotlin Multiplatform, Mobile Performance Optimization, Dart, Mobile CI/CD, Cross-platform Development, Flutter",27924,39641,Software Engineering
Principal Mobile Engineer,Bluepeak Systems,"Washington, DC",Full-time,"Kotlin Multiplatform, Cross-platform Development, Hexagonal Architecture, Domain-Driven Design, Flutter, Mentoring, Mobile Performance Optimization, Mobile App Architecture",168362,185070,Software Engineering
Junior Frontend Developer,Cinderfall Platforms,"Austin, TX",Full-time,"Sass, Vite, jQuery, CSS, Next.js, Responsive Design, Redux",55917,73327,Software Engineering
Mobile Developer (Android),Foxglove Systems,"Seattle, WA",Full-time,"Mobile CI/CD, Mobile Performance Optimization, Continuous Integration, Android Development, Jetpack Compose",75031,109965,Software Engineering
Senior Frontend Engineer,Ironwood Systems,"Washington, DC",Full-time,"React, Jest, JavaScript",104094,138710,Software Engineering
Junior iOS Engineer,Solstice Systems,Remote,Full-time,"Push Notifications, Git, REST API Design",56932,70034,Software Engineering
Intern Full Stack Engineer,Brightbay Systems,"Bengaluru, India",Internship,"Java, CI/CD Pipelines, Jest, Tailwind CSS, GraphQL, Microservices Architecture, Amazon Web Services",20415,38478,Software Engineering
Software Engineer,Windemere Works,"Seattle, WA",Full-time,"Express.js, Scrum, ASP.NET",76446,109767,Software Engineering
Intern Software Developer,Emberfield Platforms,"Atlanta, GA",Internship,"Figma, NestJS, Message Queues (RabbitMQ), Microsoft Azure, Angular, JavaScript, Caching Strategies",20079,38216,Software Engineering
Full Stack Developer,Driftwood Platforms,Remote,Part-time,"Docker, Ruby, Google Cloud Platform",75364,98066,Software Engineering
Lead Android Engineer,Timberline Systems,"Seattle, WA",Full-time,"Push Notifications, Mobile CI/CD, Android Studio, Jetpack Compose",131007,166647,Software Engineering
Intern Android Engineer,Copperbend Works,Remote,Internship,"jetpack compose, Mobile Performance Optimization, Android Studio, Technical Writing, Push Notifications, REST API Design, App Store Optimization",20031,32868,Software Engineering
Junior Backend Engineer,Vertex Platforms,"New York, NY",Full-time,"Distributed Systems, Spring Boot, Amazon Web Services",56378,75632,Software Engineering
Junior iOS Engineer,Slatestone Systems,"San Francisco, CA",Contract,"Xcode, SwiftUI, Push Notifications, REST API Design, Swift",58680,75529,Software Engineering
Staff Backend Engineer,Ashgrove Systems,Remote,Full-time,"Cassandra, DynamoDB, Microsoft Azure, Ruby on Rails, Distributed Systems, MongoDB",159679,175495,Software Engineering
Staff Backend Engineer,Driftwood Platforms,"Bengaluru, India",Contract,"Kotlin, Django, Go, PostgreSQL, Domain-Driven Design",162357,179489,Software Engineering
Full Stack Developer,Basalt Platforms,Remote,Full-time,"MySQL, Angular, Team Leadership, Jest, Tailwind CSS, Storybook",90701,107660,Software Engineering
Staff Mobile Engineer,Ashgrove Works,"Seattle, WA",Full-time,"Mobile CI/CD, Team Leadership, Team Leadership, Mobile Performance Optimization, Load Balancing, Dart",146838,184563,Software Engineering
Intern Backend Developer,Lattice Platforms,"Chicago, IL",Internship,"DynamoDB, Google Cloud Platform, gRPC, Django, Message Queues (RabbitMQ)",25781,37794,Software Engineering
Junior Mobile Developer (iOS),Fernwood Systems,"Atlanta, GA",Full-time,"iOS Development, swiftui, Git",58996,79576,Software Engineering
Intern Frontend Engineer,Gullhaven Platforms,"Toronto, ON",Internship,"Angular, Next.js, Sass, Redux, Tailwind CSS, Bootstrap, Vue.js",25419,37402,Software Engineering
Senior Backend Engineer,Redwood Platforms,"Austin, TX",Full-time,"DynamoDB, Ruby on Rails, Microservices Architecture, CI/CD Pipelines, Spring Boot, Distributed Systems",100335,149260,Software Engineering
Junior Software Engineer,Skyline Platforms,"New York, NY",Full-time,"TEAM LEADERSHIP, Vite, Redis, Redis",55499,79819,Software Engineering
Intern Full Stack Engineer,Emberfield Platforms,"Austin, TX",Internship,"Google Cloud Platform, ASP.NET, Microsoft Azure",30277,38061,Software Engineering
Senior Mobile Developer (Android),Windemere Works,"Bengaluru, India",Full-time,"Mobile Performance Optimization, Android Studio, Mobile App Architecture, Hexagonal Architecture, Jetpack Compose, Android Development, Mobile CI/CD, Push Notifications",123991,141977,Software Engineering
Junior Backend Engineer,Crestline Systems,"New York, NY",Full-time,"FastAPI, MongoDB, C#, MySQL, System Design",56199,76657,Software Engineering
Mobile Developer (Android),Bluepeak Platforms,Remote,Full-time,"REST API Design, Push Notifications, Kotlin, Agile Methodology",75637,91526,Software Engineering
Senior Full Stack Developer,Northwind Systems,Singapore,Full-time,"Kubernetes, Microsoft Azure, MySQL, Tailwind CSS, Next.js, Mentoring",102140,149517,Software Engineering
Full Stack Engineer,Cobalt Systems,"Bengaluru, India",Full-time,"Flask, Cassandra, GraphQL Client (Apollo), Progressive Web Apps, Continuous Integration, Docker",81125,93677,Software Engineering
Full Stack Developer,Thistledown Platforms,"New York, NY",Contract,"System Design, Next.js, Python, Agile Methodology, Bootstrap, Kubernetes, Django",85681,109464,Software Engineering
Lead Mobile Developer (iOS),Palisade Systems,Remote,Contract,"REST API Design, Push Notifications, SwiftUI, Objective-C, Technical Writing, Xcode, Mentoring",142149,166050,Software Engineering
Senior Backend Developer,Gullhaven Systems,"Portland, OR",Part-time,"gRPC, Flask, Message Queues (RabbitMQ), Go, Spring Boot, Cassandra, Amazon Web Services",124674,148713,Software Engineering
Intern Software Engineer,Lattice Systems,"Seattle, WA",Internship,"Django, PostgreSQL, Python, Bootstrap",26859,34220,Software Engineering
Senior iOS Engineer,Quartzline Systems,"Dublin, Ireland",Full-time,"Objective-C, Swift, Push Notifications, Mobile App Architecture, Code Review Practices",117614,141988,Software Engineering
Mobile Developer (Android),Harborline Platforms,Remote,Full-time,"Mobile CI/CD, Kotlin, App Store Optimization, Team Leadership, Jetpack Compose",76318,109820,Software Engineering
Staff iOS Engineer,Bluepeak Platforms,"Boston, MA",Full-time,"Mobile Performance Optimization, Mobile App Architecture, System Design, Mobile CI/CD, SwiftUI, Objective-C, REST API Design",144601,180525,Software Engineering
Backend Engineer,Foxglove Systems,Remote,Full-time,"Go, Spring Boot, Caching Strategies, FastAPI, Event-Driven Architecture",78204,97378,Software Engineering
Senior Full Stack Engineer,Meridian Systems,"Boston, MA",Contract,"CI/CD Pipelines, Redis, Microservices Architecture",102144,126646,Software Engineering
Senior Full Stack Engineer,Ashgrove Systems,"Washington, DC",Full-time,"System Design, Code Review Practices, Go, Kubernetes, gRPC, Ruby",106677,146004,Software Engineering
Junior Mobile Developer (iOS),Ironwood Systems,"Austin, TX",Full-time,"Swift, iOS Development, Xcode, Objective-C",61691,74960,Software Engineering
Junior Software Developer,Amber Platforms,Remote,Full-time,"MongoDB, git, Ruby, Python, React, gRPC, Kubernetes",56746,75883,Software Engineering
Junior Full Stack Engineer,Ashgrove Systems,"New York, NY",Part-time,"TypeScript, Event-Driven Architecture, Figma, Microsoft Azure, GraphQL Client (Apollo), jQuery, System Design, Tailwind CSS",56888,79688,Software Engineering
Intern Backend Engineer,Tidefall Platforms,"Amsterdam, Netherlands",Internship,"gRPC, GraphQL, FastAPI, Kubernetes, Docker, NestJS, Microservices Architecture, Node.js",26967,36597,Software Engineering
Intern Full Stack Developer,Tidefall Systems,"Chicago, IL",Internship,"Cross-browser Compatibility, React, TypeScript",21298,35470,Software Engineering
Senior Backend Developer,Basalt Platforms,Remote,Full-time,"Python, ASP.NET, Express.js",101592,148633,Software Engineering
Software Engineer,Windemere Platforms,Singapore,Full-time,"Docker, HTML, System Design, Material UI, Figma",76514,109710,Software Engineering
Intern Full Stack Engineer,Crestline Platforms,Remote,Internship,"GraphQL, Message Queues (RabbitMQ), System Design, Scrum, Progressive Web Apps, Distributed Systems",23767,32277,Software Engineering
"Engineering Manager, Frontend",Ashgrove Systems,Remote,Full-time,"TypeScript, Progressive Web Apps, Responsive Design, Bootstrap, Material UI, Storybook, Team Leadership",133231,169372,Software Engineering
Senior Software Engineer,Skyline Systems,"New York, NY",Full-time,"jQuery, Message Queues (RabbitMQ), Team Leadership, Responsive Design, Figma, Docker, Express.js",100104,146468,Software Engineering
Lead Software Developer,Granite Systems,"Sydney, Australia",Full-time,"Microsoft Azure, REST API Design, Hexagonal Architecture, Vite, Amazon Web Services, Bootstrap",134189,174461,Software Engineering
Engineering Manager,Driftwood Platforms,"Portland, OR",Full-time,"FastAPI, Caching Strategies, ASP.NET, NestJS, Redis, DynamoDB, C#, Java",122096,150418,Software Engineering
Senior Android Engineer,Skyline Platforms,Remote,Contract,"Android Development, Mobile CI/CD, Jetpack Compose, Mentoring, Kotlin",100070,131172,Software Engineering
Full Stack Engineer,Cinderfall Platforms,"Berlin, Germany",Full-time,"Storybook, Scrum, Accessibility (WCAG), FastAPI, C#, Docker",85229,107532,Software Engineering
Backend Engineer,Foxglove Platforms,Remote,Full-time,"Spring Boot, gRPC,  Docker , Team Leadership, Java, System Design, gRPC",79550,97615,Software Engineering
Backend Engineer,Solstice Systems,"London, UK",Full-time,"Cassandra, Communication, Microsoft Azure, ASP.NET",75009,109988,Software Engineering
Software Engineer,Tidefall Systems,"Raleigh, NC",Full-time,"Java, Svelte, Sass, Mentoring",75571,90152,Software Engineering
Intern Mobile Developer (Android),Vertex Systems,"Raleigh, NC",Internship,"Push Notifications, Mobile App Architecture, Android Development, App Store Optimization",21535,35212,Software Engineering
Staff Mobile Engineer,Pinecrest Systems,Remote,Full-time,"Git, REST API Design, Mobile Performance Optimization, Team Leadership, Dart",154255,178295,Software Engineering
Senior Backend Developer,Marrow Systems,"Raleigh, NC",Contract,"FastAPI, Caching Strategies, Microsoft Azure",100410,148434,Software Engineering
Junior Mobile Developer (iOS),Meridian Platforms,Singapore,Full-time,"App Store Optimization, Objective-C, Mobile App Architecture",55309,77635,Software Engineering
Principal Frontend Developer,Ashgrove Systems,"Austin, TX",Full-time,"Angular, Jest, Distributed Systems, Redux",154258,178755,Software Engineering
Mobile Engineer,Silverbrook Platforms,"Atlanta, GA",Full-time,"React Native, Kotlin Multiplatform, Dart, Mobile App Architecture, Mobile Performance Optimization, REST API Design, Cross-platform Development, Flutter",77185,102377,Software Engineering
Lead Frontend Developer,Ashgrove Works,"San Francisco, CA",Contract,"Webpack, Figma, Jest, Angular, Vite",130049,173813,Software Engineering
Mobile Developer (iOS),Silverbrook Platforms,"San Francisco, CA",Full-time,"Continuous Integration, Mobile Performance Optimization, Objective-C, Xcode, Swift",91451,103968,Software Engineering
Staff Frontend Developer,Quartzline Systems,Remote,Full-time,"GraphQL Client (Apollo), CSS, jQuery, Domain-Driven Design, REACT, Cross-browser Compatibility, Angular",155786,180878,Software Engineering
Senior Mobile Engineer,Hollowreach Works,"Raleigh, NC",Part-time,"Mobile CI/CD, React Native, Problem Solving, Mobile App Architecture, Kotlin Multiplatform, Team Leadership, Dart",101196,146634,Software Engineering
Lead Full Stack Engineer,Tidefall Platforms,Remote,Full-time,"Angular, Express.js, Redis, Python, Sass, Distributed Systems, Scrum",133506,165519,Software Engineering
Junior Mobile Engineer,Cinderfall Platforms,"Chicago, IL",Contract,"Mobile Performance Optimization, Mobile CI/CD, Technical Writing",60488,69848,Software Engineering
Engineering Manager,Solstice Platforms,"New York, NY",Full-time,"Git, Node.js, Webpack, HTML, PostgreSQL",141445,163858,Software Engineering
Junior Full Stack Engineer,Vertex Systems,"New York, NY",Full-time,"CI/CD Pipelines, Responsive Design, Mentoring, React, Ruby on Rails, Vue.js",65271,76354,Software Engineering
Staff Frontend Engineer,Lattice Systems,"New York, NY",Full-time,"Storybook, Vite, TypeScript, Continuous Integration",140225,180377,Software Engineering
Android Engineer,Emberfield Systems,"Portland, OR",Part-time,"Push Notifications, Mobile CI/CD, Mobile Performance Optimization, App Store Optimization, Android Development, Android Studio, Kotlin, Jetpack Compose",90376,108159,Software Engineering
Staff Mobile Developer (iOS),Coral Systems,"Chicago, IL",Full-time,"Push Notifications, App Store Optimization, SwiftUI, Domain-Driven Design, System Design, Mobile App Architecture, iOS Development, Objective-C",140223,179239,Software Engineering
Full Stack Engineer,Brightbay Platforms,"Chicago, IL",Full-time,"CI/CD Pipelines, Cassandra, Event-Driven Architecture, Storybook, Mentoring, Node.js",88116,109902,Software Engineering
Intern Backend Developer,Cascadia Platforms,"Sydney, Australia",Internship,"Microservices Architecture, Node.js, Microsoft Azure, Redis",25106,39918,Software Engineering
Lead Mobile Engineer,Silverbrook Platforms,"Washington, DC",Full-time,"Flutter, REST API Design, Mentoring, Domain-Driven Design, Mobile CI/CD, Kotlin Multiplatform",131858,174173,Software Engineering
Frontend Engineer,Northwind Systems,Remote,Full-time,"TypeScript, Redux, Angular, Material UI, HTML, Vue.js",75898,109338,Software Engineering
Junior Mobile Engineer,Foxglove Systems,"Denver, CO",Full-time,"Mobile App Architecture, Mobile CI/CD, Flutter",55092,76819,Software Engineering
Intern iOS Engineer,Windemere Works,"Raleigh, NC",Internship,"iOS Development, Continuous Integration, Mobile CI/CD, Mobile App Architecture, Mobile Performance Optimization, App Store Optimization",28700,39402,Software Engineering
Senior Software Developer,Harborline Platforms,"Portland, OR",Full-time,"Jest, Kubernetes, Figma, gRPC, TypeScript, REST API Design",101630,122014,Software Engineering
Staff Full Stack Engineer,Basalt Platforms,Singapore,Full-time,"jQuery, MySQL, CSS",146371,168200,Software Engineering
Senior Android Engineer,Nova Systems,Singapore,Full-time,"Kotlin, Domain-Driven Design, Hexagonal Architecture",111840,149273,Software Engineering
Staff Full Stack Developer,Ironwood Platforms,Remote,Full-time,"REST API Design, Go, CSS, Svelte, Ruby on Rails, Go",153703,179721,Software Engineering
iOS Engineer,Windemere Platforms,Remote,Full-time,"Objective-C, iOS Development, Push Notifications, Xcode",77062,101247,Software Engineering
Principal Software Engineer,Silverbrook Works,"Portland, OR",Full-time,"Kotlin, GraphQL Client (Apollo), Django, Jest, Storybook, Bootstrap",170348,186016,Software Engineering
Mobile Developer (Android),Windemere Systems,"Austin, TX",Contract,"Mobile App Architecture, Android Development, Jetpack Compose, App Store Optimization",85372,109871,Software Engineering
Principal Mobile Developer (Android),Cobalt Systems,"Denver, CO",Full-time,"Mobile App Architecture, Mobile Performance Optimization, Mentoring, Mentoring, Kotlin, Push Notifications",160658,187512,Software Engineering
Senior iOS Engineer,Skyline Platforms,"Los Angeles, CA",Contract,"Mentoring, Objective-C, iOS Development, Push Notifications, SwiftUI, Distributed Systems",117912,137919,Software Engineering
Junior Android Engineer,Bluepeak Platforms,Remote,Full-time,"Team Leadership, REST API Design, Mobile App Architecture",57797,72821,Software Engineering
Intern Software Engineer,Palisade Systems,"New York, NY",Internship,"Kubernetes, Figma, Progressive Web Apps, Problem Solving, Amazon Web Services, Ruby",21159,37395,Software Engineering
Android Engineer,Basalt Systems,"Portland, OR",Part-time,"Mobile App Architecture, REST API Design, Jetpack Compose, Android Studio, Agile Methodology",79850,108354,Software Engineering
iOS Engineer,Windemere Platforms,"San Francisco, CA",Full-time,"Objective-C, Xcode, Mobile App Architecture",81572,103122,Software Engineering
Staff Backend Engineer,Basalt Systems,"Portland, OR",Full-time,"REST API Design, Express.js, Communication, NestJS, Kubernetes, Go, GraphQL",153090,171236,Software Engineering
Lead Software Developer,Silverbrook Systems,Remote,Full-time,"Microsoft Azure, JavaScript, Go, gRPC, Sass, Java, Kubernetes",130154,174966,Software Engineering
Principal Mobile Engineer,Coral Platforms,Remote,Full-time,"Cross-platform Development, Domain-Driven Design, REST API Design, Mobile App Architecture",153883,171412,Software Engineering
Lead Software Developer,Solstice Systems,Remote,Full-time,"Vite, Cassandra, Event-Driven Architecture",130424,166077,Software Engineering
"Engineering Manager, Backend",Solstice Systems,"Raleigh, NC",Full-time,"GraphQL, Distributed Systems, ASP.NET, REST API Design",128989,148795,Software Engineering
Intern Mobile Developer (Android),Solstice Platforms,Remote,Internship,"Team Leadership, Mobile Performance Optimization, App Store Optimization",20534,39636,Software Engineering
Lead Mobile Engineer,Onyx Platforms,"Sydney, Australia",Full-time,"Mobile App Architecture, Load Balancing, Dart, Mobile Performance Optimization, REST API Design, Domain-Driven Design, Technical Writing",137491,155515,Software Engineering
Junior Full Stack Engineer,Silverbrook Systems,"Los Angeles, CA",Full-time,"GraphQL Client (Apollo), NestJS, Java, CACHING STRATEGIES, NestJS",58810,73737,Software Engineering
Lead Mobile Developer (iOS),Hollowreach Platforms,Remote,Full-time,"Swift, Hexagonal Architecture, System Design, REST API Design, Mobile CI/CD, Objective-C, iOS Development",132100,163945,Software Engineering
Senior Backend Engineer,Solstice Systems,"Boston, MA",Contract,"Message Queues (RabbitMQ), Ruby on Rails, System Design, Python, NestJS, MySQL, Go",105684,147907,Software Engineering
Staff Backend Engineer,Crestline Platforms,"Raleigh, NC",Contract,"Kubernetes, Spring Boot, gRPC, FastAPI",159560,183623,Software Engineering
Junior Backend Developer,Wrenfield Platforms,"Sydney, Australia",Full-time,"Cassandra, Java, Technical Writing, Amazon Web Services, Flask, Ruby, FastAPI",56293,78113,Software Engineering
Engineering Manager,Nova Platforms,"Dublin, Ireland",Full-time,"Amazon Web Services, Redis, CSS, GraphQL, Java, ASP.NET, System Design, Django",133816,159084,Software Engineering
Senior Software Developer,Emberfield Systems,"Los Angeles, CA",Contract,"REST API Design, Material UI, Redis, gRPC, TypeScript, Amazon Web Services, MySQL",114566,144941,Software Engineering
Senior Full Stack Developer,Quartzline Platforms,"Boston, MA",Part-time,"Ruby, JavaScript, Kotlin, System Design, Angular",101182,132805,Software Engineering
"Engineering Manager, Backend",Amber Systems,"New York, NY",Full-time,"NestJS, Django, Amazon Web Services, Microservices Architecture, Ruby",124929,167961,Software Engineering
Staff Frontend Developer,Lattice Systems,Remote,Contract,"Figma, GraphQL Client (Apollo), Vite",145285,174325,Software Engineering
Principal Full Stack Engineer,Brightbay Platforms,"Denver, CO",Full-time,"Mentoring, Mentoring, Spring Boot",152922,178644,Software Engineering
Staff Full Stack Engineer,Nova Systems,"Dublin, Ireland",Contract,"Material UI, MongoDB, REST API Design, FastAPI, ASP.NET, Ruby, Vue.js",146043,178936,Software Engineering
Intern Frontend Engineer,Palisade Platforms,Remote,Internship,"Next.js, JavaScript, material ui, Cross-browser Compatibility, Vue.js, JavaScript",22491,39205,Software Engineering
iOS Engineer,Vertex Systems,"Chicago, IL",Full-time,"Swift, Mobile CI/CD, Mobile Performance Optimization, iOS Development, Xcode, SwiftUI",76378,109468,Software Engineering
Senior Full Stack Engineer,Hollowreach Systems,Remote,Full-time,"Go, DISTRIBUTED SYSTEMS, Progressive Web Apps, Cassandra, CSS, Spring Boot, Docker, Jest, Cassandra",108636,138374,Software Engineering
Senior Backend Developer,Hollowreach Works,Remote,Full-time,"Python, Message Queues (RabbitMQ), System Design, CI/CD Pipelines, Kubernetes, Microservices Architecture, Ruby on Rails, PostgreSQL",109086,137473,Software Engineering
Software Developer,Lattice Systems,"New York, NY",Full-time,"Jest, Cassandra, Problem Solving, DynamoDB, Ruby",76863,98232,Software Engineering
"Engineering Manager, Frontend",Emberfield Platforms,"Los Angeles, CA",Full-time,"Git, GraphQL Client (Apollo), Redux",121564,142820,Software Engineering
Full Stack Engineer,Silverbrook Platforms,Remote,Part-time,"Continuous Integration, JavaScript, Tailwind CSS, Node.js, progressive web apps, Accessibility (WCAG)",83952,108539,Software Engineering
Intern Backend Developer,Harborline Platforms,"Boston, MA",Internship,"Caching Strategies, Google Cloud Platform, FastAPI, Go, Kubernetes, System Design, Ruby",24304,35258,Software Engineering
Engineering Manager,Onyx Systems,"Amsterdam, Netherlands",Full-time,"Figma, Spring Boot, CSS",124602,156092,Software Engineering
Junior Android Engineer,Driftwood Systems,"New York, NY",Full-time,"Git, Push Notifications, Mobile CI/CD, Android Development, App Store Optimization, Mobile App Architecture, Jetpack Compose",57034,78149,Software Engineering
Junior Software Developer,Windemere Works,"Boston, MA",Full-time,"Problem Solving, Microservices Architecture, Jest, Cassandra, Amazon Web Services, Progressive Web Apps, Java, Caching Strategies",56538,77634,Software Engineering
Frontend Engineer,Basalt Systems,Remote,Full-time,"GraphQL Client (Apollo), Next.js, Redux, Cross-browser Compatibility, Progressive Web Apps, Webpack, Responsive Design, jQuery",83406,108667,Software Engineering
Full Stack Engineer,Hollowreach Systems,Remote,Part-time,"DynamoDB, Agile Methodology, Distributed Systems, Svelte, Redux, GraphQL Client (Apollo), Storybook",75588,101107,Software Engineering
Engineering Manager,Vertex Platforms,Remote,Full-time,"Microsoft Azure, GraphQL, TypeScript, Caching Strategies, Load Balancing, DynamoDB, Mentoring, CI/CD Pipelines",138952,165514,Software Engineering
Senior Backend Developer,Skyline Platforms,"Los Angeles, CA",Full-time,"Spring Boot, Ruby on Rails, Problem Solving, DynamoDB",102329,149731,Software Engineering
Lead Software Developer,Lattice Systems,"Seattle, WA",Full-time,"Microservices Architecture, PostgreSQL, Material UI",144465,174114,Software Engineering
Frontend Engineer,Slatestone Systems,"Los Angeles, CA",Full-time,"HTML, Progressive Web Apps, Agile Methodology, Angular",75714,93624,Software Engineering
Intern Full Stack Developer,Bluepeak Platforms,"Portland, OR",Internship,"Tailwind CSS, Webpack, Microsoft Azure, Python, JavaScript, Next.js",20420,38556,Software Engineering
Android Engineer,Fernwood Systems,Remote,Full-time,"Mobile Performance Optimization, Mobile CI/CD, Mentoring, Kotlin, Android Development, Push Notifications, Jetpack Compose, Android Studio",83894,105936,Software Engineering
Mobile Developer (iOS),Thistledown Systems,"London, UK",Contract,"App Store Optimization, Mobile CI/CD, SwiftUI, iOS Development, Mobile Performance Optimization",93215,106341,Software Engineering
Principal Mobile Engineer,Basalt Platforms,"Austin, TX",Contract,"Kotlin Multiplatform, Cross-platform Development, Load Balancing, Mobile App Architecture, Dart",166343,186739,Software Engineering
Staff Frontend Developer,Quartzline Platforms,"Austin, TX",Full-time,"TypeScript, Continuous Integration, Vue.js, Sass",166369,183206,Software Engineering
Software Developer,Pinecrest Platforms,"Dublin, Ireland",Contract,"Sass, Cross-browser Compatibility, Docker, Material UI, jQuery",77785,109799,Software Engineering
Senior Backend Developer,Harborline Systems,Remote,Full-time,"Hexagonal Architecture, gRPC, Google Cloud Platform, DynamoDB, FastAPI",100212,149679,Software Engineering
Full Stack Developer,Copperbend Works,"Portland, OR",Part-time,"jQuery, Sass, Node.js, Vite, Storybook, Event-Driven Architecture, REST API Design, ASP.NET",77738,95875,Software Engineering
Backend Engineer,Amber Systems,"Denver, CO",Full-time,"Message Queues (RabbitMQ), Amazon Web Services, Kubernetes, NestJS",95051,107778,Software Engineering
Lead Mobile Engineer,Coral Platforms,Remote,Full-time,"Hexagonal Architecture, Code Review Practices, REST API Design",145158,161654,Software Engineering
Senior Android Engineer,Driftwood Systems,"Amsterdam, Netherlands",Full-time,"Mentoring, Android Development, Scrum, Mobile CI/CD, Kotlin, Mobile App Architecture",110047,141249,Software Engineering
Intern Full Stack Developer,Gullhaven Systems,"Raleigh, NC",Internship,"Continuous Integration, gRPC, Python",29948,38739,Software Engineering
Lead Frontend Developer,Redwood Platforms,Remote,Full-time,"jQuery, React, Redux, Continuous Integration, Accessibility (WCAG), Distributed Systems",137522,170275,Software Engineering
Senior Frontend Engineer,Northwind Platforms,Singapore,Full-time,"Vue.js, Accessibility (WCAG), Responsive Design, HTML, Webpack, Next.js",103135,127800,Software Engineering
Senior Mobile Engineer,Tidefall Systems,Remote,Full-time,"Flutter, Kotlin Multiplatform, Mobile CI/CD, Dart, Mobile App Architecture, React Native, Cross-platform Development",104231,145288,Software Engineering
Backend Developer,Northwind Systems,Remote,Full-time,"Amazon Web Services, DynamoDB, MySQL, Caching Strategies, Cassandra",82959,95522,Software Engineering
Intern Mobile Developer (iOS),Ashgrove Platforms,"Chicago, IL",Internship,"Push Notifications, REST API Design, App Store Optimization, Mentoring, Mobile App Architecture, Xcode, SwiftUI, Swift",20049,36805,Software Engineering
"Engineering Manager, Backend",Silverbrook Platforms,"Washington, DC",Full-time,"Message Queues (RabbitMQ), Team Leadership, NestJS",130936,153524,Software Engineering
Junior Backend Engineer,Slatestone Platforms,"Washington, DC",Contract,"Communication, Java, Message Queues (RabbitMQ), MongoDB",61946,70769,Software Engineering
"Engineering Manager, Mobile",Onyx Systems,"Austin, TX",Full-time,"iOS Development, Distributed Systems, App Store Optimization",133703,166441,Software Engineering
Software Developer,Tidefall Systems,"Los Angeles, CA",Full-time,"Express.js, Git, Responsive Design, CSS, Amazon Web Services, DynamoDB, Message Queues (RabbitMQ)",76645,103390,Software Engineering
Junior Mobile Developer (Android),Hollowreach Systems,Remote,Contract,"Jetpack Compose, Agile Methodology, Push Notifications, Android Development, REST API Design, Kotlin, App Store Optimization, Mobile CI/CD",56299,68789,Software Engineering
Full Stack Developer,Brightbay Platforms,"San Francisco, CA",Full-time,"Mentoring, Microservices Architecture, TypeScript, JavaScript, MongoDB",78684,107647,Software Engineering
Staff Android Engineer,Wrenfield Systems,Remote,Full-time,"REST API Design, App Store Optimization, Android Development, Hexagonal Architecture, Mobile App Architecture",148484,175049,Software Engineering
Principal Mobile Developer (iOS),Fernwood Platforms,"Amsterdam, Netherlands",Full-time,"Mobile Performance Optimization, Swift, App Store Optimization, Load Balancing, Mobile CI/CD, Mobile App Architecture, Xcode",150404,189570,Software Engineering
Junior Backend Developer,Windemere Systems,"Los Angeles, CA",Full-time,"Java, Spring Boot, Kubernetes, Distributed Systems, Ruby, Ruby on Rails, Cassandra",55151,79700,Software Engineering
"Engineering Manager, Mobile",Thistledown Platforms,"Boston, MA",Full-time,"Git, App Store Optimization, REST API Design, Mobile App Architecture, Mentoring, Push Notifications",136581,162021,Software Engineering
Staff Android Engineer,Windemere Systems,"Austin, TX",Full-time,"Load Balancing, Mobile Performance Optimization, Git, Mobile CI/CD, Kotlin, App Store Optimization, Jetpack Compose",149139,179094,Software Engineering
Senior Software Developer,Cinderfall Platforms,"Atlanta, GA",Full-time,"CI/CD Pipelines, Angular, Caching Strategies, Flask, Tailwind CSS, System Design, JavaScript, NestJS",106397,139528,Software Engineering
Senior Mobile Engineer,Coral Systems,"Portland, OR",Part-time,"Mobile Performance Optimization, Team Leadership, React Native, Mentoring, Distributed Systems, REST API Design, Cross-platform Development",104760,139660,Software Engineering
Junior Mobile Engineer,Cobalt Systems,"Portland, OR",Full-time,"Flutter, Scrum, Dart, REST API Design, React Native, Mobile App Architecture, Kotlin Multiplatform",56260,77313,Software Engineering
Android Engineer,Skyline Systems,"Atlanta, GA",Full-time,"Jetpack Compose, Mobile CI/CD, Mobile Performance Optimization, Push Notifications",75317,109530,Software Engineering
Software Developer,Timberline Platforms,"Washington, DC",Full-time,"Ruby, Docker, CI/CD Pipelines, HTML, Google Cloud Platform, NestJS, REST API Design, Responsive Design",75149,107922,Software Engineering
Intern Software Engineer,Vertex Systems,"Raleigh, NC",Internship,"Vite, Responsive Design, Flask, Bootstrap, Django, Vue.js",20696,39842,Software Engineering
Lead iOS Engineer,Northwind Systems,"San Francisco, CA",Full-time,"Mobile CI/CD, Communication, Mobile Performance Optimization, App Store Optimization, iOS Development",140740,165014,Software Engineering
Senior Android Engineer,Ashgrove Platforms,"Raleigh, NC",Contract,"REST API Design, Kotlin, Hexagonal Architecture, Team Leadership, Mobile CI/CD",111364,141598,Software Engineering
Software Developer,Lattice Platforms,"Washington, DC",Full-time,"Kotlin, Material UI, CI/CD Pipelines, Go, ASP.NET",94377,108321,Software Engineering
Mobile Engineer,Crestline Systems,Singapore,Part-time,"Cross-platform Development, React Native, Flutter, Mobile CI/CD, Mobile App Architecture, KOTLIN MULTIPLATFORM",76181,109982,Software Engineering
"Engineering Manager, Backend",Meridian Platforms,Remote,Full-time,"MongoDB, System Design, Go, Kotlin, Java",126607,164318,Software Engineering
Intern Android Engineer,Bluepeak Platforms,Remote,Internship,"Mobile CI/CD, Kotlin, Push Notifications, Jetpack Compose, Mobile App Architecture, Mobile Performance Optimization, Android Development",24239,36329,Software Engineering
Mobile Developer (Android),Silverbrook Platforms,Remote,Full-time,"Android Studio, App Store Optimization, Android Development, Push Notifications, Mobile App Architecture, Mobile Performance Optimization, Scrum, REST API Design",75180,109962,Software Engineering
Senior Full Stack Developer,Cascadia Systems,"San Francisco, CA",Full-time,"TypeScript, Mentoring, Webpack, Storybook, Kubernetes, Distributed Systems, FastAPI, Express.js",107630,132931,Software Engineering
Junior Backend Developer,Redwood Platforms,"Bengaluru, India",Full-time,"Express.js, Microservices Architecture, Django, NestJS, Ruby on Rails",55082,78006,Software Engineering
Principal Backend Developer,Timberline Platforms,"Portland, OR",Full-time,"FastAPI, REST API Design, Google Cloud Platform, Amazon Web Services, Team Leadership, GraphQL, Distributed Systems",156198,176491,Software Engineering
Principal Android Engineer,Skyline Platforms,"Boston, MA",Full-time,"Push Notifications, Jetpack Compose, Team Leadership, Android Studio, Hexagonal Architecture",157243,183540,Software Engineering
"Engineering Manager, Mobile",Tidefall Systems,Singapore,Full-time,"mobile app architecture, Load Balancing, Kotlin Multiplatform, Flutter, Dart, Cross-platform Development, REST API Design, React Native",129895,169483,Software Engineering
Mobile Developer (iOS),Nova Systems,Remote,Full-time,"Push Notifications, App Store Optimization, Xcode, iOS Development, Mobile Performance Optimization",75353,88506,Software Engineering
Intern Backend Developer,Foxglove Systems,"Boston, MA",Internship,"Ruby on Rails, Caching Strategies, Java",21684,33570,Software Engineering
Junior Full Stack Developer,Wrenfield Platforms,"Sydney, Australia",Part-time,"Microsoft Azure, Accessibility (WCAG), Go, MongoDB, Storybook",63006,77968,Software Engineering
Junior Backend Developer,Hollowreach Systems,"Portland, OR",Full-time,"Microsoft Azure, MongoDB, Continuous Integration, Cassandra, Django, NestJS",60513,78779,Software Engineering
Frontend Engineer,Amber Systems,"Raleigh, NC",Full-time,"Team Leadership, Webpack, jQuery, Progressive Web Apps, Accessibility (WCAG)",75393,100453,Software Engineering
Junior Frontend Engineer,Cobalt Systems,"Seattle, WA",Full-time,"Webpack, Communication, Material UI",56048,79420,Software Engineering
Intern Backend Developer,Lattice Systems,"Washington, DC",Internship,"Distributed Systems, Java, Django, Kotlin, Python, REST API Design, Go, Microsoft Azure",25490,34325,Software Engineering
Principal Mobile Engineer,Copperbend Works,Remote,Full-time,"Mobile App Architecture, REST API Design, Hexagonal Architecture, Mobile Performance Optimization, Flutter, Mobile CI/CD",152760,188568,Software Engineering
Staff Frontend Developer,Cobalt Systems,"Boston, MA",Full-time,"Mentoring, React, Sass, Cross-browser Compatibility, Accessibility (WCAG), HTML",141255,161792,Software Engineering
Senior Full Stack Engineer,Brightbay Platforms,"Toronto, ON",Contract,"Svelte, Webpack, Express.js, Python",102220,148387,Software Engineering
Engineering Manager,Driftwood Platforms,"Chicago, IL",Full-time,"Message Queues (RabbitMQ), Figma, Node.js",122075,160155,Software Engineering
Software Developer,Amber Platforms,"New York, NY",Full-time,"Tailwind CSS, Django, Scrum, Spring Boot",85817,109712,Software Engineering
Frontend Engineer,Solstice Systems,"San Francisco, CA",Full-time,"Angular, TypeScript, Tailwind CSS, Cross-browser Compatibility, Figma",79045,108206,Software Engineering
Frontend Developer,Timberline Systems,Remote,Full-time,"Progressive Web Apps, CSS, Svelte, Sass, Problem Solving, GraphQL Client (Apollo), Webpack, Bootstrap",86031,107030,Software Engineering
Junior Frontend Developer,Palisade Systems,"Seattle, WA",Full-time,"GraphQL Client (Apollo), Accessibility (WCAG), Code Review Practices, Tailwind CSS, Cross-browser Compatibility, Bootstrap, Responsive Design",55436,75511,Software Engineering
Principal Software Engineer,Hollowreach Works,"Toronto, ON",Full-time,"Microsoft Azure, React, Cassandra, ASP.NET",151804,189693,Software Engineering
Junior Full Stack Engineer,Thistledown Systems,"Denver, CO",Contract,"PostgreSQL, Agile Methodology, FastAPI, DynamoDB, Kotlin",58147,79052,Software Engineering
Staff Mobile Developer (Android),Harborline Systems,"Sydney, Australia",Full-time,"Mobile Performance Optimization, Mobile App Architecture, Jetpack Compose, Team Leadership",145779,173493,Software Engineering
Frontend Engineer,Palisade Systems,Remote,Full-time,"Sass, Progressive Web Apps, Material UI, Svelte, Bootstrap",79594,98904,Software Engineering
Principal Backend Developer,Timberline Platforms,Remote,Full-time,"Event-Driven Architecture, Go, Ruby on Rails, Google Cloud Platform",155391,182627,Software Engineering
Staff Mobile Developer (Android),Coral Platforms,"Boston, MA",Full-time,"Mobile App Architecture, Domain-Driven Design, Android Development",153121,184356,Software Engineering
Intern Full Stack Engineer,Brightbay Platforms,"Seattle, WA",Internship,"CSS, Accessibility (WCAG), Event-Driven Architecture, React, Bootstrap, Django",21931,34958,Software Engineering
Frontend Engineer,Silverbrook Systems,"Washington, DC",Full-time,"Technical Writing, Progressive Web Apps, Angular, HTML, Figma",85190,97586,Software Engineering
Intern iOS Engineer,Emberfield Platforms,"Seattle, WA",Internship,"Push Notifications, Mobile Performance Optimization, Mobile CI/CD, iOS Development, Mobile App Architecture",22557,39980,Software Engineering
Mobile Engineer,Crestline Systems,"Washington, DC",Part-time,"GIT, Mobile App Architecture, Dart, REST API Design",75648,102004,Software Engineering
Senior Mobile Engineer,Fernwood Systems,"Boston, MA",Full-time,"System Design, Git, mobile performance optimization, Flutter, Cross-platform Development, React Native",116661,140593,Software Engineering
Junior Software Engineer,Basalt Platforms,"Denver, CO",Full-time,"Jest, Vite, Go",55717,78533,Software Engineering
Frontend Engineer,Gullhaven Platforms,"Toronto, ON",Part-time,"TypeScript, JEST, GraphQL Client (Apollo), Bootstrap, Bootstrap",82162,108963,Software Engineering
Senior iOS Engineer,Solstice Platforms,"New York, NY",Full-time,"Hexagonal Architecture, Swift, Problem Solving, Mobile Performance Optimization, Mobile CI/CD, REST API Design",110338,132422,Software Engineering
Principal Backend Developer,Granite Systems,"Denver, CO",Contract,"ASP.NET, Django, Express.js, Kotlin, Distributed Systems, Caching Strategies, REST API Design, gRPC",157112,188189,Software Engineering
Staff Frontend Developer,Foxglove Systems,"Amsterdam, Netherlands",Contract,"cross-browser compatibility, Mentoring, Material UI",140282,183932,Software Engineering
Intern Software Engineer,Slatestone Systems,"Washington, DC",Internship,"Git, ASP.NET, Responsive Design, Node.js, Cross-browser Compatibility",21243,37675,Software Engineering
Staff Mobile Engineer,Silverbrook Works,"Atlanta, GA",Full-time,"Load Balancing, Flutter, Distributed Systems",151078,177365,Software Engineering
Junior Software Developer,Bluepeak Platforms,Remote,Full-time,"Flask, DynamoDB, Express.js, Amazon Web Services, jQuery, REST API Design, Agile Methodology, Ruby",63316,78791,Software Engineering
Junior iOS Engineer,Silverbrook Systems,"Portland, OR",Full-time,"Mobile Performance Optimization, Swift, Xcode, Push Notifications",56753,72753,Software Engineering
Staff Backend Engineer,Solstice Platforms,Remote,Full-time,"PostgreSQL, Express.js, Microsoft Azure, NestJS, Google Cloud Platform, Load Balancing, Caching Strategies, Flask",151610,169428,Software Engineering
"Engineering Manager, Backend",Windemere Works,"Seattle, WA",Full-time,"Message Queues (RabbitMQ), C#, Flask",138692,167922,Software Engineering
Senior Frontend Engineer,Copperbend Platforms,"London, UK",Full-time,"Vite, Technical Writing, Tailwind CSS, Next.js",103591,134668,Software Engineering
Intern Android Engineer,Onyx Platforms,"London, UK",Internship,"Jetpack Compose, Continuous Integration, Android Studio, Kotlin, Mobile Performance Optimization, Mobile CI/CD, Push Notifications, Android Development",29402,37632,Software Engineering
Senior Mobile Developer (iOS),Bluepeak Platforms,"New York, NY",Contract,"Objective-C, Mobile CI/CD, App Store Optimization, Push Notifications",100329,148332,Software Engineering
Frontend Developer,Amber Systems,"Austin, TX",Full-time,"jQuery, Material UI, Next.js",77676,104694,Software Engineering
Full Stack Engineer,Driftwood Systems,"Los Angeles, CA",Contract,"Google Cloud Platform, Angular, MySQL, ASP.NET, Agile Methodology",75065,108504,Software Engineering
Senior Software Developer,Harborline Platforms,Remote,Full-time,"Spring Boot, FastAPI, Java, Ruby on Rails, HTML",109728,134591,Software Engineering
Senior Frontend Engineer,Emberfield Systems,"Seattle, WA",Contract,"Cross-browser Compatibility, Tailwind CSS, React, Storybook, HTML, Figma",104262,148459,Software Engineering
Junior Full Stack Engineer,Granite Platforms,Remote,Contract,"Svelte, Technical Writing, FastAPI, Responsive Design, Ruby, Microsoft Azure, MySQL, Google Cloud Platform",56600,70337,Software Engineering
Full Stack Engineer,Timberline Platforms,"San Francisco, CA",Full-time,"jQuery, DynamoDB, FastAPI, Redis, CSS",83911,109836,Software Engineering
Staff Mobile Developer (iOS),Skyline Systems,"Washington, DC",Full-time,"Xcode, Objective-C, Push Notifications, Team Leadership",157799,179322,Software Engineering
Backend Developer,Timberline Platforms,Singapore,Full-time,"Python, MySQL, Google Cloud Platform, Cassandra",82576,106548,Software Engineering
Staff Software Engineer,Tidefall Systems,"Los Angeles, CA",Full-time,"MySQL, Redux, Progressive Web Apps, Redis, Java, CSS, Responsive Design, FastAPI",159404,177201,Software Engineering
Principal Mobile Engineer,Skyline Platforms,"Washington, DC",Full-time,"React Native, Mobile App Architecture, Kotlin Multiplatform, Dart, Mentoring, Mobile Performance Optimization, REST API Design",150344,188760,Software Engineering
Lead Software Engineer,Silverbrook Systems,"Berlin, Germany",Full-time,"Sass, DynamoDB, Flask, Ruby on Rails, GraphQL",132645,170950,Software Engineering
Senior Mobile Developer (Android),Tidefall Systems,"Bengaluru, India",Part-time,"Push Notifications, Hexagonal Architecture, REST API Design",109828,139793,Software Engineering
Intern Android Engineer,Ironwood Platforms,"Austin, TX",Internship,"REST API Design, App Store Optimization, mobile ci/cd, Kotlin, Jetpack Compose, Mobile App Architecture",20944,33895,Software Engineering
Frontend Developer,Pinecrest Platforms,"Portland, OR",Full-time,"CSS, Accessibility (WCAG), TypeScript, Vue.js, Responsive Design, React, Webpack",76548,104239,Software Engineering
Lead Software Engineer,Windemere Platforms,"Seattle, WA",Full-time,"Angular, Event-Driven Architecture, C#, Cassandra, KUBERNETES, JavaScript, MySQL, REST API Design",140291,173031,Software Engineering
Junior Software Engineer,Nova Systems,"Portland, OR",Full-time,"Django, Svelte, Git, CSS, Sass, ASP.NET, Progressive Web Apps, Material UI",59444,73369,Software Engineering
Software Engineer,Cobalt Systems,"Berlin, Germany",Full-time,"Angular, Spring Boot, GraphQL Client (Apollo), Caching Strategies",86962,100728,Software Engineering
Staff Full Stack Engineer,Granite Platforms,"New York, NY",Full-time,"PostgreSQL, Redis, Accessibility (WCAG), Node.js, HTML, CI/CD Pipelines, GraphQL",146282,179715,Software Engineering
Principal iOS Engineer,Windemere Platforms,"Boston, MA",Full-time,"REST API Design, Mobile App Architecture, Mobile CI/CD, Push Notifications, SwiftUI",160723,178727,Software Engineering
Backend Engineer,Vertex Platforms,"Boston, MA",Full-time,"GraphQL, C#, Amazon Web Services, PostgreSQL, Spring Boot, Caching Strategies, Ruby, DynamoDB",81591,106874,Software Engineering
Software Engineer,Skyline Systems,"New York, NY",Full-time,"REST API Design, Vite, GraphQL, GraphQL Client (Apollo), JavaScript, Distributed Systems",75412,92939,Software Engineering
Senior Full Stack Developer,Lattice Platforms,Remote,Full-time,"React, Material UI, Microsoft Azure, Amazon Web Services, HTML, Cassandra",121696,147809,Software Engineering
Software Engineer,Slatestone Platforms,"Portland, OR",Contract,"Webpack, JavaScript, Ruby",79392,105472,Software Engineering
Senior Mobile Developer (iOS),Fernwood Systems,"San Francisco, CA",Full-time,"Objective-C, Push Notifications, Code Review Practices, REST API Design, iOS Development, Mentoring, App Store Optimization, Mobile App Architecture",122229,143806,Software Engineering
Staff Mobile Engineer,Pinecrest Systems,"Amsterdam, Netherlands",Full-time,"Mobile App Architecture, Mentoring, Cross-platform Development, Code Review Practices, Flutter",154152,184889,Software Engineering
Software Engineer,Quartzline Platforms,"Los Angeles, CA",Part-time,"C#, Message Queues (RabbitMQ), Node.js, Event-Driven Architecture",76349,108364,Software Engineering
Mobile Developer (iOS),Emberfield Platforms,"Atlanta, GA",Full-time,"Push Notifications, Agile Methodology, REST API Design, Mobile CI/CD, App Store Optimization, iOS Development, SwiftUI, Mobile App Architecture",87046,104470,Software Engineering
Senior Frontend Developer,Harborline Platforms,"Amsterdam, Netherlands",Contract,"JavaScript, Webpack, vue.js, Cross-browser Compatibility, HTML, Next.js, Mentoring, Progressive Web Apps",104460,140549,Software Engineering
Intern Full Stack Engineer,Basalt Systems,"Boston, MA",Internship,"Material UI, Kotlin, Python, Java, Svelte, Sass",20802,39828,Software Engineering
Junior Mobile Engineer,Driftwood Platforms,"Raleigh, NC",Full-time,"Technical Writing, Flutter, REST API Design, Mobile CI/CD, Cross-platform Development, Dart",62603,71885,Software Engineering
Junior Mobile Developer (iOS),Tidefall Systems,"San Francisco, CA",Full-time,"iOS Development, Xcode, App Store Optimization, REST API Design, Mobile CI/CD, Mobile Performance Optimization, Swift, Objective-C",55691,65068,Software Engineering
Lead Frontend Developer,Windemere Platforms,"Atlanta, GA",Full-time,"jQuery, Svelte, Sass, Tailwind CSS, Vue.js, Jest, Vite",139335,155946,Software Engineering
Android Engineer,Windemere Systems,Remote,Full-time,"Mobile Performance Optimization, Mobile CI/CD, REST API Design, Android Development, Android Studio, Push Notifications, Mobile App Architecture, Jetpack Compose",83794,104122,Software Engineering
Junior Software Engineer,Ashgrove Works,"Raleigh, NC",Full-time,"Django, Ruby, Kotlin",55831,72955,Software Engineering
iOS Engineer,Palisade Platforms,"Atlanta, GA",Contract,"iOS Development, SwiftUI, Push Notifications, REST API Design, App Store Optimization, Mobile CI/CD, Xcode, Mobile Performance Optimization",84872,98370,Software Engineering
Intern Full Stack Engineer,Wrenfield Platforms,"Los Angeles, CA",Internship,"Caching Strategies, Spring Boot, Microsoft Azure, Webpack, Material UI, Ruby on Rails",23517,34670,Software Engineering
Junior Full Stack Engineer,Windemere Works,"Boston, MA",Full-time,"Ruby, Communication, Google Cloud Platform, jQuery, KUBERNETES, HTML",62726,71892,Software Engineering
Lead Frontend Developer,Lattice Platforms,Remote,Full-time,"Tailwind CSS, Figma, Agile Methodology, Bootstrap, Storybook, Redux, React, Jest",131281,174110,Software Engineering
Android Engineer,Palisade Systems,"Chicago, IL",Part-time,"Jetpack Compose, Continuous Integration, Android Development, Mobile Performance Optimization, Push Notifications",89065,102039,Software Engineering
Frontend Engineer,Thistledown Systems,Remote,Full-time,"Next.js, Redux, Storybook, Tailwind CSS, Material UI, Accessibility (WCAG), Progressive Web Apps, Angular",88675,101754,Software Engineering
Senior Software Developer,Meridian Platforms,"Austin, TX",Full-time,"Tailwind CSS, Redux, Communication, Microsoft Azure, PostgreSQL, HTML, Figma",103851,148982,Software Engineering
Software Engineer,Onyx Platforms,Remote,Full-time,"Distributed Systems, Amazon Web Services, JavaScript, GraphQL, Storybook, React, Sass",82903,104432,Software Engineering
Senior Mobile Developer (iOS),Silverbrook Systems,"Atlanta, GA",Full-time,"Push Notifications, Xcode, REST API Design, Mobile App Architecture",100682,143988,Software Engineering
Principal Full Stack Engineer,Foxglove Platforms,"Washington, DC",Full-time,"Continuous Integration, Amazon Web Services, Google Cloud Platform, Cassandra, GraphQL, jQuery",151143,170782,Software Engineering
Engineering Manager,Amber Systems,"Raleigh, NC",Full-time,"Figma, MySQL, CSS, Google Cloud Platform, Ruby on Rails, JavaScript, Cross-browser Compatibility, TypeScript",122853,164504,Software Engineering
"Engineering Manager, Frontend",Driftwood Systems,"Washington, DC",Full-time,"Angular, Webpack, Redux, Responsive Design, Storybook, Material UI, CSS",120885,159573,Software Engineering
Senior Software Developer,Copperbend Platforms,Remote,Full-time,"Express.js, Code Review Practices, Bootstrap",122274,148107,Software Engineering
Frontend Developer,Vertex Platforms,"San Francisco, CA",Full-time,"Figma, Vue.js, Progressive Web Apps, Jest, Sass, Agile Methodology, Svelte",82974,105404,Software Engineering
Junior Frontend Developer,Solstice Platforms,"San Francisco, CA",Full-time,"Sass, Angular, TypeScript, Redux, Webpack, Responsive Design, Agile Methodology, GraphQL Client (Apollo)",58565,76053,Software Engineering
Frontend Developer,Driftwood Platforms,"Raleigh, NC",Part-time,"Cross-browser Compatibility, Vite, Progressive Web Apps, Bootstrap",84026,105026,Software Engineering
Lead Software Developer,Ironwood Platforms,"Chicago, IL",Full-time,"Continuous Integration, CI/CD Pipelines, Node.js, NestJS, Accessibility (WCAG)",130329,174861,Software Engineering
Lead Backend Developer,Crestline Systems,"Amsterdam, Netherlands",Contract,"Kotlin, Ruby, Redis, Go, NestJS, Kubernetes, Django",141723,165386,Software Engineering
Backend Developer,Redwood Systems,"Bengaluru, India",Full-time,"Message Queues (RabbitMQ), Docker, Cassandra",86239,105732,Software Engineering
Senior Android Engineer,Basalt Platforms,"Austin, TX",Full-time,"Mobile CI/CD, Push Notifications, Android Studio, App Store Optimization",118658,143512,Software Engineering
"Engineering Manager, Mobile",Gullhaven Systems,"Raleigh, NC",Full-time,"System Design, rest api design, Android Development, Kotlin",120145,155233,Software Engineering
Full Stack Developer,Driftwood Systems,"San Francisco, CA",Contract,"Cassandra, C#, Kotlin, Mentoring, Jest, Cross-browser Compatibility",81111,102149,Software Engineering
Principal Mobile Developer (iOS),Emberfield Systems,"Washington, DC",Full-time,"iOS Development, Objective-C, Xcode, Mobile Performance Optimization, App Store Optimization, SwiftUI, Push Notifications, Mobile App Architecture",169855,185627,Software Engineering
Junior Mobile Developer (iOS),Driftwood Platforms,"Denver, CO",Full-time,"Mobile CI/CD, iOS Development, Mobile Performance Optimization",58598,74359,Software Engineering
Lead Android Engineer,Ashgrove Works,"Boston, MA",Contract,"REST API Design, Kotlin, Jetpack Compose",140973,171474,Software Engineering
Junior Backend Developer,Harborline Platforms,"Seattle, WA",Contract,"Docker, Amazon Web Services, Ruby on Rails",58257,76313,Software Engineering
Principal Backend Developer,Vertex Platforms,"Los Angeles, CA",Full-time,"Kubernetes, Cassandra, ASP.NET, GraphQL",151525,185532,Software Engineering
Lead Software Developer,Driftwood Platforms,"Los Angeles, CA",Full-time,"CSS, Load Balancing, Progressive Web Apps, Ruby on Rails",131230,163011,Software Engineering
Frontend Developer,Slatestone Systems,Remote,Full-time,"Svelte, Progressive Web Apps, TypeScript, CSS, Redux, Vue.js",75269,109919,Software Engineering
Junior Software Engineer,Fernwood Systems,"Seattle, WA",Full-time,"Progressive Web Apps, Kubernetes, Technical Writing, Microsoft Azure, Python",58820,77432,Software Engineering
Staff Mobile Engineer,Marrow Systems,"San Francisco, CA",Contract,"Flutter, Dart, Cross-platform Development, Load Balancing",141003,184709,Software Engineering
Senior Mobile Developer (Android),Vertex Systems,"Atlanta, GA",Full-time,"Problem Solving, Mobile CI/CD, App Store Optimization, Load Balancing",103763,145561,Software Engineering
Junior iOS Engineer,Palisade Platforms,"Seattle, WA",Full-time,"Swift, problem solving, Push Notifications, Objective-C",62939,79110,Software Engineering
Frontend Developer,Slatestone Systems,"Atlanta, GA",Full-time,"GraphQL Client (Apollo), Redux, Progressive Web Apps, Material UI, Technical Writing",76898,103808,Software Engineering
Android Engineer,Brightbay Systems,"Washington, DC",Full-time,"Android Studio, Mobile CI/CD, Mobile App Architecture, REST API Design, Jetpack Compose, Push Notifications",77243,90977,Software Engineering
Lead Android Engineer,Pinecrest Platforms,"Toronto, ON",Full-time,"Kotlin, Android Development, Mobile App Architecture",132848,173497,Software Engineering
Junior Backend Developer,Redwood Systems,Remote,Full-time,"Redis, REST API Design, Java, Django, Message Queues (RabbitMQ), Ruby on Rails, Scrum, Flask",59314,77431,Software Engineering
Intern Frontend Engineer,Silverbrook Systems,"Berlin, Germany",Internship,"Next.js, Accessibility (WCAG), Svelte, Jest, Cross-browser Compatibility, Redux",26474,33629,Software Engineering
Intern Backend Engineer,Gullhaven Platforms,"Boston, MA",Internship,"Ruby on Rails, Express.js, MySQL, Distributed Systems",22317,38517,Software Engineering
Senior Mobile Developer (Android),Driftwood Platforms,"Washington, DC",Contract,"Mobile CI/CD, Kotlin, Android Studio, Mobile Performance Optimization, Android Development, Mentoring, Push Notifications",125375,144473,Software Engineering
Junior Backend Engineer,Skyline Platforms,"Atlanta, GA",Full-time,"FastAPI, Google Cloud Platform, MongoDB",56949,72341,Software Engineering
Senior Frontend Developer,Skyline Systems,"Toronto, ON",Full-time,"Storybook, Accessibility (WCAG), Vue.js",104485,149539,Software Engineering
Intern Frontend Developer,Emberfield Platforms,"Amsterdam, Netherlands",Internship,"React, Storybook, Jest",23798,38202,Software Engineering
"Engineering Manager, Frontend",Brightbay Systems,"Los Angeles, CA",Contract,"HTML, Next.js, JavaScript, Distributed Systems, Jest, Storybook",137683,168492,Software Engineering
Staff Software Developer,Lattice Platforms,Remote,Full-time,"Kubernetes, CSS, CI/CD Pipelines, Amazon Web Services, Angular, Caching Strategies",148239,184308,Software Engineering
Mobile Developer (Android),Crestline Platforms,"Chicago, IL",Full-time,"Mobile App Architecture, Push Notifications, Mobile CI/CD, REST API Design, Android Studio",80648,107504,Software Engineering
Principal iOS Engineer,Amber Systems,"Austin, TX",Full-time,"Xcode, Mobile CI/CD, Swift, Mentoring, SwiftUI, Mobile App Architecture, App Store Optimization, Objective-C",161144,179340,Software Engineering
Software Engineer,Lattice Platforms,"Los Angeles, CA",Part-time,"Spring Boot, Bootstrap, Cross-browser Compatibility, Django, NestJS",86920,102083,Software Engineering
Intern Software Engineer,Marrow Systems,"Boston, MA",Internship,"Tailwind CSS, jQuery, Kubernetes, Cross-browser Compatibility, Vue.js, GraphQL, Mentoring, Bootstrap",20035,36771,Software Engineering
Full Stack Developer,Brightbay Systems,Remote,Full-time,"GraphQL Client (Apollo), Distributed Systems, Sass, Storybook",75018,109011,Software Engineering
Junior Backend Developer,Basalt Systems,"Sydney, Australia",Full-time,"Java, System Design, gRPC, Kotlin, Flask",60573,78806,Software Engineering
Junior Backend Developer,Pinecrest Systems,"Atlanta, GA",Full-time,"Technical Writing, Kotlin, Java, MySQL, Ruby on Rails",69493,79012,Software Engineering
Lead Backend Engineer,Windemere Works,Remote,Full-time,"Python, Spring Boot, GraphQL, Caching Strategies, PostgreSQL, Message Queues (RabbitMQ), Go",132337,170950,Software Engineering
Principal Mobile Developer (Android),Basalt Systems,Remote,Full-time,"Kotlin, Mobile App Architecture, Android Development, Team Leadership, Mobile CI/CD, Android Studio",156879,178825,Software Engineering
Senior Mobile Engineer,Redwood Systems,"Los Angeles, CA",Contract,"Mobile Performance Optimization, Mobile App Architecture, Kotlin Multiplatform",107390,149539,Software Engineering
Intern Full Stack Developer,Palisade Systems,Singapore,Internship,"Microsoft Azure, Progressive Web Apps, C#",23366,36968,Software Engineering
Lead iOS Engineer,Quartzline Systems,"Raleigh, NC",Full-time,"Team Leadership, Problem Solving, iOS Development, Xcode, REST API Design, Mobile Performance Optimization",133870,174142,Software Engineering
Lead Android Engineer,Wrenfield Systems,"Washington, DC",Contract,"Mobile CI/CD, Push Notifications, System Design, App Store Optimization, Mentoring, Mobile Performance Optimization",131237,162179,Software Engineering
Full Stack Developer,Onyx Systems,"Portland, OR",Full-time,"Redis, Java, gRPC, DynamoDB",89249,108545,Software Engineering
Frontend Developer,Bluepeak Systems,"Denver, CO",Full-time,"jQuery, Angular, Accessibility (WCAG), Bootstrap, Sass, Next.js, HTML, Redux",76656,95617,Software Engineering
Software Engineer,Tidefall Platforms,"London, UK",Full-time,"Responsive Design, Jest, Git, Spring Boot, Distributed Systems",89674,107824,Software Engineering
Full Stack Engineer,Windemere Works,"Toronto, ON",Part-time,"Spring Boot, Scrum, Bootstrap, MongoDB",76276,98226,Software Engineering
Lead Full Stack Engineer,Hollowreach Works,Remote,Full-time,"Java, Webpack, MySQL, JavaScript",137238,156274,Software Engineering
Senior Backend Engineer,Basalt Systems,"Raleigh, NC",Full-time,"Redis, NestJS, Go, Kubernetes, Cassandra",100080,149869,Software Engineering
Principal Mobile Developer (iOS),Crestline Systems,"Seattle, WA",Contract,"Mobile Performance Optimization, Push Notifications, Mobile App Architecture, Team Leadership, App Store Optimization",161956,189939,Software Engineering
Intern Full Stack Engineer,Lattice Systems,Remote,Internship,"Amazon Web Services, Cassandra, Flask, Bootstrap, Svelte, Next.js, Distributed Systems",22225,30146,Software Engineering
Junior Frontend Engineer,Ironwood Systems,Remote,Contract,"Next.js, Tailwind CSS, Storybook",59730,70088,Software Engineering
Frontend Engineer,Skyline Platforms,"Washington, DC",Contract,"Bootstrap, Accessibility (WCAG), Angular, Next.js, Jest, Webpack, React",86946,105221,Software Engineering
Lead Frontend Developer,Brightbay Platforms,Remote,Full-time,"Responsive Design, Git, Hexagonal Architecture",131829,174549,Software Engineering
Lead Backend Developer,Granite Systems,"Boston, MA",Full-time,"GraphQL, MySQL, Message Queues (RabbitMQ), Scrum, PostgreSQL, Docker",142703,160021,Software Engineering
Engineering Manager,Cinderfall Platforms,Remote,Full-time,"Mentoring, Tailwind CSS, FastAPI",121712,167147,Software Engineering
Frontend Developer,Cobalt Systems,"Toronto, ON",Full-time,"TypeScript, React, HTML",85068,106688,Software Engineering
Junior Full Stack Developer,Ashgrove Works,"Los Angeles, CA",Full-time,"Kubernetes, Distributed Systems, GraphQL Client (Apollo), Docker, PostgreSQL, Ruby on Rails, C#",55130,79955,Software Engineering
Staff Full Stack Engineer,Solstice Platforms,"Austin, TX",Full-time,"Django, FastAPI, Redis, MySQL, Cross-browser Compatibility",140066,184098,Software Engineering
Frontend Engineer,Coral Platforms,"New York, NY",Full-time,"Vue.js, Storybook, Mentoring",76949,106307,Software Engineering
Staff Software Engineer,Skyline Systems,"Dublin, Ireland",Full-time,"Express.js, Jest, mentoring",156786,176439,Software Engineering
Principal Mobile Developer (Android),Copperbend Platforms,"Los Angeles, CA",Full-time,"Mobile Performance Optimization, Distributed Systems, Jetpack Compose, Android Development, Mobile CI/CD",155915,170785,Software Engineering
Senior Android Engineer,Onyx Systems,"Berlin, Germany",Full-time,"Android Studio, Domain-Driven Design, Hexagonal Architecture, REST API Design, Mobile App Architecture, Mobile CI/CD, Agile Methodology",105625,134440,Software Engineering
"Engineering Manager, Mobile",Northwind Systems,"Portland, OR",Full-time,"Swift, Xcode, Push Notifications",121297,169493,Software Engineering
Full Stack Developer,Ironwood Platforms,"Austin, TX",Full-time,"Redux, MySQL, Message Queues (RabbitMQ), Progressive Web Apps, Angular, GraphQL Client (Apollo), Kubernetes",94997,109424,Software Engineering
Intern Full Stack Developer,Harborline Platforms,"Los Angeles, CA",Internship,"Sass, Ruby, GraphQL Client (Apollo), JavaScript",20950,36511,Software Engineering
Lead Mobile Developer (iOS),Driftwood Systems,Remote,Full-time,"Push Notifications, iOS Development, Objective-C, Xcode, Distributed Systems, Swift",131901,170826,Software Engineering
Junior Backend Engineer,Meridian Platforms,"Raleigh, NC",Full-time,"C#, PostgreSQL, Cassandra, Kotlin, Kubernetes, MySQL, REST API Design, Ruby on Rails",61218,71993,Software Engineering
Engineering Manager,Northwind Systems,"Washington, DC",Full-time,"Git, Tailwind CSS, Vite, Jest",128803,150244,Software Engineering
Staff Android Engineer,Basalt Systems,Singapore,Full-time,"Code Review Practices, REST API Design, App Store Optimization, Jetpack Compose, Push Notifications, MOBILE PERFORMANCE OPTIMIZATION, Kotlin",154252,183914,Software Engineering
Intern Full Stack Engineer,Hollowreach Platforms,Remote,Internship,"REST API Design, Django, Vite, Next.js",30515,39839,Software Engineering
Intern iOS Engineer,Basalt Platforms,"Seattle, WA",Internship,"Mobile App Architecture, REST API Design, Mobile CI/CD, App Store Optimization, Continuous Integration, Push Notifications",24126,32855,Software Engineering
Senior Frontend Developer,Harborline Platforms,"Bengaluru, India",Contract,"Cross-browser Compatibility, Technical Writing, Storybook",107271,145018,Software Engineering
Senior Full Stack Engineer,Ashgrove Platforms,"Portland, OR",Full-time,"DynamoDB, Redis, GraphQL, Material UI, MySQL, Kotlin, Technical Writing",113935,137280,Software Engineering
Intern Software Engineer,Slatestone Platforms,"Austin, TX",Internship,"Technical Writing, Next.js, Message Queues (RabbitMQ), Redis",20115,39972,Software Engineering
Junior iOS Engineer,Thistledown Systems,"Washington, DC",Full-time,"Mobile Performance Optimization, Swift, Xcode, Objective-C, Mobile CI/CD,  Mobile App Architecture , Push Notifications",56430,78072,Software Engineering
Lead Backend Engineer,Bluepeak Platforms,"Berlin, Germany",Full-time,"NestJS, Express.js, Microsoft Azure, FastAPI",134388,174539,Software Engineering
Intern Software Developer,Windemere Systems,"New York, NY",Internship,"Figma, Redux, Cross-browser Compatibility, Vite, Docker, ASP.NET, MongoDB, DynamoDB",21526,38186,Software Engineering
Senior Full Stack Engineer,Silverbrook Platforms,"Denver, CO",Full-time,"Go, Figma, JavaScript, Python, CSS",105493,148207,Software Engineering
Intern Backend Developer,Copperbend Systems,"Dublin, Ireland",Internship,"Event-Driven Architecture, gRPC, System Design, Message Queues (RabbitMQ)",20360,37390,Software Engineering
Lead Backend Engineer,Emberfield Platforms,Remote,Full-time,"Flask, Hexagonal Architecture, Python, System Design, Java, MongoDB, PostgreSQL, CI/CD Pipelines",132906,161767,Software Engineering
Intern Mobile Developer (Android),Amber Platforms,Remote,Internship,"Technical Writing, APP STORE OPTIMIZATION, Push Notifications, Mobile App Architecture",28203,39766,Software Engineering
Intern Software Developer,Granite Systems,"Atlanta, GA",Internship,"Kubernetes, Material UI, Bootstrap",21326,34048,Software Engineering
Intern Full Stack Developer,Redwood Platforms,Remote,Internship,"CI/CD Pipelines, Microsoft Azure, HTML, Jest, Cross-browser Compatibility",22018,30440,Software Engineering
Full Stack Developer,Silverbrook Works,"Seattle, WA",Full-time,"Figma, Spring Boot, Angular, Sass, Distributed Systems, Storybook, React, Flask",77840,108593,Software Engineering
Software Engineer,Foxglove Systems,Remote,Full-time,"Jest, Sass, gRPC, Webpack, React, CSS, TypeScript",85063,101256,Software Engineering
Junior Software Developer,Palisade Systems,"Boston, MA",Full-time,"MongoDB, Kotlin, Google Cloud Platform",63371,73536,Software Engineering
Full Stack Developer,Thistledown Systems,"Boston, MA",Contract,"Redis, Flask, CSS, MySQL, CI/CD Pipelines, PostgreSQL, Google Cloud Platform, Java",78129,99727,Software Engineering
Senior Backend Developer,Foxglove Platforms,"London, UK",Full-time,"Git, Kotlin, Docker, Ruby on Rails, GraphQL, Python, Microservices Architecture",102615,148841,Software Engineering
Intern Backend Engineer,Tidefall Platforms,"Austin, TX",Internship,"Spring Boot, Go, Google Cloud Platform, GraphQL, Event-Driven Architecture, MySQL, Code Review Practices, Ruby on Rails",21728,37643,Software Engineering
Junior iOS Engineer,Hollowreach Systems,"Seattle, WA",Contract,"Mobile Performance Optimization, Mobile CI/CD, Xcode, Continuous Integration",60659,76424,Software Engineering
Junior Backend Developer,Ashgrove Platforms,"Austin, TX",Full-time,"Ruby on Rails, CI/CD Pipelines, Caching Strategies, Microsoft Azure, Java",55086,79932,Software Engineering
Senior iOS Engineer,Ironwood Systems,"Denver, CO",Full-time,"Xcode, REST API Design, Team Leadership, Push Notifications",101797,134080,Software Engineering
Intern Backend Engineer,Lattice Platforms,"Austin, TX",Internship,"Node.js, System Design, ASP.NET, DynamoDB, Ruby on Rails, MySQL, Redis, Flask",20577,36198,Software Engineering
Senior Frontend Developer,Ashgrove Systems,"San Francisco, CA",Contract,"jQuery, JavaScript, Svelte, Sass",125416,149588,Software Engineering
Mobile Developer (iOS),Nova Platforms,Remote,Full-time,"REST API Design, SwiftUI, iOS Development, Mobile CI/CD, Xcode",79795,99156,Software Engineering
Intern Mobile Engineer,Windemere Systems,"Portland, OR",Internship,"Mobile Performance Optimization, Kotlin Multiplatform, Problem Solving",21385,39989,Software Engineering
Intern Full Stack Engineer,Silverbrook Systems,"Denver, CO",Internship,"GraphQL, Angular, TypeScript, Go, Microservices Architecture, Spring Boot, Caching Strategies, Accessibility (WCAG)",20007,39466,Software Engineering
Staff Mobile Developer (iOS),Ashgrove Works,"Atlanta, GA",Full-time,"iOS Development, Mobile Performance Optimization, Swift, REST API Design, Objective-C, Agile Methodology, SwiftUI, Xcode",148286,184560,Software Engineering
iOS Engineer,Driftwood Platforms,"Washington, DC",Contract,"Xcode, Push Notifications, Mobile App Architecture, Swift, iOS Development, Mobile Performance Optimization, REST API Design",75392,102306,Software Engineering
Junior Mobile Engineer,Northwind Systems,"New York, NY",Full-time,"Dart, Kotlin Multiplatform, Cross-platform Development, Flutter, REST API Design, React Native, Mobile CI/CD",58490,76757,Software Engineering
Software Engineer,Slatestone Platforms,"San Francisco, CA",Full-time,"go, Spring Boot, Java, Next.js",78563,104890,Software Engineering
Junior Frontend Engineer,Ashgrove Platforms,"Chicago, IL",Contract,"Cross-browser Compatibility, Scrum, JavaScript, Angular, HTML, Svelte",57316,78350,Software Engineering
Mobile Developer (Android),Cobalt Systems,"London, UK",Full-time,"Android Development, Android Studio, REST API Design",79371,102862,Software Engineering
Staff Backend Developer,Hollowreach Platforms,"Chicago, IL",Contract,"Java, Flask, Express.js",146438,182276,Software Engineering
Software Engineer,Vertex Systems,Singapore,Contract,"Distributed Systems, MySQL, Flask, Technical Writing",87036,108459,Software Engineering
Staff iOS Engineer,Gullhaven Systems,"New York, NY",Full-time,"Mobile App Architecture, REST API Design, Agile Methodology, Objective-C, Mobile Performance Optimization",150968,178645,Software Engineering
Senior Backend Developer,Granite Systems,"New York, NY",Part-time,"Express.js, DynamoDB, Caching Strategies, Scrum, Django, Hexagonal Architecture, Redis, ASP.NET",106298,147871,Software Engineering
Principal Android Engineer,Crestline Platforms,"Washington, DC",Full-time,"Android Studio, Domain-Driven Design, App Store Optimization, Push Notifications, Jetpack Compose, System Design, Android Development",158545,183989,Software Engineering
Junior Mobile Developer (iOS),Wrenfield Systems,Remote,Contract,"SwiftUI, REST API Design, Swift",62704,78907,Software Engineering
Lead Mobile Developer (Android),Silverbrook Works,"Atlanta, GA",Full-time,"App Store Optimization, Mobile CI/CD, Android Development, Jetpack Compose, REST API Design, Hexagonal Architecture, Domain-Driven Design, Mobile App Architecture",143027,172668,Software Engineering
Junior iOS Engineer,Brightbay Systems,Singapore,Contract,"iOS Development, Xcode, Mobile CI/CD",55318,79379,Software Engineering
"Engineering Manager, Mobile",Fernwood Systems,Remote,Full-time,"Push Notifications, SwiftUI, Objective-C, Mobile Performance Optimization, Mobile App Architecture",124615,162594,Software Engineering
Frontend Developer,Copperbend Platforms,"Atlanta, GA",Full-time,"Storybook, CSS, Cross-browser Compatibility, Tailwind CSS",78260,100138,Software Engineering
Intern Software Developer,Pinecrest Platforms,"Chicago, IL",Internship,"Kubernetes, Responsive Design, MySQL, Continuous Integration, Tailwind CSS",21272,34791,Software Engineering
Software Developer,Coral Systems,"Chicago, IL",Full-time,"Docker, Node.js, React, Ruby on Rails, MySQL",76014,109247,Software Engineering
Senior Full Stack Engineer,Onyx Systems,"Seattle, WA",Contract,"Technical Writing, Redis, Angular, Material UI, DynamoDB",113098,139272,Software Engineering
Senior Software Engineer,Harborline Platforms,"New York, NY",Full-time,"Amazon Web Services, Go, Distributed Systems, Cassandra, Express.js, gRPC, Responsive Design, Webpack",116884,135905,Software Engineering
Intern Backend Developer,Gullhaven Platforms,"Portland, OR",Internship,"Spring Boot, Java, MySQL, Docker, Kotlin",22245,37632,Software Engineering
Intern Android Engineer,Windemere Platforms,"Portland, OR",Internship,"Mobile CI/CD, Kotlin, Mobile App Architecture, REST API Design, Push Notifications, Jetpack Compose, App Store Optimization, Android Development",25389,36974,Software Engineering
Full Stack Developer,Nova Systems,Singapore,Full-time,"Ruby on Rails, Message Queues (RabbitMQ), JavaScript, FastAPI",88213,106243,Software Engineering
Frontend Developer,Ironwood Platforms,Remote,Full-time,"Cross-browser Compatibility, Vite, Jest, Bootstrap, Progressive Web Apps",85208,108295,Software Engineering
Full Stack Developer,Amber Platforms,"Chicago, IL",Full-time,"Amazon Web Services, Figma, Git, Next.js, Material UI, Webpack, Accessibility (WCAG), Kubernetes",76738,106266,Software Engineering
Intern Mobile Engineer,Thistledown Platforms,Remote,Internship,"Mobile App Architecture, Kotlin Multiplatform, Cross-platform Development, Mobile CI/CD",23552,33945,Software Engineering
Intern iOS Engineer,Quartzline Systems,"Atlanta, GA",Internship,"Swift, Push Notifications, iOS Development, Xcode, Objective-C",20084,31286,Software Engineering
Senior Software Developer,Palisade Systems,Remote,Contract,"GraphQL, REDIS, Sass, Caching Strategies, Google Cloud Platform, Load Balancing, GraphQL Client (Apollo), Cassandra",107783,131208,Software Engineering
Junior Backend Engineer,Nova Platforms,Remote,Part-time,"gRPC, Spring Boot, Google Cloud Platform, Ruby on Rails, Java, Problem Solving, Cassandra",55000,79998,Software Engineering
Frontend Developer,Harborline Platforms,"Dublin, Ireland",Full-time,"CSS, Cross-browser Compatibility, Vite, JavaScript, Jest",77436,104945,Software Engineering
Full Stack Developer,Nova Systems,"Seattle, WA",Full-time,"GraphQL Client (Apollo), Progressive Web Apps, Google Cloud Platform, Angular",83381,107940,Software Engineering
Staff Frontend Developer,Basalt Platforms,"Denver, CO",Full-time,"Cross-browser Compatibility, React, Responsive Design",141432,173503,Software Engineering
Staff Frontend Developer,Brightbay Platforms,"Atlanta, GA",Full-time,"Responsive Design, GraphQL Client (Apollo), Storybook, Vue.js, Figma, Bootstrap, JavaScript, Next.js",147507,170165,Software Engineering
Lead Full Stack Engineer,Amber Systems,Remote,Full-time,"Cassandra, Ruby on Rails, Django, REST API Design, Accessibility (WCAG), Ruby, Redis",133884,168396,Software Engineering
Junior Backend Engineer,Wrenfield Platforms,Remote,Full-time,"Caching Strategies, Message Queues (RabbitMQ), Team Leadership, Spring Boot",55242,75426,Software Engineering
Staff Mobile Developer (Android),Solstice Platforms,"Los Angeles, CA",Full-time,"Jetpack Compose, Agile Methodology, Kotlin, Mobile Performance Optimization, Load Balancing",144896,182227,Software Engineering
Senior Mobile Developer (Android),Coral Systems,"Boston, MA",Full-time,"Kotlin, App Store Optimization, Communication, Mobile CI/CD, Push Notifications, Hexagonal Architecture, Android Development, Android Studio",120634,139823,Software Engineering
Lead Mobile Developer (iOS),Granite Systems,"Austin, TX",Full-time,"Hexagonal Architecture, PUSH NOTIFICATIONS, Xcode, iOS Development, Mobile CI/CD, Mobile Performance Optimization, SwiftUI",132342,174946,Software Engineering
Junior Frontend Engineer,Granite Systems,Remote,Contract,"CSS, Next.js, Progressive Web Apps, Tailwind CSS",58198,77457,Software Engineering
Senior Frontend Developer,Cascadia Platforms,Remote,Full-time,"Cross-browser Compatibility, Load Balancing, jQuery, Hexagonal Architecture, React, Webpack, Angular",101870,123318,Software Engineering
"Engineering Manager, Frontend",Pinecrest Systems,"Atlanta, GA",Full-time,"Technical Writing, HTML, Svelte, GraphQL Client (Apollo), Sass",122426,169932,Software Engineering
Staff iOS Engineer,Thistledown Platforms,Remote,Full-time,"Xcode, Mobile CI/CD, Push Notifications, Mentoring, App Store Optimization, iOS Development, Objective-C, System Design",144721,184843,Software Engineering
Software Developer,Hollowreach Systems,"Sydney, Australia",Full-time,"Google Cloud Platform, Accessibility (WCAG), Sass, Distributed Systems, Scrum, Docker",80935,109813,Software Engineering
Senior Full Stack Engineer,Emberfield Systems,"Chicago, IL",Full-time,"Kubernetes, Hexagonal Architecture, Material UI, Cross-browser Compatibility, Vite, Ruby, Microsoft Azure, Tailwind CSS",111202,149832,Software Engineering
Lead Android Engineer,Cobalt Systems,Remote,Contract,"Push Notifications, Android Studio, Mobile Performance Optimization, Mobile App Architecture, Technical Writing, Team Leadership",131199,165852,Software Engineering
"Engineering Manager, Mobile",Vertex Systems,"Bengaluru, India",Full-time,"Mobile Performance Optimization, Xcode, Mobile CI/CD",133345,162084,Software Engineering
iOS Engineer,Cascadia Platforms,"Atlanta, GA",Part-time,"Mobile App Architecture, Push Notifications, Objective-C, Swift, Mobile Performance Optimization, REST API Design, iOS Development",76916,108928,Software Engineering
Senior iOS Engineer,Ironwood Platforms,"Boston, MA",Full-time,"SwiftUI, REST API Design, App Store Optimization, Objective-C, Technical Writing, Xcode, Swift",100694,141654,Software Engineering
Senior Frontend Engineer,Solstice Systems,Remote,Full-time,"JavaScript, Distributed Systems, Redux, Bootstrap, Material UI, jQuery, Cross-browser Compatibility, Mentoring",100028,149478,Software Engineering
Lead iOS Engineer,Cascadia Platforms,"Washington, DC",Full-time,"Mobile CI/CD, Xcode, REST API Design",138874,171478,Software Engineering
Junior Android Engineer,Windemere Works,"Atlanta, GA",Full-time,"REST API Design, Mobile Performance Optimization, App Store Optimization, Kotlin, Push Notifications, Mobile App Architecture",59049,79834,Software Engineering
Mobile Developer (iOS),Cinderfall Systems,Remote,Full-time,"Objective-C, mobile performance optimization, SwiftUI, Swift, Push Notifications, Mobile CI/CD, App Store Optimization",85119,106765,Software Engineering
Senior Mobile Developer (iOS),Marrow Platforms,"Washington, DC",Full-time,"iOS Development, Hexagonal Architecture, Mobile Performance Optimization, Team Leadership, REST API Design, App Store Optimization, Mobile CI/CD",105373,137881,Software Engineering
Junior Backend Developer,Fernwood Platforms,"Austin, TX",Full-time,"GraphQL, gRPC, NestJS",60266,73580,Software Engineering
Lead iOS Engineer,Copperbend Platforms,Remote,Full-time,"Mobile CI/CD, Mobile App Architecture, SwiftUI, iOS Development, REST API Design",132298,174095,Software Engineering
Junior Full Stack Engineer,Pinecrest Platforms,"Raleigh, NC",Part-time,"CSS, Jest, gRPC, Webpack",60471,76792,Software Engineering
Lead Full Stack Developer,Hollowreach Platforms,"Seattle, WA",Full-time,"Mentoring, Team Leadership, Distributed Systems",135959,166551,Software Engineering
Senior Frontend Engineer,Tidefall Systems,"Berlin, Germany",Full-time,"HTML, GraphQL Client (Apollo), Vue.js, Hexagonal Architecture, Svelte",108634,142075,Software Engineering
Principal Backend Engineer,Fernwood Platforms,"Raleigh, NC",Full-time,"MySQL, MongoDB, Git, CI/CD Pipelines",173720,189603,Software Engineering
"Engineering Manager, Mobile",Vertex Systems,"Denver, CO",Full-time,"Push Notifications, Android Development, Hexagonal Architecture",132141,151792,Software Engineering
Frontend Engineer,Hollowreach Platforms,"Dublin, Ireland",Part-time,"Cross-browser Compatibility, TypeScript, React, Svelte, Progressive Web Apps",77643,105319,Software Engineering
"Engineering Manager, Backend",Crestline Systems,"Raleigh, NC",Full-time,"Team Leadership, Agile Methodology, C#",121210,151324,Software Engineering
Staff Software Engineer,Solstice Platforms,"Boston, MA",Contract,"NestJS, Cross-browser Compatibility, Storybook, Google Cloud Platform",143642,184535,Software Engineering
Staff Backend Engineer,Solstice Systems,"Sydney, Australia",Full-time,"Django, PostgreSQL, System Design, Microservices Architecture, GraphQL, Ruby, Python",147389,170892,Software Engineering
Intern Mobile Developer (iOS),Cinderfall Platforms,"Denver, CO",Internship,"Mobile Performance Optimization, App Store Optimization, Mobile CI/CD, iOS Development, Objective-C, SwiftUI, Mobile App Architecture, Swift",30370,37562,Software Engineering
Junior iOS Engineer,Redwood Platforms,Singapore,Contract,"iOS Development, Mobile App Architecture, Mobile CI/CD, REST API Design, App Store Optimization",58104,78875,Software Engineering
Intern Backend Developer,Copperbend Works,"Portland, OR",Internship,"Node.js, Go, Team Leadership",25826,33013,Software Engineering
Lead Mobile Developer (iOS),Redwood Platforms,"Atlanta, GA",Full-time,"Push Notifications, SwiftUI, Domain-Driven Design",131579,172195,Software Engineering
