title,company,location,type,skills_required,salary_min,salary_max,category
Associate Product Manager,Quartzline Product Co,"Bangalore, India",Full-time,"Roadmap Planning, OKRs, Agile Methodolgy",78499,102075,Product
Intern Associate Product Manager,Harborlight UX,"London, UK",Internship,"SAFe (Scaled Agile Framework), Roadmap Planning, A/B Test Design, Kanban, Stakeholder Management, Feature Prioritization, Agile Methodology",23111,37994,Product
Technical Product Manager,Pinehollow UX,"Sydney, Australia",Part-time,"User Story Mapping, OKRs, KPI Development, Product Management, Agile Methodology, Business Analysis, Communication",91575,102972,Product
Intern Platform Product Manager,Duskridge Digital,"New York, NY",Internship,"Market Research, Kanban, A/B Test Design, Confluence",25602,36797,Product
Intern Platform Product Manager,Alderwood Labs,Singapore,Part-time,"Stakeholder Management, Jira, Customer Journey Mapping, A/B Test Design, Competitive Analysis, OKRs, Feature Prioritization",25047,36949,Product
Lead Product Analyst,Quartzline Product Co,Remote,Full-time,"A/B Test Design, Stakeholder Management, OKRs, Product Discovery, Agile Methodology, Jira, Competitive Analysis, Vendor Management",144122,177648,Product
Lead UX Designer,Sterling Vale Tech,"Toronto, Canada",Full-time,"Persona Development, Responsive Design, Design Critique Facilitation, MIRO, Adobe XD, Agile Methodology",146764,174336,Design
Senior Platform Product Manager,Willowmere Digital,"Seattle, WA",Full-time,"Market Research, Customer Journey Mapping, Agile Methodology, Roadmap Planning, Stakeholder Management",110455,137174,Product
UI Designer,Nova Harbor Design,Remote,Full-time,"Figma, Miro, Persona Development",82546,113335,Design
Junior UX Researcher,Everline Studio,"Portland, OR",Full-time,"User Research, Accessibility Design, Prototyping",61392,75741,Design
Intern Product Manager,Bluepeak UX Studio,Remote,Contract,"Roadmap Planning, Jira, Product Discovery, Business Analysis, Excel",24763,40980,Product
Junior Product Manager,Halcyon Grid Labs,Remote,Full-time,"Jira, Competitive Analysis, Market Research, Data-Driven Decision Making, Interpersonal Skills",65093,72924,Product
Senior Technical Product Manager,Everline Studio,Remote,Full-time,"Jira, A/B Test Design, Agile Methodology, Product Management, Roadmap Planning, User Story Mapping",110214,142536,Product
Lead Product Owner,Sable Ridge Labs,"Denver, CO",Contract,"Competitive Analysis, Market Research, Roadmap Planning, OKRs, Jira, Communication",139742,175619,Product
Senior Product Owner,Copperfield UX,"Seattle, WA",Full-time,"Roadmap Planning, Kanban, USER STORY MAPPING, A/B Test Design, Requirements Gathering, KPI Development, Product Management, Interpersonal Skills",106916,136976,Product
Intern UX Researcher,Wispcraft UX,"Bangalore, India",Internship,"Figma Prototyping, Design Critique Facilitation, Persona Development",24882,36992,Design
Junior Interaction Designer,Emberline Studio,Remote,Full-time,"Motion Design, Interaction Design, InVision, Design Systems, UI Design, Miro, Adobe XD, Responsive Design",64654,78094,Design
Intern Product Owner,Onyx Bridge Tech,"Portland, OR",Internship,"User Story Mapping, Customer Journey Mapping, Market Research, Data-Driven Decision Making, Scrum, OKRs, Requirements Gathering, Business Analysis",24412,35714,Product
Junior Growth Product Manager,Palewind Interactive,"Bangalore, India",Full-time,"Requirements Gathering, Feature Prioritization, Agile Methodology, Competitive Analysis, Business Analysis, Excel",57195,76747,Product
Lead Product Designer,Palewind Interactive,"Berlin, Germany",Full-time,"Design Thinking, Design Systems, Motion Design, Information Architecture, Accessibility (WCAG), User Research, Usability Testing, Responsive Design",139367,165878,Design
Junior Visual Designer,Vellum Path Design,"Amsterdam, Netherlands",Internship,"Usability Testing, Design Thinking, adobe photoshop,   Miro, Adobe Illustrator",63601,73599,Design
Product Designer,Ironwood Systems,"Toronto, Canada",Full-time,"Prototyping, Persona Development, Accessibility (WCAG), Responsive Design, Accessibility Design, Motion Design",81487,103082,Design
Intern Product Analyst,Lucent Path Studio,"Portland, OR",Internship,"SAFe (Scaled Agile Framework), Roadmap Planning, Product Discovery",24593,37585,Product
Junior Product Analyst,Duskridge Digital,"Los Angeles, CA",Internship,"Stakeholder Management, KPI Development, Customer Journey Mapping",65208,83578,Product
Junior Product Owner,Silverbrook Design,"Chicago, IL",Full-time,"Requirements Gathering, Business Analysis, Agile Methodology, KPI Development, Stakeholder Management, Customer Journey Mapping, Scrum, Feature Prioritization, Communication",64551,79304,Product
Junior UI Designer,Kestrel Bay Design,"San Francisco, CA",Full-time,"Prototyping, Accessibility Design, Adobe Illustrator, Figma",65298,77925,Design
Staff UX Designer,Pinehollow UX,Remote,Full-time,"Interaction Design, Persona Development, Motion Design, Wireframing, Design Thinking, Miro, Figma, Stakeholder Management, Excel",144456,181250,Design
Intern Product Analyst,Marlowe Bridge Product,"Boston, MA",Internship,"Stakeholder Management, SAFe (Scaled Agile Framework), Feature Prioritization, OKRs, Roadmap Planning, Market Research, Requirements Gathering",27403,34553,Product
Intern Product Manager,Cobalt Reach Labs,"London, UK",Internship,"OKRs, Agile Methodology, Competitive Analysis, SAFe (Scaled Agile Framework), Kanban, A/B Test Design",27318,38518,Product
Platform Product Manager,Everline Studio,"Amsterdam, Netherlands",Full-time,"KPI Development, Roadmap Planning, Kanban, A/B Test Design, Business Analysis, Requirements Gathering, Stakeholder Management",129872,150064,Product
Principal Visual Designer,Cedarfall Product Co,"London, UK",Contract,"Adobe Illustrator, User Research, Prototyping, Accessibility (WCAG), Interaction Design, Figma, Accessibility Design, Vendor Management",148824,189440,Design
Staff UX/UI Designer,Nightshade UX,Remote,Full-time,"Responsive Design, Interaction Design, Adobe XD, Accessibility Design, UI Design, Adobe Illustrator, User Research, Vendor Management",143693,177565,Design
Intern UX Researcher,Bluepeak UX Studio,"Boston, MA",Full-time,"Miro, User Research, UI Design",27391,37984,Design
Junior Interaction Designer,Palewind Interactive,"Seattle, WA",Full-time,"Adobe Photoshop, UX Research, Accessibility (WCAG), Responsive Design, UI Design, Design Systems",59295,79749,Design
Lead Platform Product Manager,Basalt Grove Product,"New York, NY",Full-time,"Customer Journey Mapping, Stakeholder Management, Roadmap Planning, Kanban, OKRs, Feature Prioritization",134352,159006,Product
Senior Platform Product Manager,Ashgrove Product,"Portland, OR",Full-time,"Jira, Business Analysis, Scrum, Roadmap Planning, Feature Prioritization, Market Research, A/B Test Design, Stakeholder Management",107358,146956,Product
Senior Technical Product Manager,Fernwave Collective,"Chicago, IL",Internship,"Customer Journey Mapping, KPI Development, Data-Driven Decision Making, Communication",118294,154113,Product
Junior Visual Designer,Cobblestone UX Co,"Berlin, Germany",Internship,"Design Thinking, Accessibility Design, Usability Testing, Responsive Design, InVision, DESIGN SYSTEMS, Interpersonal Skills",65018,80801,Design
Product Manager,Ravenmoor Labs,"Chicago, IL",Contract,"KPI Development, Feature Prioritization, Jira, OKRs, Data-Driven Decision Making",129368,154577,Product
Growth Product Manager,Goldleaf Product Studio,Remote,Internship,"OKRs, Data-Driven Decision Making, Market Research",80253,101943,Product
Junior Technical Product Manager,Cobblestone UX Co,Remote,Full-time,"Stakeholder Management, Agile Methodology, Market Research, Jira, Roadmap Planning, SAFe (Scaled Agile Framework), Confluence",61566,75979,Product
Intern Product Manager,Duneshore Digital,"Los Angeles, CA",Internship,"SAFe (Scaled Agile Framework), Kanban, Product Discovery, Customer Journey Mapping",29821,41217,Product
Lead UI Designer,Northfall Interactive,Remote,Full-time,"Miro, Design Systems, Figma Prototyping, Responsive Design, Persona Development",133105,172899,Design
Staff UX Designer,Basalt Grove Product,"Dublin, Ireland",Internship,"Prototyping, Information Architecture, Adobe Illustrator, UI Design, Roadmap Planning, Agile Methodology",141246,169616,Design
Platform Product Manager,Sable Ridge Labs,"Amsterdam, Netherlands",Part-time,"User Story Mapping, Agile Methodology, Business Analysis, OKRs, Data-Driven Decision Making, KPI Development, Excel",81530,100797,Product
Lead Growth Product Manager,Sagebrush Labs,"Boston, MA",Contract,"Agile Methodology, A/B Test Design, User Story Mapping, Scrum, DATA-DRIVEN DECISION MAKING, Roadmap Planning",139449,158363,Product
Junior Associate Product Manager,Silverbrook Design,Remote,Full-time,"OKRs, Market Research, User Story Mapping, Product Management, SAFe (Scaled Agile Framework)",62765,80864,Product
Staff Interaction Designer,Mistwood Labs,"Denver, CO",Internship,"Responsive Design, InVision, UI Design, Design Critique Facilitation, Figma",139269,167436,Design
Principal Growth Product Manager,Bramblewood Studio,Remote,Contract,"Competitive Analysis, Business Analysis, Product Management, Product Discovery, Vendor Management, Communication",154412,190744,Product
Visual Designer,Granite Loop Studio,"Dublin, Ireland",Full-time,"User Research, Sketch, Adobe XD, InVision, Adobe Illustrator, Design Systems",90891,106069,Design
Senior Product Manager,Slate Fox Product,"New York, NY",Part-time,"Competitive Analysis, A/B Test Design, SAFe (Scaled Agile Framework), KPI Development, Product Discovery, Excel",105645,140086,Product
Senior Product Manager,Mistwood Labs,Remote,Full-time,"OKRs, Data-Driven Decision Making, Business Analysis, Feature Prioritization, Scrum, Stakeholder Management, Roadmap Planning",106685,147534,Product
Principal UX/UI Designer,Bluepeak UX Studio,"New York, NY",Full-time,"Prototyping, Persona Development, UX Research, User Research, Design Thinking, Information Architecture, Figma Prototyping, Design Systems, Git",159899,178264,Design
Junior UX Researcher,Marrow Peak Tech,"Sydney, Australia",Contract,"User Research, Accessibility (WCAG), Information Architecture, Usability Testing, Design Critique Facilitation, Agile Methodology",61558,73562,Design
Product Owner Manager,Windmere Studio,"Bangalore, India",Internship,"Roadmap Planning, SAFe (Scaled Agile Framework), KPI Development, Jira",118156,167897,Product
Interaction Designer,Northfall Interactive,"London, UK",Internship,"Figma Prototyping, Adobe XD, Design Critique Facilitation, Accessibility (WCAG), Communication",83754,104502,Design
Principal Platform Product Manager,Sable Ridge Labs,Remote,Part-time,"User Story Mapping, Data-Driven Decision Making, Requirements Gathering, Business Analysis, Roadmap Planning, Vendor Management, Interpersonal Skills",150463,179036,Product
Associate Product Manager,Larkspur Product Co,Remote,Full-time,"Kanban, Product Management, SAFe (Scaled Agile Framework)",82862,108978,Product
UX Designer,Wrenfield UX Co,Remote,Full-time,"Design Systems, Figma, Adobe Photoshop, UX Research, Accessibility Design, Miro, Adobe Illustrator",80323,102392,Design
Senior Associate Product Manager,Hollowreed Design,Remote,Full-time,"Stakeholder Management, Product Management, Competitive Analysis, Market Research, Business Analysis, Jira, Agile Methodology, Product Discovery",111591,152176,Product
Lead Product Owner,Duskridge Digital,"New York, NY",Full-time,"Requirements Gathering, Scrum, KPI Development, Product Management, User Story Mapping",146966,169820,Product
Lead Product Owner,Nightshade UX,"Portland, OR",Full-time,"Roadmap Planning, OKRs, SAFe (Scaled Agile Framework), Vendor Management",138418,175380,Product
Principal Product Owner,Copperfield UX,"London, UK",Full-time,"User Story Mapping, Jira, Agile Methodology, Competitive Analysis, Roadmap Planning, Stakeholder Management",155670,173497,Product
Technical Product Manager,Nova Harbor Design,Remote,Full-time,"Jira, Feature Prioritization, Data-Driven Decision Making, Product Discovery, Customer Journey Mapping, Roadmap Planning, SAFe (Scaled Agile Framework), A/B Test Design",84092,101441,Product
Principal Product Manager,Crestline Digital,Remote,Full-time,"KPI Development, Product Management, SAFe (Scaled Agile Framework), Agile Methodology, Competitive Analysis, Vendor Management",151739,172968,Product
Associate Product Manager,Ironwood Systems,"Los Angeles, CA",Full-time,"Stakeholder Management, Feature Prioritization, Product Management, Customer Journey Mapping, Requirements Gathering",79072,102166,Product
Junior Interaction Designer,Northfall Interactive,Remote,Full-time,"Figma Prototyping, Wireframing, Usability Testing, Design Critique Facilitation, Persona Development, Adobe XD, UI Design",61548,78431,Design
Intern UX Researcher,Moonfern Studio,"Denver, CO",Internship,"Design Critique Facilitation, Figma, Motion Design, Design Thinking, Adobe Photoshop, Confluence",22670,34851,Design
Junior UI Designer,Redshale Design,"Boston, MA",Contract,"Persona Development, Figma Prototyping, Adobe Illustrator, Responsive Design, Design Critique Facilitation",56586,83239,Design
Junior Product Owner,Sagebrush Labs,Remote,Full-time,"Market Research, Scrum, User Story Mapping, OKRs, Jira",60927,79613,Product
Principal UX Researcher,Gladewind Labs,"Boston, MA",Internship,"Adobe Photoshop, User Research, Adobe Illustrator, Sketch, Figma, Usability Testing, Design Critique Facilitation, UX Research, Roadmap Planning",147790,171651,Design
Principal Product Manager,Sable Ridge Labs,"Bangalore, India",Full-time,"Business Analysis, Requirements Gathering, Jira, Market Research, OKRs, Product Management",151097,171037,Product
Principal UX Researcher,Hollowreed Design,"Denver, CO",Full-time,"Accessibility Design, Adobe Illustrator, Design Critique Facilitation, Accessibility (WCAG)",153139,184874,Design
UX Researcher,Everline Studio,"Dublin, Ireland",Full-time,"Figma, Responsive Design, Motion Design, Figma Prototyping, User Research, Adobe Illustrator, Accessibility (WCAG), Design Systems",83311,113725,Design
Principal Interaction Designer,Willowmere Digital,"San Francisco, CA",Full-time,"Persona Development,  Design Systems , Motion Design,   Interaction Design, UI Design, Prototyping, Adobe Photoshop, Roadmap Planning, Interpersonal Skills",153964,180811,Design
Junior Associate Product Manager,Bramblewood Studio,"Denver, CO",Internship,"Competitive Analysis, Business Analysis, SAFe (Scaled Agile Framework), Agile Methodology, User Story Mapping",60942,81028,Product
Senior Growth Product Manager,Cloverfield UX Studio,"Dublin, Ireland",Internship,"Market Research, Product Discovery, Data-Driven Decision Making, SAFe (Scaled Agile Framework), Roadmap Planning, Customer Journey Mapping",117855,141944,Product
Junior Platform Product Manager,Hollowreed Design,"London, UK",Full-time,"Product Management, Market Research, OKRs, Roadmap Planning, Agile Methodology, Requirements Gathering, Customer Journey Mapping",56312,73740,Product
UX Researcher,Fernwave Collective,"Denver, CO",Full-time,"Adobe XD, Accessibility (WCAG), InVision, Accessibility Design, Miro, Design Thinking, Stakeholder Management",83521,102679,Design
Senior UX/UI Designer,Wispcraft UX,"Atlanta, GA",Full-time,"Figma Prototyping, UX Research, Motion Design",112337,142979,Design
Lead UX/UI Designer,Wrenfield UX Co,"Boston, MA",Contract,"Design Systems, Information Architecture, Figma, Accessibility Design, OKRs, Confluence",135476,156420,Design
Principal Visual Designer,Sunspire Digital,Remote,Part-time,"Information Architecture, Usability Testing, Design Systems, Accessibility Design, Fgima, Persona Development, Design Critique Facilitation,  Confluence ",149181,174620,Design
Product Manager,Ashenfall Product Co,"Boston, MA",Internship,"Kanban, Competitive Analysis, A/B Test Design, Roadmap Planning, Stakeholder Management",128596,160517,Product
Senior UX Designer,Cedarfall Product Co,Remote,Full-time,"Adobe XD, Design Systems, Persona Development, Figma, Accessibility Design, Miro, Design Critique Facilitation",113861,144783,Design
Staff UX/UI Designer,Cobalt Reach Labs,"Toronto, Canada",Internship,"Wireframing, Motion Design, Figma Prototyping, User Research, Roadmap Planning, Excel",144182,178062,Design
Intern Visual Designer,Quartzline Product Co,"New York, NY",Internship,"Interaction Design, Design Thinking, Figma, Excel",28680,38367,Design
Junior Product Owner,Cedarfall Product Co,"Sydney, Australia",Full-time,"Customer Journey Mapping, Feature Prioritization, Market Research, Stakeholder Management, Business Analysis, Scrum, Roadmap Planning",65171,77413,Product
Senior Visual Designer,Bramblewood Studio,"Austin, TX",Full-time,"User Research, UI Design, InVision, Accessibility (WCAG), Prototyping, Information Architecture, Usability Testing, Design Critique Facilitation, Agile Methodology",121977,139118,Design
Product Manager,Emberline Studio,"Atlanta, GA",Full-time,"Competitive Analysis, Requirements Gathering, User Story Mapping, SAFe (Scaled Agile Framework), Data-Driven Decision Making, Kanban",81141,99215,Product
Lead Visual Designer,Cedarfall Product Co,"Dublin, Ireland",Part-time,"Design Systems, Figma Prototyping, Design Critique Facilitation, Responsive Design",135870,161732,Design
Principal Product Designer,Everline Studio,"Seattle, WA",Full-time,"Figma Prototyping, Figma, Wireframing, UX Research, Prototyping, User Research, Usability Testing, Adobe Photoshop",150731,179366,Design
Growth Product Manager,Marrow Peak Tech,"San Francisco, CA",Full-time,"Feature Prioritization, Roadmap Planning, Kanban, User Story Mapping, Git",121759,147749,Product
Lead Product Analyst,Halcyon Grid Labs,Remote,Part-time,"Feature Prioritization, Customer Journey Mapping, Data-Driven Decision Making, Business Analysis, Product Discovery, SAFe (Scaled Agile Framework), Scrum",147518,161493,Product
Senior Product Analyst,Emberline Studio,"Toronto, Canada",Full-time,"Product Management, Jira, Requirements Gathering, Agile Methodology",111552,132663,Product
Senior UI Designer,Rowancroft Digital,"Seattle, WA",Contract,"Adobe Illustrator, Accessibility Design, Responsive Design, Adobe Photoshop, Vendor Management",108952,144131,Design
Intern Growth Product Manager,Quartzline Product Co,"Seattle, WA",Internship,"Market Research, Requirements Gathering, Product Management, Jira, User Story Mapping, Roadmap Planning, SAFe (Scaled Agile Framework), Confluence",22459,37451,Product
Senior UX/UI Designer,Harborlight UX,"Atlanta, GA",Full-time,"Design Systems, Interaction Design, Accessibility Design, Persona Development, Figma, Usability Testing, Prototyping, InVision, Vendor Management, Confluence",108222,136451,Design
Principal Platform Product Manager,Ironwood Systems,Remote,Part-time,"Requirements Gathering, Product Management, A/B Test Design, Jira",159574,182147,Product
Intern UX/UI Designer,Rowancroft Digital,"Toronto, Canada",Full-time,"Design Systems, Adobe Photoshop, Interaction Design, Figma Prototyping, Agile Methodology",22621,34602,Design
Senior Growth Product Manager,Timberlyn Product Co,"Bangalore, India",Full-time,"Business Analysis, Requirements Gathering, Product Discovery",118062,138919,Product
Intern Product Owner,Basalt Grove Product,"Berlin, Germany",Internship,"Kanban, KPI Development, User Story Mapping, Competitive Analysis, Jira, Agile Methodology, Git",29116,37647,Product
Product Owner,Cragmoor Product,"San Francisco, CA",Full-time,"Competitive Analysis, SAFe (Scaled Agile Framework), KPI Development, Confluence",79761,98493,Product
Junior UX Designer,Nightshade UX,"Boston, MA",Full-time,"Accessibility Design, Adobe Photoshop, User Research, Interaction Design, Responsive Design, Excel",59568,77369,Design
Principal Visual Designer,Fernwave Collective,Singapore,Part-time,"Accessibility (WCAG), InVision, Wireframing, Persona Development",156443,171503,Design
Senior Growth Product Manager,Gladewind Labs,"San Francisco, CA",Full-time,"Business Analysis, Kanban, OKRs",117373,134903,Product
Senior Technical Product Manager,Wrenfield UX Co,Remote,Full-time,"User Story Mapping, Customer Journey Mapping, Product Discovery, Stakeholder Management, Agile Methodology, KPI Development, A/B Test Design, Roadmap Planning",118863,133601,Product
Principal Growth Product Manager,Aldergate Product,Remote,Full-time,"OKRs, A/B Test Design, Kanban, SAFe (Scaled Agile Framework), Product Discovery, Market Research, Feature Prioritization, Jira",155149,178559,Product
Senior Growth Product Manager,Bluepeak UX Studio,"Los Angeles, CA",Full-time,"KPI Development, Roadmap Planning, Requirements Gathering, Feature Prioritization, Data-Driven Decision Making, Stakeholder Management, Vendor Management",117174,148266,Product
Junior Associate Product Manager,Foxglove Product Co,Remote,Full-time,"Customer Journey Mapping, Kanban, SAFe (Scaled Agile Framework), OKRs, Product Discovery, Competitive Analysis, Interpersonal Skills",56871,75616,Product
Lead UX Researcher,Cloverfield UX Studio,"Berlin, Germany",Full-time,"Adobe Illustrator, User Research, Adobe Photoshop, Wireframing, UX Research, Interaction Design, Figma, Excel",147701,160250,Design
Lead Interaction Designer,Fieldstone Digital Labs,"Berlin, Germany",Internship,"Persona Development, InVision, Adobe Illustrator, Accessibility Design, Usability Testing, Information Architecture",147606,163973,Design
Intern UI Designer,Clearwater UX Studio,Remote,Internship,"Sketch, Miro, Wireframing",24673,39619,Design
Intern Product Designer,Vellum Path Design,"Toronto, Canada",Full-time,"InVision, User Research, Prototyping",28989,41464,Design
Intern UX/UI Designer,Aldergate Product,"New York, NY",Internship,"Adobe Photoshop, Design Systems, Wireframing",28903,37256,Design
Junior Product Manager,Aldergate Product,Remote,Full-time,"OKRs, A/B Test Design, Competitive Analysis, Product Management",60890,79221,Product
Staff Visual Designer,Basalt Grove Product,"Austin, TX",Contract,"InVision, Accessibility (WCAG), Wireframing, Adobe Illustrator, Figma Prototyping, Responsive Design, Vendor Management, Excel",149161,179151,Design
Senior Product Designer,Bramblewood Studio,"Dublin, Ireland",Full-time,"Responsive Design, User Research, Sketch, Interaction Design, Accessibility Design, Information Architecture, Prototyping, Figma Prototyping, Communication",110821,137932,Design
Intern UX Designer,Onyx Bridge Tech,"Seattle, WA",Internship,"User Research, Adobe XD, Design Systems, UI Design, Sketch, Figma Prototyping, Motion Design, Design Critique Facilitation, Interpersonal Skills",25250,39304,Design
Staff Visual Designer,Driftwood UX Lab,"Chicago, IL",Full-time,"UI Design, Design Systems, Miro, Design Thinking, Figma, Adobe Illustrator, Wireframing, Stakeholder Management, Confluence",139071,172475,Design
Principal Product Owner,Vellum Path Design,"London, UK",Internship,"Market Research, Requirements Gathering, KPI Development, User Story Mapping, Business Analysis, Confluence",154897,190632,Product
Intern UX/UI Designer,Fernwave Collective,"Denver, CO",Internship,"Wireframing, Adobe Illustrator, Information Architecture",23807,41678,Design
Lead Product Designer,Cedarfall Product Co,Remote,Full-time,"InVision, Information Architecture, Adobe Photoshop, Adobe XD, Stakeholder Management",141653,156967,Design
Principal Technical Product Manager,Slate Fox Product,"London, UK",Full-time,"Jira, Scrum, Kanban, Agile Methodology, Data-Driven Decision Making, KPI Development, User Story Mapping, Customer Journey Mapping, OKRs",157700,178863,Product
Product Designer,Sagebrush Labs,Remote,Full-time,"Prototyping, Accessibility (WCAG), Wireframing, Figma, Adobe XD, Information Architecture, Accessibility Design, Adobe Illustrator, Excel",84041,104979,Design
Intern Product Analyst,Thistle & Vane Design,Remote,Full-time,"Requirements Gathering, Scrum, KPI Development, Product Management, Market Research, Customer Journey Mapping, SAFe (Scaled Agile Framework)",29774,34899,Product
UX Researcher,Lucent Path Studio,"Portland, OR",Full-time,"Wireframing, Adobe Illustrator, Adobe Photoshop, Git",86951,113610,Design
Lead UI Designer,Brightfern Studio,Remote,Full-time,"Usability Testing, Adobe Illustrator, UX Research, Motion Design, Design Critique Facilitation, Interaction Design, Figma Prototyping, OKRs",139648,165580,Design
Intern Platform Product Manager,Marlowe Bridge Product,Remote,Internship,"A/B Test Design, Product Management, Business Analysis, Kanban, SAFe (Scaled Agile Framework), Data-Driven Decision Making, Competitive Analysis, Market Research",22010,37745,Product
Principal Product Designer,Windmere Studio,Remote,Full-time,"ACCESSIBILITY DESIGN, Information Architecture, Motion Design, Adobe Photoshop, Design Systems, User Research, Persona Development, Accessibility (WCAG), Roadmap Planning",159337,182585,Design
Senior Platform Product Manager,Kestrel Bay Design,"London, UK",Internship,"KPI Development, Competitive Analysis, Agile Methodology, Product Discovery, SAFe (Scaled Agile Framework), A/B Test Design",121418,151224,Product
Product Manager,Driftwood UX Lab,"Dublin, Ireland",Full-time,"Stakeholder Management, Product Discovery, A/B Test Design, Jira",126103,145329,Product
Lead Product Analyst,Northfall Interactive,Remote,Full-time,"A/B Test Design, Market Research, Scrum, Jira, Product Discovery, Data-Driven Decision Making, Customer Journey Mapping, Roadmap Planning, Interpersonal Skills",145701,161278,Product
Lead UX Researcher,Onyx Bridge Tech,"Bangalore, India",Contract,"Information Architecture, Wireframing, Prototyping, Accessibility Design, Miro, Design Systems, Accessibility (WCAG), Adobe Photoshop, Agile Methodology",141231,168930,Design
Staff UX/UI Designer,Glimmerwell Labs,"San Francisco, CA",Part-time,"Information Architecture, Figma, Responsive Design, Usability Testing, UI Design, Adobe XD, Motion Design, Accessibility (WCAG), Git",147561,164872,Design
Senior UX Researcher,Thornbury Digital,"Amsterdam, Netherlands",Internship,"Information Architecture, Wireframing, Design Systems, UI Design, Motion Design, Design Critique Facilitation, Accessibility Design, User Research, Interpersonal Skills",105479,147788,Design
Lead Growth Product Manager,Gladewind Labs,"London, UK",Part-time,"KPI Development, OKRs, Customer Journey Mapping, A/B Test Design, Roadmap Planning, Product Management, Feature Prioritization, Requirements Gathering, Agile Methodology",132714,165535,Product
Technical Product Manager,Wispcraft UX,"Chicago, IL",Full-time,"Scrum, Product Discovery, Market Research, Product Management, Stakeholder Management, Customer Journey Mapping, Communication",81623,102818,Product
Senior UX Designer,Timberlyn Product Co,Remote,Full-time,"UX Research, Information Architecture, Accessibility Design, Design Critique Facilitation",105359,137265,Design
Product Owner,Amberline Ventures,"Chicago, IL",Full-time,"OKRs, Customer Journey Mapping, Product Discovery, Requirements Gathering, Stakeholder Management, Data-Driven Decision Making, Roadmap Planning",79130,112194,Product
Product Manager,Wrenfield UX Co,"Dublin, Ireland",Full-time,"Scrum, Business Analysis, Customer Journey Mapping, Product Management, User Story Mapping, OKRs, SAFe (Scaled Agile Framework)",83767,110278,Product
Principal Interaction Designer,Timberlyn Product Co,"New York, NY",Internship,"Prototyping, Adobe XD, Accessibility Design, Accessibility (WCAG), InVision, Figma, User Research, Information Architecture",151548,174899,Design
Senior UX/UI Designer,Copperfield UX,"Dublin, Ireland",Part-time,"Adobe XD, Motion Design, Adobe Photoshop, Wireframing, Persona Development, Accessibility (WCAG), Usability Testing, Sketch",107951,135826,Design
Principal UI Designer,Cinderhall Digital,"London, UK",Full-time,"Miro, Design Thinking, Information Architecture, Design Systems, Stakeholder Management",148580,188264,Design
Principal Interaction Designer,Wanderlight Labs,Remote,Part-time,"Design Critique Facilitation, Adobe Illustrator, InVision",149254,183178,Design
Intern UI Designer,Mistwood Labs,Remote,Part-time,"Adobe Photoshop, Adobe XD, Usability Testing, Confluence",25346,34311,Design
Product Designer,Wanderlight Labs,"Los Angeles, CA",Internship,"Usability Testing, UI Design, Adobe XD, Design Systems, Information Architecture, Responsive Design",90041,106539,Design
Product Manager,Halcyon Grid Labs,Remote,Part-time,"Roadmap Planning, User Story Mapping, Competitive Analysis, Agile Methodology",118923,140154,Product
Junior UX Researcher,Cedarfall Product Co,"London, UK",Part-time,"Miro, InVision, Persona Development",62645,72166,Design
Principal Product Designer,Rowancroft Digital,Remote,Full-time,"Accessibility (WCAG), UX Research, Adobe Illustrator, Information Architecture, Adobe Photoshop, Miro, Responsive Design, Design Systems, Excel",147884,177215,Design
Growth Product Manager,Timberlyn Product Co,"Chicago, IL",Full-time,"SAFe (Scaled Agile Framework), Stakeholder Management, Business Analysis, Requirements Gathering, Scrum, Agile Methodology, OKRs",118696,162659,Product
Principal Visual Designer,Mistwood Labs,"Atlanta, GA",Full-time,"UX Research, Figma Prototyping, Adobe Illustrator, Interaction Design",149650,189098,Design
Junior Associate Product Manager,Amberline Ventures,"Portland, OR",Full-time,"Customer Journey Mapping, Kanban, Data-Driven Decision Making, Market Research, Agile Methodology, A/B Test Design, Business Analysis, Product Discovery, Interpersonal Skills",59481,83130,Product
Senior UI Designer,Aldergate Product,"Dublin, Ireland",Full-time,"UX Research, Motion Design, Information Architecture, Accessibility Design, Design Systems, Accessibility (WCAG), Roadmap Planning",119072,133781,Design
Principal Product Designer,Stonebridge Product Co,"New York, NY",Full-time,"Figma Prototyping, Adobe XD, Adobe Photoshop, User Research, Accessibility (WCAG), UI Design, Design Critique Facilitation, OKRs, Interpersonal Skills",150463,168230,Design
Lead Product Manager,Rustling Oak Studio,"London, UK",Full-time,"Kanban, Scrum, Jira, Market Research, Product Discovery, A/B Test Design, Business Analysis, Interpersonal Skills",135122,160013,Product
Intern Product Owner,Thistle & Vane Design,"Sydney, Australia",Internship,"Feature Prioritization, Requirements Gathering, OKRs, User Story Mapping, Agile Methodology",24134,41060,Product
Principal Technical Product Manager,Vertex Cloud Labs,Singapore,Part-time,"Roadmap Planning, Business Analysis, Feature Prioritization, A/B Test Design, Product Discovery, Requirements Gathering, OKRs, Vendor Management, Interpersonal Skills",154267,172412,Product
Lead Product Designer,Sunspire Digital,Remote,Full-time,"Miro, Accessibility Design, Sketch, Stakeholder Management",133016,171785,Design
Principal Platform Product Manager,Granite Loop Studio,Remote,Full-time,"Market Research, Feature Prioritization, Business Analysis",152267,190898,Product
Intern UX/UI Designer,Emberline Studio,Singapore,Internship,"Prototyping, Persona Development, Motion Design, InVision",29599,35904,Design
Senior Product Designer,Clearwater UX Studio,Remote,Full-time,"Design Thinking, Prototyping, User Research, Interaction Design, Wireframing, Adobe Photoshop, UX Research, InVision, Roadmap Planning",116105,136253,Design
Principal Associate Product Manager,Sunspire Digital,"Toronto, Canada",Full-time,"Business Analysis, OKRs, KPI Development, Stakeholder Management, JIRA, PRODUCT DISCOVERY",158348,181938,Product
Lead UX/UI Designer,Onyx Bridge Tech,"Chicago, IL",Full-time,"Adobe Photoshop, Adobe Illustrator, Design Thinking, Information Architecture, Design Critique Facilitation, Wireframing, Accessibility Design, InVision, Roadmap Planning, Git",146451,172335,Design
Principal Product Owner,Duneshore Digital,Remote,Full-time,"Business Analysis, SAFe (Scaled Agile Framework), User Story Mapping, Product Discovery, Product Management, Scrum, Roadmap Planning, Agile Methodology",150184,183428,Product
Product Manager,Moonfern Studio,Remote,Full-time,"Kanban, Customer Journey Mapping, Agile Methodology, Competitive Analysis, KPI Development, Data-Driven Decision Making, Jira, OKRs, Excel",87878,107214,Product
Growth Product Manager,Brightfern Studio,"Boston, MA",Full-time,"Requirements Gathering, Product Discovery, Product Management, Roadmap Planning",116774,165511,Product
Senior Growth Product Manager,Northfall Interactive,"Chicago, IL",Contract,"Business Analysis, A/B Test Design, KPI Development, SAFe (Scaled Agile Framework), Feature Prioritization, OKRs",105996,133300,Product
Senior UI Designer,Everline Studio,"Chicago, IL",Full-time,"Responsive Design, Adobe XD, InVision, Figma, Design Thinking, Stakeholder Management",119148,136844,Design
Intern Technical Product Manager,Meridian Crest Product,Remote,Contract,"Data-Driven Decision Making, KPI Development, Requirements Gathering, A/B Test Design, Roadmap Planning, SAFe (Scaled Agile Framework), Product Management",29174,41343,Product
Lead Growth Product Manager,Crestline Digital,"Chicago, IL",Full-time,"Requirements Gathering, Product Discovery, Jira, Market Research, Stakeholder Management, Communication",147526,164178,Product
Staff UX/UI Designer,Amberline Ventures,"Austin, TX",Internship,"Motion Design, Responsive Design, Prototyping, Accessibility Design, Design Thinking, Adobe Photoshop, Roadmap Planning",138553,178272,Design
Product Manager,Ashgrove Product,"Boston, MA",Full-time,"SAFe (Scaled Agile Framework), Business Analysis, OKRs, KPI Development",85352,106847,Product
Intern UX Designer,Sunspire Digital,Remote,Internship,"Figma Prototyping, Accessibility (WCAG), UI Design, Design Thinking, Persona Development, Design Systems, Usability Testing, Adobe XD",26866,35534,Design
Senior Associate Product Manager,Sunspire Digital,"New York, NY",Internship,"Business Analysis, Kanban, Requirements Gathering, Agile Methodology, Roadmap Planning, Market Research, SAFe (Scaled Agile Framework), Competitive Analysis, OKRs, Git",117374,138779,Product
Senior Product Manager,Fieldstone Digital Labs,Remote,Contract,"Product Management, A/B Test Design, KPI Development",109910,134739,Product
Lead UX Designer,Goldleaf Product Studio,"Portland, OR",Full-time,"Sketch, UX Research, Adobe XD, Figma Prototyping, InVision, Design Thinking,   Design Critique Facilitation, Stakeholder Management, Excel",139391,166950,Design
Intern Platform Product Manager,Willowmere Digital,"London, UK",Internship,"Business Analysis, A/B Test Design, SAFe (Scaled Agile Framework)",27115,40308,Product
Principal UX Researcher,Rustling Oak Studio,"Denver, CO",Full-time,"User Research, UX Research, Usability Testing, Design Systems, Interaction Design, InVision, Sketch, Agile Methodology",147423,178808,Design
Intern Product Owner,Wrenfield UX Co,"Portland, OR",Internship,"A/B Test Design, User Story Mapping, Agile Methodology, Interpersonal Skills",28084,37162,Product
Intern Interaction Designer,Northfall Interactive,"Seattle, WA",Internship,"Design Systems, Sketch, Usability Testing, User Research, Persona Development, UX Research, Adobe XD",25264,41216,Design
Principal UX/UI Designer,Duskridge Digital,"Austin, TX",Full-time,"adobe photoshop, UI Design, Accessibility (WCAG), Responsive Design, Vendor Management",148499,184556,Design
Intern Interaction Designer,Driftwood UX Lab,"Berlin, Germany",Internship,"Accessibility (WCAG), Persona Development, Design Thinking, Prototyping, Communication",23063,37695,Design
Senior UX/UI Designer,Glimmerwell Labs,Remote,Full-time,"Adobe XD, Accessibility (WCAG), Accessibility Design, Information Architecture, Vendor Management",120607,145011,Design
UI Designer,Willowmere Digital,Remote,Full-time,"Persona Development, Prototyping, UX Research, Information Architecture, Usability Testing, Miro, Figma Prototyping, Wireframing",80574,107374,Design
Senior Technical Product Manager,Wanderlight Labs,"Dublin, Ireland",Internship,"User Story Mapping, KPI Development, Market Research, Competitive Analysis, Kanban, Git",121672,144654,Product
Product Analyst,Nova Harbor Design,"Atlanta, GA",Contract,"Agile Methodology, Scrum, SAFe (Scaled Agile Framework), Product Management, Product Discovery, Roadmap Planning, Interpersonal Skills",85309,110132,Product
Intern Product Analyst,Brightfern Studio,Remote,Internship,"Agile Methodology, Kanban, Market Research",22199,40075,Product
Senior UX/UI Designer,Wanderlight Labs,"Sydney, Australia",Contract,"Figma, Design Critique Facilitation, Wireframing, Persona Development, Motion Design, Prototyping, Figma Prototyping",109174,150705,Design
UX Researcher,Hazelwick Design,"Toronto, Canada",Full-time,"Miro, User Research, Accessibility (WCAG), Motion Design",79829,100680,Design
Lead Growth Product Manager,Wispcraft UX,Singapore,Full-time,"SAFe (Scaled Agile Framework), Scrum, Kanban, Product Discovery, Product Management, KPI Development, Feature Prioritization, Excel",147786,166482,Product
Intern Product Designer,Sagebrush Labs,"Denver, CO",Internship,"Miro,   Motion Design, Prototyping, communication",28961,38347,Design
Intern Product Designer,Alderwood Labs,"New York, NY",Internship,"User Research, Design Thinking, Wireframing, Persona Development, Figma Prototyping, Design Critique Facilitation, Adobe Photoshop",24726,37719,Design
Interaction Designer,Wispcraft UX,"Bangalore, India",Internship,"UI Design, Design Systems, User Research, Design Thinking, Interpersonal Skills",89971,111815,Design
Lead Platform Product Manager,Sterling Vale Tech,"Dublin, Ireland",Part-time,"SAFe (Scaled Agile Framework), Data-Driven Decision Making, Scrum, Product Management",144962,166416,Product
Senior Product Designer,Larkspur Product Co,"Denver, CO",Internship,"Figma Prototyping, Persona Development, UI Design, Responsive Design, Design Critique Facilitation, UX Research, Stakeholder Management",106651,149506,Design
Staff Interaction Designer,Amberline Ventures,Singapore,Part-time,"Adobe Illustrator, Responsive Design, Miro, Figma, Vendor Management",151946,168444,Design
Senior Platform Product Manager,Granite Loop Studio,Remote,Contract,"Customer Journey Mapping, Stakeholder Management, Market Research, Scrum, Product Discovery, Requirements Gathering, OKRs",111006,152266,Product
Lead Growth Product Manager,Duskridge Digital,"Chicago, IL",Full-time,"Roadmap Planning, OKRs, Feature Prioritization, Stakeholder Management, Product Discovery, Scrum, KPI Development",145284,169041,Product
Associate Product Manager,Bramblewood Studio,"Berlin, Germany",Internship,"Data-Driven Decision Making, Customer Journey Mapping, Market Research, Agile Methodology",88331,107186,Product
Principal Growth Product Manager,Ravenmoor Labs,"Atlanta, GA",Full-time,"Requirements Gathering, Jira, A/B Test Design, Roadmap Planning, Feature Prioritization, Product Management, OKRs, Scrum, Stakeholder Management",150756,173453,Product
Senior Interaction Designer,Mistwood Labs,"Denver, CO",Contract,"UI Design, Responsive Design, Persona Development, Figma, Figma Prototyping, Sketch, Miro, Vendor Management",119366,142265,Design
Lead Associate Product Manager,Palewind Interactive,Remote,Contract,"User Story Mapping, Data-Driven Decision Making, Market Research, SAFe (Scaled Agile Framework), KPI Development, Stakeholder Management",134294,171757,Product
Junior Product Designer,Silverbrook Design,Remote,Part-time,"Sketch, Motion Design, Responsive Design, Adobe Photoshop, Information Architecture, Miro, Design Critique Facilitation",59191,80297,Design
Platform Product Manager,Meridian Crest Product,"Portland, OR",Full-time,"SAFe (Scaled Agile Framework), Agile Methodology, Stakeholder Management, Product Management, Customer Journey Mapping, Requirements Gathering",80296,103115,Product
Product Designer,Rowancroft Digital,"Dublin, Ireland",Contract,"Accessibility Design, Sketch, Motion Design, Prototyping, Design Systems",78396,109733,Design
Principal Product Manager,Onyx Bridge Tech,Remote,Full-time,"Kanban, Agile Methodology, Roadmap Planning, User Story Mapping, Feature Prioritization",148485,178476,Product
Senior Visual Designer,Sable Ridge Labs,"Austin, TX",Full-time,"Sketch, Design Systems, UI Design, Responsive Design, Design Critique Facilitation, InVision, Accessibility (WCAG), UX Research",119681,142221,Design
Senior UI Designer,Frostvale Design Labs,"Toronto, Canada",Full-time,"InVision, Prototyping, Usability Testing, Accessibility Design, Miro, Design Thinking, Roadmap Planning",116779,154239,Design
Principal Visual Designer,Moonfern Studio,"Toronto, Canada",Full-time,"Motion Design, Figma, Design Critique Facilitation, Usability Testing, Wireframing, Information Architecture, UI Design, Interpersonal Skills",159934,185527,Design
UI Designer,Fernwave Collective,"Berlin, Germany",Full-time,"Miro, UX Research, Prototyping, UI Design, Adobe XD, Figma Prototyping, Adobe Illustrator, Usability Testing",90294,98181,Design
Intern Product Owner,Fernwave Collective,Remote,Internship,"Business Analysis, Customer Journey Mapping, A/B Test Design, Competitive Analysis, Product Discovery, Requirements Gathering",23223,35252,Product
Visual Designer,Larkspur Product Co,"Boston, MA",Part-time,"Interaction Design, Figma, User Research, Usability Testing, Figma Prototyping, Adobe XD, Excel",87304,113729,Design
Junior Product Analyst,Hollowreed Design,"Los Angeles, CA",Full-time,"Feature Prioritization, Customer Journey Mapping, Business Analysis",61855,83877,Product
Growth Product Manager,Vellum Path Design,"Seattle, WA",Contract,"SAFe (Scaled Agile Framework), Requirements Gathering, Customer Journey Mapping, OKRs",83592,103129,Product
Senior UI Designer,Ashenfall Product Co,Remote,Full-time,"Design Thinking, Interaction Design, UX Research, Accessibility (WCAG), Stakeholder Management",117754,130220,Design
Intern Interaction Designer,Emberline Studio,"Seattle, WA",Internship,"Design Systems, Persona Development, Accessibility (WCAG), Design Thinking, Figma Prototyping, User Research, UI Design, Responsive Design",22315,35242,Design
Lead Product Manager,Fernwave Collective,"Chicago, IL",Internship,"A/B Test Design, Kanban, Product Discovery, Jira, Competitive Analysis, Product Management, User Story Mapping, Business Analysis",132436,157311,Product
Principal Associate Product Manager,Silverbrook Design,"Atlanta, GA",Full-time,"Market Research, Roadmap Planning, Business Analysis",151941,177637,Product
Intern UX Researcher,Amberline Ventures,Remote,Internship,"Figma Prototyping, Adobe XD, Figma, Responsive Design, Design Systems, Adobe Illustrator, Wireframing, InVision, Communication",23359,40890,Design
Junior Product Designer,Cloverfield UX Studio,Remote,Contract,"Sketch, Adobe Illustrator, InVision, Information Architecture, Confluence",57986,77076,Design
Senior Interaction Designer,Cinderhall Digital,"Sydney, Australia",Full-time,"Wireframing, Adobe XD, Motion Design, User Research, Figma Prototyping, OKRs",118842,139412,Design
Senior Platform Product Manager,Cobblestone UX Co,"Portland, OR",Full-time,"Product Discovery, User Story Mapping, A/B Test Design, KPI Development, Agile Methodology, Roadmap Planning, Customer Journey Mapping, Communication",113758,152128,Product
Lead UX Researcher,Wrenfield UX Co,"New York, NY",Internship,"Figma, Interaction Design, Design Thinking, Accessibility (WCAG), Responsive Design, User Research, Roadmap Planning, Stakeholder Management",135071,157721,Design
Principal Technical Product Manager,Brightloom Product,Remote,Full-time,"Roadmap Planning, SCRUM, OKRs, SAFE (SCALED AGILE FRAMEWORK), User Story Mapping, scrum",151564,179427,Product
Lead Interaction Designer,Ironwood Systems,"Austin, TX",Full-time,"Information Architecture, Design Thinking, Usability Testing, Figma Prototyping, Responsive Design, Miro, Figma, Stakeholder Management",144291,164025,Design
Interaction Designer,Cobalt Reach Labs,"San Francisco, CA",Full-time,"UI Design, Accessibility (WCAG), Information Architecture, User Research, Figma, Design Systems, Adobe Illustrator",89823,105809,Design
Staff UX/UI Designer,Onyx Bridge Tech,Remote,Internship,"UX Research, UI Design, Information Architecture, Figma Prototyping, Stakeholder Management, INTERPERSONAL SKILLS",148236,167569,Design
Principal UX Designer,Sunspire Digital,"Sydney, Australia",Full-time,"Figma, Usability Testing, Design Critique Facilitation, UX Research, Adobe XD, OKRs",159728,181239,Design
Staff UI Designer,Sterling Vale Tech,Remote,Full-time,"Interaction Design, Persona Development, Accessibility Design, Motion Design, Wireframing",142800,180702,Design
Principal Associate Product Manager,Ashgrove Product,"Dublin, Ireland",Full-time,"Product Discovery, Stakeholder Management, SAFe (Scaled Agile Framework)",153418,176613,Product
Lead Growth Product Manager,Duskridge Digital,"Denver, CO",Internship,"A/B Test Design, User Story Mapping, Agile Methodology, Kanban, Stakeholder Management, Roadmap Planning, Product Discovery",132594,175439,Product
Platform Product Manager,Larkspur Product Co,"Chicago, IL",Contract,"A/B Test Design, Data-Driven Decision Making, Jira, Feature Prioritization, Vendor Management",116668,153323,Product
Senior Technical Product Manager,Basalt Grove Product,Remote,Full-time,"A/B Test Design, Jira, User Story Mapping, Business Analysis, Agile Methodology, Product Discovery, Stakeholder Management, Communication",110822,134247,Product
Principal Visual Designer,Willowmere Digital,"Amsterdam, Netherlands",Part-time,"User Research, Accessibility Design, Responsive Design, UX Research, Motion Design, Design Critique Facilitation, Stakeholder Management",147086,189722,Design
Lead Technical Product Manager,Cobblestone UX Co,Remote,Full-time,"Kanban, A/B Test Design, Scrum, Competitive Analysis, Roadmap Planning, Business Analysis, Jira, Vendor Management",141999,168994,Product
Associate Product Manager,Larkspur Product Co,"Toronto, Canada",Full-time,"Agile Methodology, Feature Prioritization, Kanban, Excel",126278,163429,Product
Principal UX Designer,Ashgrove Product,Remote,Full-time,"Figma, Accessibility (WCAG), Design Thinking, Roadmap Planning",146429,178479,Design
Staff Interaction Designer,Marrow Peak Tech,"Los Angeles, CA",Full-time,"Accessibility (WCAG), Adobe Photoshop, UX Research, Adobe Illustrator, Design Thinking, Interaction Design, Figma Prototyping, Git",139770,161481,Design
Senior Product Owner,Everline Studio,"Amsterdam, Netherlands",Full-time,"Agile Methodology, Jira, Business Analysis, KPI Development, User Story Mapping, Customer Journey Mapping",119748,140239,Product
Senior Interaction Designer,Windmere Studio,"Bangalore, India",Full-time,"Sketch, UX Research, Usability Testing, Roadmap Planning",115967,146285,Design
Principal UX Designer,Clearwater UX Studio,Remote,Full-time,"Motion Design, Design Thinking, User Research, Persona Development, Prototyping, Vendor Management",155402,181361,Design
Intern Product Manager,Vellum Path Design,"New York, NY",Internship,"Competitive Analysis, Stakeholder Management, Customer Journey Mapping",29552,38002,Product
Growth Product Manager,Glimmerwell Labs,"Toronto, Canada",Full-time,"Requirements Gathering, OKRs, Scrum, Business Analysis, Product Discovery, User Story Mapping",80315,103718,Product
Intern Visual Designer,Onyx Bridge Tech,"Portland, OR",Internship,"Accessibility Design, Persona Development, Interaction Design, Adobe Illustrator, Adobe XD",22843,37762,Design
Staff UX Designer,Meridian Crest Product,"Toronto, Canada",Full-time,"UX Research, Persona Development, Figma Prototyping, Sketch, Interpersonal Skills",138734,161121,Design
Intern Technical Product Manager,Copperfield UX,"Seattle, WA",Full-time,"KPI Development, Requirements Gathering, Kanban, Market Research, SAFe (Scaled Agile Framework), Stakeholder Management",26265,39078,Product
Junior Interaction Designer,Mistwood Labs,Singapore,Internship,"Design Thinking, Prototyping, Adobe Photoshop, Miro, Information Architecture, Persona Development, Interaction Design, Design Critique Facilitation, Communication",63208,83579,Design
UX/UI Designer,Pinecrest Digital,"Toronto, Canada",Part-time,"Adobe XD, Miro, Figma",82711,103078,Design
Intern Associate Product Manager,Cobalt Reach Labs,Remote,Internship,"KPI Development, Customer Journey Mapping, A/B Test Design, Requirements Gathering, Kanban, Roadmap Planning",28033,36182,Product
Growth Product Manager,Granite Loop Studio,Remote,Full-time,"Data-Driven Decision Making, Roadmap Planning, Requirements Gathering, Scrum, A/B Test Design, Stakeholder Management, Agile Methodology, Feature Prioritization",90110,105560,Product
Staff UX Designer,Wanderlight Labs,Remote,Full-time,"Figma Prototyping, Adobe Illustrator, User Research, Adobe Photoshop, Motion Design, Persona Development, Design Thinking, Usability Testing, OKRs",146037,176647,Design
Junior Product Owner,Ironwood Systems,Remote,Full-time,"Customer Journey Mapping, Stakeholder Management, Market Research, Requirements Gathering, Scrum, User Story Mapping, Business Analysis, Kanban",64285,83335,Product
Staff UI Designer,Lucent Path Studio,Remote,Internship,"Figma, Accessibility Design, Miro, Adobe XD, Accessibility (WCAG), Adobe Illustrator, User Research, Roadmap Planning",144272,166961,Design
Intern UX Researcher,Fernwave Collective,Singapore,Internship,"User Research, Design Systems, Sketch, Communication",28280,35913,Design
Principal Associate Product Manager,Basalt Grove Product,"Sydney, Australia",Full-time,"Data-Driven Decision Making, OKRs, Competitive Analysis, Scrum, Customer Journey Mapping, Business Analysis, Confluence",158293,168922,Product
Staff UX Designer,Mistwood Labs,Remote,Full-time,"Information Architecture, Figma Prototyping, Usability Testing, Prototyping, UI Design, Stakeholder Management",138877,168956,Design
Junior Product Analyst,Pinehollow UX,Remote,Internship," Agile Methodology , Market Research, SCRUM",59079,81285,Product
Junior Product Analyst,Clearwater UX Studio,"Dublin, Ireland",Full-time,"Stakeholder Management, Roadmap Planning, Agile Methodology, KPI Development, Market Research",61481,76248,Product
Platform Product Manager,Sagebrush Labs,"Portland, OR",Contract,"Feature Prioritization, SAFe (Scaled Agile Framework),  KPI Development , Stakeholder Management, OKRS, Data-Driven Decision Making, Requirements Gathering, Roadmap Planning",131366,166730,Product
Senior UX Designer,Kestrel Bay Design,"Boston, MA",Full-time,"USABILITY TESTING, UX RESEARCH, Accessibility (WCAG), Adobe XD, Git",109282,138344,Design
Principal Interaction Designer,Cedarfall Product Co,"Seattle, WA",Full-time,"Miro, UX Research, Motion Design, Prototyping, Design Critique Facilitation, Interaction Design, Adobe Illustrator",159729,189393,Design
Intern Product Designer,Wrenfield UX Co,"Portland, OR",Internship,"Figma Prototyping, Figma, User Research, Accessibility (WCAG)",22970,36492,Design
Senior Technical Product Manager,Clearwater UX Studio,Remote,Full-time,"Requirements Gathering, Jira, OKRs, Stakeholder Management",107598,150180,Product
Senior UI Designer,Cobblestone UX Co,Singapore,Internship,"Accessibility Design, User Research, Prototyping, Usability Testing, Figma Prototyping, Roadmap Planning",117681,141511,Design
Product Manager,Frostvale Design Labs,"Los Angeles, CA",Full-time,"OKRs, Product Discovery, Data-Driven Decision Making, Stakeholder Management, SAFe (Scaled Agile Framework)",90442,104245,Product
Senior UI Designer,Fernwave Collective,"Chicago, IL",Full-time,"Design Systems, Adobe Illustrator, Adobe Photoshop, UI Design",115978,149337,Design
Product Designer,Foxglove Product Co,"Dublin, Ireland",Part-time,"User Research, Information Architecture, Adobe Photoshop, Adobe Illustrator, Interaction Design, Interpersonal Skills",86053,106729,Design
Principal Associate Product Manager,Palewind Interactive,Remote,Contract,"Product Discovery, Data-Driven Decision Making, Roadmap Planning, Scrum, Business Analysis, SAFe (Scaled Agile Framework), Vendor Management",154247,191891,Product
Junior Product Manager,Willowmere Digital,Singapore,Contract,"Market Research, Customer Journey Mapping, OKRs",64079,79621,Product
Intern Platform Product Manager,Basalt Grove Product,"Austin, TX",Internship,"KPI Development, Jira, Product Management, Agile Methodology",25736,36546,Product
Junior UX Researcher,Marlowe Bridge Product,"Boston, MA",Full-time,"Figma Prototyping, InVision, Usability Testing, Design Critique Facilitation, Accessibility Design, Adobe Photoshop",57565,76009,Design
Staff UX Designer,Fieldstone Digital Labs,Remote,Contract,"UI Design, Design Thinking, InVision, Adobe Photoshop, Persona Development, Interpersonal Skills",146826,166000,Design
Junior UX Researcher,Hollowreed Design,"Chicago, IL",Part-time,"Wireframing, UI Design, Usability Testing, InVision, Interaction Design, Accessibility Design, UX Research, Git",65093,80783,Design
Lead Growth Product Manager,Onyx Bridge Tech,"San Francisco, CA",Full-time,"Agile Methodology, Data-Driven Decision Making, Stakeholder Management, Requirements Gathering, Market Research, A/B Test Design, Competitive Analysis, User Story Mapping, Communication",138612,175150,Product
Technical Product Manager,Marrow Peak Tech,Remote,Full-time,"Product Management, Customer Journey Mapping, Stakeholder Management, SAFe (Scaled Agile Framework), Kanban, Jira, Requirements Gathering, Scrum",82238,110137,Product
Lead UX Designer,Hollowreed Design,"Los Angeles, CA",Full-time,"Design Thinking, Wireframing, Adobe Illustrator, Miro, UX Research, InVision",133087,164020,Design
Junior Product Analyst,Everline Studio,Remote,Full-time,"KPI Development, Requirements Gathering, A/B Test Design, SAFe (Scaled Agile Framework), Product Management, Kanban, Competitive Analysis, Confluence",60478,77600,Product
Product Owner,Alderwood Labs,"Boston, MA",Full-time,"SAFe (Scaled Agile Framework), Business Analysis, Product Management",80947,113084,Product
Product Designer,Copperfield UX,Remote,Contract,"Accessibility Design, Adobe Photoshop, Responsive Design, UI Design, Comunication, responsive design",85457,100102,Design
Senior UX Designer,Ashgrove Product,"Denver, CO",Full-time,"Prototyping, Information Architecture, Adobe Photoshop, Interaction Design, Sketch, Wireframing, Vendor Management, Interpersonal Skills",106520,134108,Design
Junior UX/UI Designer,Ironwood Systems,"Boston, MA",Internship,"Sketch, Design Thinking, Prototypeing, Adobe Photoshop, Design Critique Facilitation, Figma Prototyping, Interpersonal Skills",65905,80122,Design
Platform Product Manager,Stonebridge Product Co,Remote,Full-time,"Market Research, Jira, Business Analysis, Customer Journey Mapping, Requirements Gathering, OKRs, Scrum, Vendor Management, Confluence",126575,142115,Product
Lead Growth Product Manager,Quartzline Product Co,"Austin, TX",Full-time,"Kanban, SAFe (Scaled Agile Framework), Agile Methodology, A/B Test Design, User Story Mapping, Product Discovery, OKRs",147626,164030,Product
Technical Product Manager,Sterling Vale Tech,Remote,Full-time,"Market Research, Stakeholder Management, Business Analysis",86426,99791,Product
Lead Product Designer,Pinehollow UX,Remote,Full-time,"Motion Design, Adobe XD, Adobe Illustrator, InVision, Accessibility (WCAG), Wireframing, Figma, User Research, Vendor Management",137823,171478,Design
Senior Visual Designer,Stonebridge Product Co,"Amsterdam, Netherlands",Full-time,"Adobe Photoshop, Adobe Illustrator, Figma, Usability Testing, UI Design, Stakeholder Management",107885,148856,Design
Senior UX Researcher,Thornbury Digital,"Denver, CO",Internship,"Interaction Design, Motion Design, InVision, Adobe XD, Information Architecture, User Research, UI Design, Prototyping",120432,132320,Design
Senior UX Researcher,Brightloom Product,"Boston, MA",Full-time,"Figma Prototyping, UI Design, Wireframing, Sketch, Motion Design, Accessibility (WCAG), InVision, Roadmap Planning",105007,147571,Design
Intern Product Analyst,Onyx Bridge Tech,"London, UK",Internship,"Kanban, Feature Prioritization, Stakeholder Management, Product Management, A/B Test Design, Business Analysis, Product Discovery, Requirements Gathering",25142,38345,Product
Senior Product Designer,Mistwood Labs,"Los Angeles, CA",Full-time,"Information Architecture, Persona Development, Design Critique Facilitation, Motion Design, Adobe Photoshop, Confluence",109965,143632,Design
Associate Product Manager,Duneshore Digital,"San Francisco, CA",Full-time,"Kanban, Scrum, Requirements Gathering, Stakeholder Management, Market Research, Vendor Management",126186,160269,Product
Senior Visual Designer,Harborlight UX,"Chicago, IL",Full-time,"Interaction Design, Design Thinking, UI Design, Accessibility Design",119789,152283,Design
Intern Product Designer,Sagebrush Labs,Remote,Full-time,"Accessibility (WCAG), Responsive Design, Miro, User Research, Persona Development, Interaction Design, Wireframing",24358,39718,Design
Principal UX Designer,Copperfield UX,"Portland, OR",Full-time,"Accessibility Design, User Research, Wireframing, Figma Prototyping, Design Thinking, Persona Development, Information Architecture, Adobe Photoshop, Vendor Management",154764,187850,Design
Principal UI Designer,Copperfield UX,Singapore,Full-time,"Design Thinking, InVision, Figma Prototyping, Figma, Information Architecture, Responsive Design, Accessibility (WCAG)",149967,179130,Design
Staff Interaction Designer,Brightloom Product,Singapore,Contract,"Design Systems, Usability Testing, Miro, Wireframing, Motion Design, Responsive Design, Information Architecture, InVision, Roadmap Planning",150759,168887,Design
Principal Product Analyst,Aldergate Product,"Los Angeles, CA",Contract,"Roadmap Planning, Requirements Gathering, Competitive Analysis, Market Research, SAFe (Scaled Agile Framework), Product Management, Interpersonal Skills",145754,168370,Product
Junior Product Manager,Sterling Vale Tech,"Toronto, Canada",Full-time,"Product Management, A/B Test Design, Customer Journey Mapping, Market Research, OKRs, Scrum, User Story Mapping",58244,83895,Product
Principal Product Analyst,Goldleaf Product Studio,"Berlin, Germany",Part-time,"Agile Methodology, Scrum, A/B Test Design, OKRs",147262,173962,Product
Junior Growth Product Manager,Driftwood UX Lab,"Portland, OR",Contract,"KPI Development, Product Management, Jira, A/B Test Design, Scrum, User Story Mapping, Data-Driven Decision Making, Roadmap Planning, Communication",60830,81707,Product
Intern Visual Designer,Nightshade UX,"Bangalore, India",Internship,"Design Thinking, Persona Development, Adobe XD, Information Architecture, Adobe Photoshop, Design Critique Facilitation, Miro",28572,34576,Design
Junior Interaction Designer,Willowmere Digital,"Los Angeles, CA",Full-time,"Figma Prototyping, Persona Development, Usability Testing, Adobe Illustrator, Figma",58048,76380,Design
Junior Product Manager,Foxglove Product Co,"Seattle, WA",Full-time,"Data-Driven Decision Making, SAFe (Scaled Agile Framework), Requirements Gathering, Scrum, KPI Development, Market Research, Stakeholder Management, Customer Journey Mapping",59680,78629,Product
Senior Growth Product Manager,Bramblewood Studio,Remote,Full-time,"SAFe (Scaled Agile Framework), A/B Test Design, Market Research, OKRs, Kanban, Stakeholder Management",115774,133192,Product
Product Designer,Timberlyn Product Co,"Dublin, Ireland",Full-time,"Figma Prototyping, Accessibility (WCAG), UX Research, Usability Testing, InVision, Communication",78159,111904,Design
Product Owner Manager,Goldleaf Product Studio,"New York, NY",Internship,"User Story Mapping, Kanban, Jira, Stakeholder Management, Product Discovery, Feature Prioritization, Communication",130213,162225,Product
Junior Visual Designer,Nova Harbor Design,"Dublin, Ireland",Internship,"Figma, Accessibility (WCAG), Adobe Illustrator, User Research, InVision",65617,76328,Design
Lead UX Researcher,Gladewind Labs,Remote,Full-time,"User Research, Persona Development, UX Research, Design Systems, Information Architecture, Motion Design, Usability Testing, OKRs, Agile Methodology",134516,170470,Design
Principal Product Manager,Copperfield UX,Remote,Part-time,"OKRs, Product Management, Market Research, Requirements Gathering,   KPI Development, kanban,   kpi development",155536,186333,Product
Intern UX Researcher,Copperhaven UX,"Dublin, Ireland",Internship,"Prototyping, UX Research, Adobe Illustrator, Miro, Communication",25251,38776,Design
Product Manager,Gladewind Labs,Remote,Full-time,"KPI Development,   Feature Prioritization, Customer Journey Mapping, A/B Test Design, MARKET RESEARCH, Scrum, Agile Methodology, kpi development",81543,99966,Product
Principal Platform Product Manager,Windmere Studio,"Seattle, WA",Full-time,"Product Management, Scrum, Stakeholder Management, Jira, Git",149591,187658,Product
Platform Product Manager,Driftwood UX Lab,"New York, NY",Full-time,"Data-Driven Decision Making, Scrum, Competitive Analysis, Agile Methodology, Vendor Management",123694,156704,Product
Product Owner Manager,Gladewind Labs,"Amsterdam, Netherlands",Full-time,"Data-Driven Decision Making, User Story Mapping, Business Analysis, Stakeholder Management, Requirements Gathering, Jira, A/B Test Design, Roadmap Planning",124625,149461,Product
Senior Product Manager,Thistle & Vane Design,Remote,Internship,"OKRs, Product Management, User Story Mapping, Data-Driven Decision Making, Stakeholder Management, Interpersonal Skills",121364,140414,Product
Lead UX/UI Designer,Onyx Bridge Tech,Remote,Full-time,"Design Critique Facilitation, Responsive Design, Figma, Wireframing, Miro, InVision, User Research, UX Research, Vendor Management, Agile Methodology",138955,169909,Design
Principal Growth Product Manager,Vellum Path Design,"Amsterdam, Netherlands",Full-time,"Business Analysis, User Story Mapping, SAFe (Scaled Agile Framework), Stakeholder Management, Customer Journey Mapping, Vendor Management, Interpersonal Skills",148011,174300,Product
Lead UX/UI Designer,Thornbury Digital,"Austin, TX",Full-time,"Figma Prototyping, Accessibility (WCAG), Design Critique Facilitation",145751,164271,Design
Principal UI Designer,Mistwood Labs,"London, UK",Full-time,"UX Research, Miro, Responsive Design, InVision, Wireframing, OKRs, Git",147577,189385,Design
Platform Product Manager,Silverbrook Design,Remote,Internship,"Market Research, Product Management, Stakeholder Management, data-driven decision making, Interpersonal Skills",84970,98239,Product
Principal UI Designer,Wispcraft UX,"Los Angeles, CA",Full-time,"InVision, Accessibility (WCAG), Persona Development, Stakeholder Management",158492,168860,Design
Principal Product Analyst,Larkspur Product Co,"San Francisco, CA",Full-time,"OKRs, Product Management, Data-Driven Decision Making, KPI Development, Scrum, Product Discovery, Stakeholder Management, Roadmap Planning, Agile Methodology",147245,171375,Product
Technical Product Manager,Ravenmoor Labs,"Sydney, Australia",Contract,"Feature Prioritization, Roadmap Planning, OKRs, Competitive Analysis, KPI Development, Kanban, User Story Mapping, Scrum",88223,110851,Product
Lead Platform Product Manager,Amberline Ventures,Singapore,Internship,"Requirements Gathering, KPI Development, User Story Mapping, Business Analysis, A/B Test Design, Jira, Stakeholder Management",142030,167533,Product
Junior Growth Product Manager,Windmere Studio,"Dublin, Ireland",Full-time,"A/B Test Design, Product Management, Feature Prioritization, Requirements Gathering, Excel",60712,73352,Product
Principal UI Designer,Crestline Digital,"San Francisco, CA",Contract,"Design Critique Facilitation, Usability Testing, Responsive Design, Persona Development, Interpersonal Skills",157323,182678,Design
Staff Visual Designer,Redshale Design,"San Francisco, CA",Full-time,"Design Critique Facilitation, UX Research, Motion Design, Miro, Design Thinking, OKRs",142166,172441,Design
Associate Product Manager,Wanderlight Labs,Remote,Contract,"User Story Mapping, SAFe (Scaled Agile Framework), OKRs, Agile Methodology, Roadmap Planning, Product Discovery, Kanban, Data-Driven Decision Making",87848,99202,Product
Junior UI Designer,Vertex Cloud Labs,"New York, NY",Full-time,"Design Systems, UX Research, Figma Prototyping, Adobe Photoshop, Information Architecture, UI Design",61957,78101,Design
Junior Technical Product Manager,Copperhaven UX,Remote,Full-time,"Data-Driven Decision Making, Product Management, Agile Methodology, Feature Prioritization, Customer Journey Mapping, SAFe (Scaled Agile Framework), KPI Development, Interpersonal Skills",62052,72629,Product
Intern UX/UI Designer,Pinecrest Digital,"Sydney, Australia",Internship,"Design Systems, Responsive Design, Miro, Accessibility Design, Figma Prototyping, Usability Testing, InVision",29172,34201,Design
Intern Product Designer,Cedarfall Product Co,"Seattle, WA",Internship,"Figma Prototyping, Adobe Photoshop, Design Thinking, Motion Design",24174,41516,Design
Principal UI Designer,Marlowe Bridge Product,"Toronto, Canada",Contract,"Interaction Design, Design Critique Facilitation, Responsive Design, UX Research, Roadmap Planning, Stakeholder Management",149321,191546,Design
Senior UX Designer,Marrow Peak Tech,"Boston, MA",Part-time,"Adobe Photoshop, Wireframing, Persona Development, Motion Design, Adobe Illustrator",114761,154871,Design
Junior Associate Product Manager,Marlowe Bridge Product,"Atlanta, GA",Full-time,"Agile Methodology, Data-Driven Decision Making, MARKET RESEARCH, Requirements Gathering, KPI Development, Jira, Competitive Analysis, Product Discovery",58477,77286,Product
Principal UX Researcher,Foxglove Product Co,"Atlanta, GA",Full-time,"Persona Development, Figma Prototyping, Usability Testing, Adobe Illustrator, Miro, Roadmap Planning, Agile Methodology",154369,189979,Design
Intern Platform Product Manager,Brightfern Studio,"Berlin, Germany",Full-time,"Data-Driven Decision Making, Stakeholder Management, Jira, Product Discovery, SAFe (Scaled Agile Framework), Market Research, Kanban, Roadmap Planning, Communication",29170,37424,Product
Junior Platform Product Manager,Fernwave Collective,"Los Angeles, CA",Internship,"OKRs, Data-Driven Decision Making, Roadmap Planning, Requirements Gathering",56846,77087,Product
Product Manager,Duneshore Digital,"Berlin, Germany",Full-time,"OKRs, Agile Methodology, Business Analysis, Competitive Analysis, Jira, Kanban, User Story Mapping, Market Research",88575,104115,Product
Lead Technical Product Manager,Amberline Ventures,"Dublin, Ireland",Internship,"Roadmap Planning, Kanban, Scrum, Product Management, Stakeholder Management, Product Discovery",142887,164356,Product
Platform Product Manager,Cloverfield UX Studio,"Denver, CO",Full-time,"Competitive Analysis, Market Research, Business Analysis,  Kanban , OKRs, Customer Journey Mapping, Excel",87500,104947,Product
Lead Product Designer,Copperhaven UX,Remote,Full-time,"Wireframing, Design Systems, Figma, Confluence",147788,156713,Design
Principal Interaction Designer,Frostvale Design Labs,Remote,Part-time,"Wireframing, Adobe XD, Interaction Design, UX Research, Adobe Photoshop, Information Architecture, Accessibility (WCAG), Vendor Management",152019,177142,Design
Intern Interaction Designer,Marrow Peak Tech,"Sydney, Australia",Full-time,"INVISION, Wireframing, Motion Design, Figma, Adobe XD, Accessibility (WCAG), EXCEL, invision",26207,35752,Design
Lead Product Manager,Amberline Ventures,Singapore,Internship,"Scrum, A/B Test Design, Customer Journey Mapping, Market Research",133734,157191,Product
Junior Product Analyst,Foxglove Product Co,"Atlanta, GA",Full-time,"Requirements Gathering, OKRs, SAFe (Scaled Agile Framework), Market Research",56240,77879,Product
Product Manager,Duneshore Digital,"New York, NY",Full-time,"OKRs, User Story Mapping, Feature Prioritization, SAFe (Scaled Agile Framework), Vendor Management",115898,153457,Product
Principal UX/UI Designer,Frostvale Design Labs,"London, UK",Full-time,"User Research, InVision, Accessibility Design, Adobe XD, Figma Prototyping, Prototyping, Design Critique Facilitation, OKRs, Git",154385,180099,Design
Associate Product Manager,Cobalt Reach Labs,"Seattle, WA",Full-time,"SAFe (Scaled Agile Framework), Product Management, Feature Prioritization, Customer Journey Mapping",85104,103583,Product
Staff Product Designer,Cedarfall Product Co,Remote,Full-time,"UX Research, Accessibility (WCAG), Design Thinking, Motion Design",139429,181880,Design
Principal Technical Product Manager,Nightshade UX,Singapore,Full-time,"Stakeholder Management, Agile Methodology, A/B Test Design",148025,184729,Product
Product Manager,Nightshade UX,Remote,Full-time,"OKRs, A/B Test Design, Requirements Gathering, Kanban, Feature Prioritization, Competitive Analysis, SAFe (Scaled Agile Framework)",119764,161396,Product
Senior UX/UI Designer,Halcyon Grid Labs,Remote,Full-time,"Accessibility Design, User Research, Adobe Photoshop, Accessibility (WCAG), UX Research, Usability Testing, Adobe XD",112294,148593,Design
Technical Product Manager,Goldleaf Product Studio,"Chicago, IL",Full-time,"KPI Development, Competitive Analysis, A/B Test Design, Requirements Gathering, Product Discovery, SAFe (Scaled Agile Framework), Roadmap Planning, Scrum",90204,100762,Product
Junior Growth Product Manager,Nova Harbor Design,"New York, NY",Full-time,"Requirements Gathering, Feature Prioritization, Agile Methodology, Product Discovery, Market Research, Stakeholder Management",56937,74877,Product
Staff UX Designer,Driftwood UX Lab,"Atlanta, GA",Part-time,"Accessibility (WCAG), Adobe Photoshop, Sketch",151172,179218,Design
UX Researcher,Bluepeak UX Studio,"Amsterdam, Netherlands",Contract,"Adobe Photoshop, InVision, UX Research, Prototyping, Usability Testing, Agile Methodology",91670,99611,Design
Intern UI Designer,Marrow Peak Tech,"Amsterdam, Netherlands",Internship,"Design Critique Facilitation, Figma Prototyping, Prototyping, Motion Design, Excel",22585,40880,Design
Junior Growth Product Manager,Slate Fox Product,"Denver, CO",Contract,"Competitive Analysis, Agile Methodology, Product Discovery, Product Management, Stakeholder Management",60830,83591,Product
UX Researcher,Sterling Vale Tech,"Portland, OR",Full-time,"  Adobe XD, UI Design, Figma Prototyping, PERSONA DEVELOPMENT, Agile Methodology",83793,99761,Design
Associate Product Manager,Harborlight UX,"Amsterdam, Netherlands",Full-time,"A/B Test Design, OKRs, Requirements Gathering, Market Research, Kanban, Stakeholder Management, Product Discovery, SAFe (Scaled Agile Framework)",129393,151143,Product
Lead Associate Product Manager,Ashgrove Product,Remote,Full-time,"Product Discovery, Competitive Analysis, MARKET RESEARCH, ROADMAP PLANNING, market research",132367,166589,Product
Intern Visual Designer,Frostvale Design Labs,"Amsterdam, Netherlands",Internship,"Wireframing, Adobe Illustrator, InVision, Excel",28603,41112,Design
Intern UX Designer,Onyx Bridge Tech,"Portland, OR",Internship,"Motion Design, Design Thinking, Figma Prototyping, Accessibility (WCAG), Sketch, User Research",25034,41866,Design
Lead Growth Product Manager,Duneshore Digital,"Seattle, WA",Full-time,"Data-Driven Decision Making, Business Analysis, Roadmap Planning, Communication",146833,172202,Product
Senior Technical Product Manager,Wispcraft UX,"Sydney, Australia",Full-time,"Data-Driven Decision Making, Product Management, Stakeholder Management, Kanban, Market Research, OKRs, KPI Development, Confluence",107106,151911,Product
Staff Interaction Designer,Marrow Peak Tech,"Boston, MA",Full-time,"Wireframing, Information Architecture, Accessibility Design, Figma, Adobe XD, Design Critique Facilitation, Interaction Design, Roadmap Planning",140361,180569,Design
Principal Associate Product Manager,Crestline Digital,Singapore,Internship,"KPI Development, Kanban, Roadmap Planning, Feature Prioritization, Product Discovery, Stakeholder Management, Agile Methodology, Customer Journey Mapping, Vendor Management, Communication",145756,185079,Product
Junior Growth Product Manager,Halcyon Grid Labs,"Denver, CO",Internship,"Kanban, Requirements Gathering, OKRs, Product Management, Jira, Stakeholder Management, Data-Driven Decision Making, Roadmap Planning",62917,77637,Product
Product Owner,Larkspur Product Co,"London, UK",Contract,"Jira, Feature Prioritization, Requirements Gathering, Excel",90290,107662,Product
Lead Visual Designer,Ashgrove Product,"Los Angeles, CA",Full-time,"Miro, Design Thinking, DESIGN CRITIQUE FACILITATION, Accessibility (WCAG)",145930,175476,Design
Junior Product Owner,Hollowreed Design,"New York, NY",Part-time,"Market Research, Feature Prioritization, Data-Driven Decision Making, A/B Test Design, Communication",56672,82365,Product
Growth Product Manager,Sable Ridge Labs,"Sydney, Australia",Full-time,"Requirements Gathering, Competitive Analysis, Market Research, Scrum, Product Management, KPI Development, Stakeholder Management, Confluence",83170,111248,Product
Associate Product Manager,Cedarfall Product Co,Remote,Full-time,"OKRs, Scrum, Data-Driven Decision Making, Stakeholder Management, Product Discovery, Product Management, Jira",130674,162717,Product
Principal UX Designer,Willowmere Digital,"Seattle, WA",Full-time,"Accessibility Design, User Research, Adobe Photoshop, Prototyping, OKRs, Excel",155100,178902,Design
Senior UX Researcher,Pinehollow UX,Remote,Full-time,"Design Thinking, Adobe Illustrator, Prototyping, Adobe XD, Design Systems",106939,152866,Design
Intern Product Manager,Bramblewood Studio,Remote,Internship,"Business Analysis, Scrum, KPI Development, Competitive Analysis, Jira, Feature Prioritization, Confluence",28315,39325,Product
Junior UI Designer,Hazelwick Design,Remote,Full-time,"Adobe Photoshop, UX Research, Usability Testing, Figma Prototyping",56563,78595,Design
Staff Visual Designer,Cragmoor Product,Remote,Full-time,"Design Systems, Accessibility (WCAG), Sketch, Persona Development, Adobe XD, Stakeholder Management",143979,160188,Design
Senior Associate Product Manager,Glimmerwell Labs,"Los Angeles, CA",Contract,"Requirements Gathering, Competitive Analysis, Roadmap Planning, Business Analysis, A/B Test Design, Scrum, Interpersonal Skills",112146,133358,Product
Lead Product Manager,Kestrel Bay Design,"Berlin, Germany",Full-time,"Scrum, Agile Methodology, Customer Journey Mapping, Competitive Analysis, Vendor Management",133964,167799,Product
Lead Associate Product Manager,Bramblewood Studio,"London, UK",Contract,"Data-Driven Decision Making, Feature Prioritization, Competitive Analysis, A/B Test Design, Customer Journey Mapping, Product Discovery, User Story Mapping, Interpersonal Skills",137688,165288,Product
Senior Interaction Designer,Hazelwick Design,"London, UK",Full-time,"Information Architecture, Figma Prototyping, Motion Design, Wireframing, Sketch, Persona Development, InVision, Figma, OKRs",108781,135048,Design
Junior UX Designer,Moonfern Studio,"Dublin, Ireland",Full-time,"Adobe Illustrator, User Research, Adobe XD, Figma, UX Research, UI Design, Motion Design",61233,73908,Design
Staff Interaction Designer,Vertex Cloud Labs,"Los Angeles, CA",Full-time,"InVision, Sketch, Design Thinking, Miro",150929,171693,Design
Junior UX/UI Designer,Sterling Vale Tech,"Chicago, IL",Part-time,"Adobe Illustrator, Wireframing, Responsive Design, Accessibility Design, Stakeholder Management",61456,78756,Design
Junior Product Designer,Kestrel Bay Design,Remote,Full-time,"Figma Prototyping, Responsive Design, Design Critique Facilitation",62021,81989,Design
Lead Associate Product Manager,Copperfield UX,"Berlin, Germany",Full-time,"Roadmap Planning, User Story Mapping, Stakeholder Management, Competitive Analysis, SAFe (Scaled Agile Framework), Vendor Management",139965,161308,Product
Lead Associate Product Manager,Cedarfall Product Co,Singapore,Full-time,"A/B Test Design, roadmap planning, Agile Methodology, customer journey mapping, Scrum, KPI Development, Product Discovery, OKRs",132899,169579,Product
Intern Product Manager,Slate Fox Product,Remote,Internship,"Feature Prioritization, Jira, AGILE METHODOLOGY, OKRs, Data-Driven Decision Making, SCRUM, Customer Journey Mapping, Competitive Analysis",26316,39191,Product
Intern Product Designer,Moonfern Studio,"Dublin, Ireland",Internship,"Responsive Design, Design Thinking, Figma Prototyping, Wireframing, Figma, Adobe XD, Design Systems, Communication",28802,35119,Design
Senior Product Analyst,Cragmoor Product,"Austin, TX",Full-time,"KPI Development, Kanban, Feature Prioritization, Roadmap Planning, customer journey mapping, Stakeholder Management, DATA-DRIVEN DECISION MAKING, Communication",114992,130586,Product
Lead Visual Designer,Ironwood Systems,"Berlin, Germany",Full-time,"Figma, InVision, Design Systems, Adobe Photoshop, User Research, Adobe XD, Interaction Design, OKRs, Agile Methodology",140920,158146,Design
Lead Product Manager,Everline Studio,Remote,Full-time,"Product Management, Product Discovery, Customer Journey Mapping, Competitive Analysis, Scrum, Business Analysis, Jira, Agile Methodology",144642,174090,Product
Senior UX Researcher,Wrenfield UX Co,"Sydney, Australia",Full-time,"InVision, Accessibility Design, Sketch, Figma, Adobe Illustrator, Stakeholder Management, Agile Methodology",118807,137793,Design
Principal Product Designer,Nightshade UX,Remote,Full-time,"User Research, Wireframing, Prototyping",154522,190366,Design
Principal UX/UI Designer,Marrow Peak Tech,"Portland, OR",Part-time,"Adobe XD, Interaction Design, Persona Development, Design Critique Facilitation, Adobe Photoshop, Stakeholder Management",146678,183030,Design
Intern Technical Product Manager,Goldleaf Product Studio,"Toronto, Canada",Internship,"Roadmap Planning, Competitive Analysis, Agile Methodology, Stakeholder Management, User Story Mapping, Customer Journey Mapping, Requirements Gathering, Scrum",25687,39487,Product
Principal Interaction Designer,Northfall Interactive,"San Francisco, CA",Full-time,"UX Research, Wireframing, InVision, Usability Testing, Miro, Adobe Illustrator, Excel",148142,170648,Design
Intern Product Analyst,Aldergate Product,"Toronto, Canada",Internship,"SAFe (Scaled Agile Framework), Roadmap Planning, OKRs, Kanban, User Story Mapping, Market Research, Product Management",23513,34357,Product
Intern UX/UI Designer,Bluepeak UX Studio,Remote,Internship,"Persona Development, Prototyping, Design Systems, Wireframing, Adobe Illustrator, Accessibility Design, Adobe XD, InVision",27786,40810,Design
Product Owner Manager,Ravenmoor Labs,"Amsterdam, Netherlands",Full-time,"OKRs, SAFe (Scaled Agile Framework), Agile Methodology, Data-Driven Decision Making, Jira, Vendor Management",116124,145089,Product
Senior Product Manager,Frostvale Design Labs,"Boston, MA",Full-time,"Scrum, Kanban, Competitive Analysis, Roadmap Planning, Stakeholder Management",105670,135344,Product
Product Manager,Granite Loop Studio,"San Francisco, CA",Full-time,"kpi development, SAFE (SCALED AGILE FRAMEWORK), Product Discovery, Feature Prioritization, Competitive Analysis, Agile Methodology, Data-Driven Decision Making",83016,111357,Product
UX Researcher,Quartzline Product Co,"Austin, TX",Full-time,"User Research, Miro, Accessibility Design, Wireframing, Adobe Illustrator, Accessibility (WCAG), Design Critique Facilitation, Adobe XD, Agile Methodology",89485,111718,Design
Junior Product Manager,Cinderhall Digital,Remote,Full-time,"Kanban, Product Discovery, A/B Test Design, Interpersonal Skills",57991,80183,Product
Intern UX/UI Designer,Bramblewood Studio,Remote,Internship,"Design Thinking, User Research, Design Critique Facilitation, Accessibility (WCAG), Usability Testing, Figma, Wireframing, Design Systems, Git",28942,36554,Design
Principal Technical Product Manager,Cobblestone UX Co,"Seattle, WA",Internship,"Product Management, A/B Test Design, Data-Driven Decision Making, Business Analysis, OKRs, Stakeholder Management",156719,173837,Product
Senior Product Analyst,Moonfern Studio,"Bangalore, India",Internship,"Customer Journey Mapping, OKRs, Requirements Gathering, Scrum, Roadmap Planning, Feature Prioritization, Data-Driven Decision Making, Business Analysis, Vendor Management, Stakeholder Management",119966,134907,Product
Principal Interaction Designer,Cobalt Reach Labs,"Austin, TX",Full-time,"Accessibility (WCAG), Information Architecture, Accessibility Design, Adobe Photoshop, Design Systems, Interaction Design, Usability Testing, Adobe XD, Stakeholder Management",147824,168439,Design
Senior Product Designer,Ironwood Systems,Remote,Internship,"Usability Testing, Information Architecture, Figma, User Research, Vendor Management",105532,138405,Design
Principal Growth Product Manager,Duskridge Digital,Remote,Full-time,"Market Research, Kanban, Data-Driven Decision Making, Business Analysis, Product Management, Communication",153479,189109,Product
Senior UX/UI Designer,Kestrel Bay Design,"Berlin, Germany",Part-time,"Figma Prototyping, Responsive Design, Prototyping, Accessibility (WCAG), Usability Testing, UI Design, Roadmap Planning",110198,146340,Design
Staff Interaction Designer,Harborlight UX,"Toronto, Canada",Full-time,"Accessibility Design, Figma Prototyping, User Research, Information Architecture, UI Design, Wireframing, UX Research, Interaction Design, Vendor Management",151452,178198,Design
Lead Product Analyst,Bramblewood Studio,Remote,Contract,"Data-Driven Decision Making, Stakeholder Management, Feature Prioritization, Requirements Gathering, Product Discovery, Customer Journey Mapping, Communication",136147,157794,Product
Senior Technical Product Manager,Aldergate Product,"Toronto, Canada",Full-time,"Requirements Gathering, Data-Driven Decision Making, Market Research, Kanban, KPI Development, Scrum, Roadmap Planning",121979,134772,Product
Intern Product Analyst,Cobblestone UX Co,Singapore,Internship,"Business Analysis, Feature Prioritization, Product Management",29535,37334,Product
Senior UX Researcher,Clearwater UX Studio,"Portland, OR",Internship,"Interaction Design, User Research, Design Systems, Information Architecture, Stakeholder Management",117292,146636,Design
Principal Product Designer,Moonfern Studio,"Atlanta, GA",Full-time,"Adobe XD, Figma, Design Thinking, Roadmap Planning",149540,183120,Design
Senior Associate Product Manager,Harborlight UX,"Sydney, Australia",Part-time,"Competitive Analysis, Feature Prioritization, A/B Test Design, Stakeholder Management, Business Analysis, Data-Driven Decision Making, Roadmap Planning",121683,145445,Product
Associate Product Manager,Wispcraft UX,Remote,Full-time,"Customer Journey Mapping, OKRs, Stakeholder Management, Roadmap Planning, KPI Development, Product Management, Agile Methodology, Interpersonal Skills",85265,109983,Product
Staff Interaction Designer,Fernwave Collective,"London, UK",Full-time,"Persona Development, Responsive Design, Prototyping, Sketch, Design Thinking, UX Research, Roadmap Planning, Interpersonal Skills",150534,178853,Design
Intern UX Designer,Thornbury Digital,"Los Angeles, CA",Internship,"InVision, Information Architecture, Design Critique Facilitation, Git",25450,37939,Design
Senior UX Researcher,Nova Harbor Design,Remote,Internship," Persona Development , Prototyping,   Adobe Photoshop, Miro, UI Design, Design Critique Facilitation, Figma, Sketch, OKRs",117479,145821,Design
UX Designer,Cedarfall Product Co,"Toronto, Canada",Full-time,"Adobe Illustrator, UX Research, Motion Design, Wireframing, Usability Testing, Design Critique Facilitation, Prototyping, Design Thinking",89126,106507,Design
Product Analyst,Fernwave Collective,Remote,Full-time,"Business Analysis, Customer Journey Mapping, OKRs, Scrum, Requirements Gathering, A/B Test Design, Competitive Analysis, Stakeholder Management, Excel",79594,98458,Product
Senior Platform Product Manager,Hazelwick Design,"Dublin, Ireland",Full-time,"Customer Journey Mapping, Feature Prioritization, User Story Mapping, Kanban, KPI Development, Stakeholder Management, Business Analysis, Jira",118594,149995,Product
UX Designer,Thornbury Digital,"Boston, MA",Full-time,"Figma Prototyping, Figma, Design Thinking, UX Research, Wireframing",84706,107797,Design
Intern Interaction Designer,Sterling Vale Tech,Singapore,Internship,"UI Design, Usability Testing, Sketch, Interpersonal Skills",29701,37006,Design
Product Analyst,Meridian Crest Product,"Toronto, Canada",Full-time,"Feature Prioritization, KPI Development, Product Management, User Story Mapping, Data-Driven Decision Making, Market Research, Competitive Analysis",87399,111327,Product
Staff UX Designer,Rustling Oak Studio,"Denver, CO",Full-time,"Design Thinking, Information Architecture, Accessibility (WCAG), UI Design, Adobe XD, Design Systems, Miro, OKRs",144132,174998,Design
Platform Product Manager,Cragmoor Product,"Chicago, IL",Full-time,"Scrum, Stakeholder Management, KPI Development, Confluence",130423,157952,Product
Senior UX/UI Designer,Moonfern Studio,"Denver, CO",Full-time,"Usability Testing, InVision, Miro, Adobe Photoshop, Design Thinking, User Research, Motion Design, OKRs",117452,133065,Design
Technical Product Manager,Silverbrook Design,"Los Angeles, CA",Full-time,"Customer Journey Mapping, Jira, Business Analysis, Feature Prioritization, Stakeholder Management, OKRs, Vendor Management, Git",116209,156518,Product
Principal Visual Designer,Cloverfield UX Studio,"Portland, OR",Full-time,"Design Systems, Adobe Photoshop, User Research, Figma, Motion Design, Sketch, Interaction Design, Adobe XD",158131,168555,Design
Visual Designer,Frostvale Design Labs,Remote,Full-time,"Sketch, UI Design, Wireframing, InVision, Confluence",88836,110896,Design
Intern UX Designer,Kestrel Bay Design,"Sydney, Australia",Part-time,"Motion Design, Prototyping, Sketch",26931,41482,Design
Product Owner Manager,Cinderhall Digital,Remote,Full-time,"Market Research, A/B Test Design, Competitive Analysis",120514,145034,Product
Senior Interaction Designer,Nightshade UX,Remote,Full-time,"Motion Design, Information Architecture, Adobe XD, InVision, Miro, Wireframing, Usability Testing, Design Critique Facilitation, Stakeholder Management",118104,133382,Design
Lead Product Designer,Slate Fox Product,Remote,Full-time,"User Research, Sketch, Figma Prototyping, Persona Development, Accessibility (WCAG), Stakeholder Management",140832,174660,Design
Principal Growth Product Manager,Fernwave Collective,"Bangalore, India",Internship,"SAFe (Scaled Agile Framework), Product Discovery, A/B Test Design, Git",146779,181427,Product
Staff Interaction Designer,Glimmerwell Labs,"Boston, MA",Full-time,"UX Research, Figma, Accessibility (WCAG), Usability Testing, Adobe XD, Miro, Stakeholder Management",147681,170556,Design
UX Researcher,Clearwater UX Studio,"Toronto, Canada",Full-time,"Prototyping, UX Research, Design Systems",91106,109378,Design
Staff Product Designer,Gladewind Labs,Remote,Full-time,"Adobe XD, Accessibility (WCAG), Sketch, Design Systems, Interpersonal Skills",148245,165014,Design
Senior Product Manager,Emberline Studio,"Portland, OR",Internship,"Stakeholder Management, Scrum, OKRs, Business Analysis, Roadmap Planning",113805,132782,Product
Lead Visual Designer,Gladewind Labs,"Berlin, Germany",Full-time,"InVision, Prototyping, Accessibility (WCAG), Interaction Design, Figma Prototyping, Information Architecture, OKRs",143898,161964,Design
Junior Product Designer,Stonebridge Product Co,Remote,Full-time,"Design Critique Facilitation, Adobe XD, Motion Design, Wireframing, Prototyping",59597,81399,Design
Junior Product Manager,Silverbrook Design,"San Francisco, CA",Full-time,"Scrum, User Story Mapping, SAFe (Scaled Agile Framework), Roadmap Planning, Agile Methodology, Product Discovery, Confluence",64217,73639,Product
Intern Growth Product Manager,Nova Harbor Design,"Amsterdam, Netherlands",Internship,"Jira, Customer Journey Mapping, User Story Mapping, Market Research, Stakeholder Management, Product Management",28889,40945,Product
Junior Technical Product Manager,Marlowe Bridge Product,Remote,Full-time,"Market Research, OKRs, SAFe (Scaled Agile Framework), Data-Driven Decision Making, Scrum, Roadmap Planning, A/B Test Design, Feature Prioritization",61300,80594,Product
Junior Technical Product Manager,Vellum Path Design,"Sydney, Australia",Contract,"KPI Development, Kanban, Customer Journey Mapping, Market Research, Competitive Analysis, Product Management",60431,75353,Product
Junior Product Manager,Onyx Bridge Tech,Remote,Full-time,"Requirements Gathering, Market Research, Product Discovery, KPI Development, User Story Mapping, Agile Methodology, Excel",65344,80971,Product
Intern Technical Product Manager,Sterling Vale Tech,"Boston, MA",Internship,"Product Management, Kanban, Product Discovery, Agile Methodology, OKRs",27761,38265,Product
Lead UX/UI Designer,Brightloom Product,"Denver, CO",Contract,"Adobe Photoshop, Information Architecture, Accessibility (WCAG), adobe xd, Sketch, Prototyping, Usability Testing, Agile Methodology, ADOBE XD",147171,167998,Design
Junior Product Owner,Redshale Design,"New York, NY",Full-time,"KPI Development, Roadmap Planning, Competitive Analysis, Data-Driven Decision Making",60845,75090,Product
Junior UX/UI Designer,Marrow Peak Tech,"London, UK",Internship,"Figma Prototyping, Interaction Design, Usability Testing, Miro, Accessibility Design, Figma, Design Thinking, Communication",59958,79166,Design
Senior Product Manager,Ironwood Systems,"Bangalore, India",Full-time,"User Story Mapping, Data-Driven Decision Making, Customer Journey Mapping, SAFe (Scaled Agile Framework), Scrum",120279,143937,Product
Interaction Designer,Kestrel Bay Design,"Amsterdam, Netherlands",Full-time,"Accessibility (WCAG), User Research, Adobe XD, Usability Testing, Responsive Design, InVision, Prototyping, Adobe Illustrator",84699,111189,Design
Principal UX Designer,Nova Harbor Design,"Austin, TX",Full-time,"Information Architecture, UX Research, Persona Development, Design Systems, InVision, Adobe Illustrator, design thinking, UI Design, Stakeholder Management, Communication",158587,168433,Design
Principal Product Designer,Glimmerwell Labs,"New York, NY",Full-time,"Figma, UX Research, User Research, Adobe Photoshop, UI Design, Vendor Management",145523,188383,Design
Staff UX Researcher,Aldergate Product,Remote,Full-time,"Motion Design, Usability Testing, UI Design, Interaction Design, Miro, Accessibility (WCAG), Persona Development, UX Research",151388,181872,Design
Lead Associate Product Manager,Palewind Interactive,"Dublin, Ireland",Full-time,"Kanban, OKRs, Feature Prioritization, Competitive Analysis, User Story Mapping, Business Analysis, Product Discovery, Customer Journey Mapping",140567,170806,Product
Intern Interaction Designer,Thistle & Vane Design,"Austin, TX",Internship,"Adobe Illustrator, Design Critique Facilitation, UX Research, Interpersonal Skills",24371,35504,Design
Junior Product Analyst,Cinderhall Digital,Remote,Full-time,"Agile Methodology, SAFe (Scaled Agile Framework), User Story Mapping, Product Discovery, PRODUCT MANAGEMENT, OKRs, KPI Development,   Data-Driven Decision Making",62051,74535,Product
Staff UI Designer,Marlowe Bridge Product,"Portland, OR",Full-time,"InVision, Adobe XD, UX Research, Accessibility (WCAG), Interaction Design, Vendor Management",151362,167043,Design
Senior Associate Product Manager,Marlowe Bridge Product,Remote,Full-time,"SAFe (Scaled Agile Framework), Business Analysis, Scrum, Jira",119725,133616,Product
Product Analyst Manager,Stonebridge Product Co,Remote,Full-time," Market Research ,  Business Analysis , Roadmap Planning, Data-Driven Decision Making, Agile Methodology, Product Management",131534,155626,Product
Junior UI Designer,Mistwood Labs,Remote,Full-time,"Figma, Persona Development, Miro, InVision, UI Design, Accessibility Design, Interaction Design, Stakeholder Management",56145,81513,Design
Senior UX Designer,Nova Harbor Design,Remote,Full-time,"Information Architecture, Responsive Design, User Research, Design Systems, Roadmap Planning, Stakeholder Management",114879,137685,Design
Intern Product Analyst,Timberlyn Product Co,"Bangalore, India",Internship,"SAFe (Scaled Agile Framework), User Story Mapping, Market Research, Requirements Gathering, Product Discovery, KPI Development, Jira, Kanban, Interpersonal Skills",25464,36077,Product
Intern UI Designer,Harborlight UX,"Bangalore, India",Internship,"Wireframing, Information Architecture, Miro, Sketch, Responsive Design, Prototyping, Accessibility Design",24781,37112,Design
Junior Visual Designer,Thornbury Digital,"Amsterdam, Netherlands",Full-time,"InVision, Persona Development, Accessibility Design, Git",65726,76308,Design
Product Analyst,Everline Studio,Remote,Full-time,"Product Management, KPI Development, OKRs, Feature Prioritization, SAFe (Scaled Agile Framework)",84747,113439,Product
Senior UX Designer,Willowmere Digital,"Seattle, WA",Internship,"Motion Design, InVision, Usability Testing, Sketch, Accessibility (WCAG), Confluence",118897,152587,Design
Principal Product Analyst,Goldleaf Product Studio,"Atlanta, GA",Full-time,"Market Research, Requirements Gathering, Product Discovery, Product Management, Roadmap Planning, Jira, SAFe (Scaled Agile Framework), Feature Prioritization, Communication",147064,168604,Product
Technical Product Manager,Cedarfall Product Co,"Boston, MA",Full-time,"A/B Test Design, Business Analysis, Jira, Agile Methodology, Requirements Gathering, Competitive Analysis, OKRs",118067,156523,Product
Product Manager,Cinderhall Digital,Remote,Internship,"KPI Development, Kanban, Scrum, Data-Driven Decision Making, Product Discovery, Requirements Gathering, Customer Journey Mapping",81008,104689,Product
Principal Product Analyst,Ravenmoor Labs,"Seattle, WA",Part-time,"A/B Test Design, Competitive Analysis, OKRs, Kanban",158714,179339,Product
Lead UX Designer,Driftwood UX Lab,"Los Angeles, CA",Internship,"Persona Development, Figma Prototyping, Accessibility (WCAG), Adobe Illustrator",145666,158287,Design
Junior UI Designer,Cobalt Reach Labs,Remote,Internship,"Design Thinking, Design Critique Facilitation, Responsive Design, prototyping, design thinking",63461,75833,Design
Product Owner Manager,Ironvale Product,"New York, NY",Full-time,"Business Analysis, Product Management, Stakeholder Management, User Story Mapping, Agile Methodology, Data-Driven Decision Making, OKRs",129606,154947,Product
Senior Product Owner,Rowancroft Digital,Remote,Full-time,"Market Research, Product Management, A/B Test Design, Stakeholder Management",114346,148182,Product
Senior Platform Product Manager,Meridian Crest Product,"Chicago, IL",Contract,"KPI Development, SAFe (Scaled Agile Framework), Market Research, Customer Journey Mapping, Competitive Analysis, User Story Mapping, Data-Driven Decision Making, Stakeholder Management",105176,151701,Product
Lead Associate Product Manager,Wrenfield UX Co,"Denver, CO",Internship,"Requirements Gathering, Stakeholder Management, Scrum, Product Discovery, Competitive Analysis, Feature Prioritization, Git",145473,157448,Product
Senior UX/UI Designer,Marlowe Bridge Product,"Chicago, IL",Part-time,"User Research, Accessibility (WCAG), Design Critique Facilitation",113874,151732,Design
Junior UX Researcher,Cedarfall Product Co,"Portland, OR",Full-time,"Figma, Figma Prototyping, InVision, Miro, Interaction Design, Design Thinking, Information Architecture",65211,79010,Design
Platform Product Manager,Lucent Path Studio,Remote,Full-time,"Requirements Gathering, Scrum, Roadmap Planning, Agile Methodology, User Story Mapping, Kanban, Product Discovery, OKRs",122975,152731,Product
Intern Product Analyst,Brightloom Product,"Amsterdam, Netherlands",Internship,"Kanban, Requirements Gathering, Product Management, Customer Journey Mapping",22223,37257,Product
Growth Product Manager,Ironvale Product,"Berlin, Germany",Part-time,"SAFe (Scaled Agile Framework), Roadmap Planning, Kanban, OKRs, Competitive Analysis, Requirements Gathering",118855,160401,Product
Junior Product Manager,Redshale Design,"Austin, TX",Full-time,"Jira, Market Research, Product Management, Scrum, Competitive Analysis, Kanban, Stakeholder Management, Customer Journey Mapping",62368,78939,Product
Junior Product Analyst,Brightloom Product,"Austin, TX",Full-time,"Market Research, Data-Driven Decision Making, SAFe (Scaled Agile Framework)",61547,78406,Product
Senior Platform Product Manager,Halcyon Grid Labs,Remote,Full-time,"Market Research, Agile Methodology, Jira, Product Discovery, User Story Mapping, Product Management, Customer Journey Mapping, Scrum",109112,141249,Product
Senior Associate Product Manager,Sterling Vale Tech,"San Francisco, CA",Part-time,"Requirements Gathering, Scrum, Product Discovery, Kanban, Roadmap Planning, Data-Driven Decision Making, Feature Prioritization, SAFe (Scaled Agile Framework), OKRs",115747,130100,Product
Senior UX Designer,Everline Studio,"New York, NY",Full-time,"Usability Testing, Responsive Design, Figma Prototyping, Design Critique Facilitation, Roadmap Planning",119912,153425,Design
Intern Product Designer,Bluepeak UX Studio,Remote,Internship,"Figma Prototyping, Interaction Design, Sketch, Adobe Illustrator, User Research, Figma, Accessibility (WCAG), Git",25030,40365,Design
Lead Interaction Designer,Willowmere Digital,Remote,Part-time,"Motion Design, Figma Prototyping, Wireframing, Design Critique Facilitation, Accessibility (WCAG), Design Systems, Prototyping, Persona Development, OKRs",146339,168280,Design
Lead Product Designer,Redshale Design,Singapore,Full-time,"Adobe Illustrator, Design Thinking, Design Systems, Information Architecture",138162,169601,Design
Intern Growth Product Manager,Windmere Studio,"Boston, MA",Full-time,"Business Analysis, A/B Test Design, Feature Prioritization, Roadmap Planning, OKRs",25276,41420,Product
Lead Product Designer,Brightloom Product,Remote,Full-time,"Sketch, Design Critique Facilitation, Interaction Design, User Research, Persona Development, Usability Testing, Stakeholder Management",145597,159796,Design
Junior UX Designer,Hazelwick Design,Remote,Contract,"Adobe Illustrator, Responsive Design, Prototyping, Adobe Photoshop, Wireframing",60459,82399,Design
Principal Visual Designer,Mistwood Labs,"New York, NY",Internship,"Adobe Photoshop, Accessibility Design, Wireframing, Accessibility (WCAG), Design Thinking, Sketch, Usability Testing",156483,190707,Design
Intern Product Analyst,Moonfern Studio,"Bangalore, India",Full-time,"KPI Development, Kanban, Scrum, Feature Prioritization, Jira, User Story Mapping, Data-Driven Decision Making",22557,35769,Product
Associate Product Manager,Hazelwick Design,"Sydney, Australia",Full-time,"Competitive Analysis, Market Research, Kanban, Product Management, Business Analysis, Stakeholder Management",124807,154861,Product
Intern Product Analyst,Basalt Grove Product,Remote,Full-time,"Data-Driven Decision Making, Stakeholder Management, Requirements Gathering, SAFe (Scaled Agile Framework), OKRs",27838,41167,Product
Lead Platform Product Manager,Duneshore Digital,Remote,Full-time," OKRs , Requirements Gathering,  Agile Methodology , Excel",143530,173872,Product
Junior Product Manager,Rustling Oak Studio,"Sydney, Australia",Full-time,"Scrum, Roadmap Planning, Business Analysis, Stakeholder Management",65033,75141,Product
Associate Product Manager,Ashenfall Product Co,"Seattle, WA",Full-time,"Business Analysis, OKRs, Roadmap Planning",82240,106607,Product
Staff UX Researcher,Sterling Vale Tech,"Austin, TX",Full-time,"Design Systems, Responsive Design, Information Architecture",145451,164270,Design
Lead Product Manager,Thornbury Digital,"Dublin, Ireland",Full-time,"Jira, Business Analysis, A/B Test Design, KPI Development, Customer Journey Mapping, Stakeholder Management, User Story Mapping, Vendor Management",136576,166173,Product
Product Designer,Copperhaven UX,"Boston, MA",Contract,"Wireframing, Information Architecture, Usability Testing, User Research",83952,98348,Design
Junior Growth Product Manager,Driftwood UX Lab,"San Francisco, CA",Full-time,"Roadmap Planning, Customer Journey Mapping, Feature Prioritization, Product Discovery, OKRs, Kanban, Excel",56681,76301,Product
Senior Platform Product Manager,Pinehollow UX,"San Francisco, CA",Full-time,"Market Research, SAFe (Scaled Agile Framework), Business Analysis, User Story Mapping, Product Discovery, Competitive Analysis, Product Management, Stakeholder Management, Agile Methodology",111665,144351,Product
Senior Product Owner,Ironwood Systems,"Seattle, WA",Full-time,"Scrum, Data-Driven Decision Making, Stakeholder Management, Product Discovery",118869,141681,Product
Intern UX/UI Designer,Timberlyn Product Co,Remote,Internship,"Accessibility Design, Design Critique Facilitation, Design Systems, Prototyping, Responsive Design, Adobe XD, UI Design, Interpersonal Skills",25122,40975,Design
Product Manager,Cobalt Reach Labs,Remote,Full-time,"Business Analysis, OKRs, Stakeholder Management, Feature Prioritization, Git",79770,101040,Product
Associate Product Manager,Fieldstone Digital Labs,"Denver, CO",Full-time,"Competitive Analysis, data-driven decision making, A/B Test Design, Kanban",125585,146325,Product
Junior Product Designer,Ashgrove Product,"London, UK",Full-time,"Motion Design, Responsive Design, User Research, Wireframing, Interaction Design, Excel",60366,76669,Design
Principal UI Designer,Emberline Studio,"Sydney, Australia",Full-time,"Responsive Design, Design Systems, Accessibility Design, Interaction Design, Adobe XD, Wireframing, Information Architecture, Roadmap Planning, Agile Methodology",145362,185658,Design
Intern Platform Product Manager,Crestline Digital,Singapore,Full-time,"Feature Prioritization, Product Discovery, Requirements Gathering, Business Analysis, Data-Driven Decision Making",28590,35397,Product
Senior Platform Product Manager,Sterling Vale Tech,"San Francisco, CA",Full-time,"A/B Test Design, Competitive Analysis, OKRs, Kanban, KPI Development, Stakeholder Management, Confluence",114362,152958,Product
Junior Visual Designer,Pinehollow UX,Remote,Full-time,"Accessibility (WCAG), Accessibility Design, User Research, Figma, UX Research, Design Thinking, Prototyping, Stakeholder Management",57374,83085,Design
Lead UX Designer,Granite Loop Studio,"Toronto, Canada",Full-time,"Persona Development, Figma Prototyping, Responsive Design, Figma, Miro, Stakeholder Management, Confluence",133022,171719,Design
Interaction Designer,Stonebridge Product Co,Remote,Full-time,"Adobe XD, Prototyping, Accessibility Design, Design Thinking, Information Architecture, InVision, Sketch, Stakeholder Management",85458,100194,Design
Lead Product Analyst,Sagebrush Labs,Remote,Internship,"Data-Driven Decision Making, SAFe (Scaled Agile Framework), OKRs, Kanban, Communication",133759,170183,Product
Staff Interaction Designer,Moonfern Studio,"Dublin, Ireland",Full-time,"Design Systems, Prototyping, Design Critique Facilitation",147140,160026,Design
Staff Product Designer,Everline Studio,"Bangalore, India",Full-time,"Miro, UI Design, Responsive Design, Persona Development, Accessibility Design, UX Research",138802,176496,Design
Lead Platform Product Manager,Fieldstone Digital Labs,Remote,Full-time,"Requirements Gathering, Kanban, Agile Methodology, Scrum, Stakeholder Management, A/B Test Design, KPI Development",132453,164085,Product
Associate Product Manager,Vertex Cloud Labs,Remote,Full-time,"OKRs, Jira, Market Research, User Story Mapping, Kanban, Git",89351,102420,Product
Junior Growth Product Manager,Sable Ridge Labs,"San Francisco, CA",Full-time,"SAFe (Scaled Agile Framework), PRODUCT MANAGEMENT,   Scrum, Agile Methodology, Feature Prioritization, User Story Mapping, Kanban, Competitive Analysis, feature prioritization",60542,83574,Product
Product Analyst Manager,Pinehollow UX,Remote,Full-time,"Product Management, Requirements Gathering, Business Analysis, OKRs, Kanban, Feature Prioritization, Stakeholder Management, Customer Journey Mapping",125920,162789,Product
Lead Product Owner,Brightloom Product,"Portland, OR",Full-time,"Agile Methodology, A/B Test Design, Product Management, Product Discovery, Scrum, Customer Journey Mapping, Stakeholder Management, Vendor Management",133068,176214,Product
Junior Product Analyst,Granite Loop Studio,"Amsterdam, Netherlands",Full-time,"Agile Methodology, Scrum, Competitive Analysis, KPI Development, Data-Driven Decision Making, Excel",59420,77808,Product
Product Owner Manager,Northfall Interactive,"Denver, CO",Full-time,"Competitive Analysis, Product Discovery, OKRs, Scrum, Feature Prioritization, Requirements Gathering, Data-Driven Decision Making, Market Research, Vendor Management, Communication",118128,144874,Product
UX Researcher,Redshale Design,"Amsterdam, Netherlands",Full-time,"Usability Testing, Sketch, Interaction Design, Design Critique Facilitation, Adobe XD, Design Thinking, Agile Methodology",78016,107763,Design
Principal Interaction Designer,Wispcraft UX,"Boston, MA",Contract,"Persona Development, Design Thinking, Design Critique Facilitation, Miro, OKRs",158772,190810,Design
Senior Product Manager,Wispcraft UX,"Amsterdam, Netherlands",Full-time,"User Story Mapping, Product Management, A/B Test Design, KPI Development, OKRs, Customer Journey Mapping, Agile Methodology, Feature Prioritization, Vendor Management, Excel",110025,131531,Product
Junior Interaction Designer,Rustling Oak Studio,"Berlin, Germany",Full-time,"InVision, Design Critique Facilitation, Design Systems, UX Research, Usability Testing, Agile Methodology",62180,74916,Design
Junior Platform Product Manager,Basalt Grove Product,Remote,Full-time,"Kanban, Stakeholder Management, Data-Driven Decision Making",59257,72753,Product
Senior UX/UI Designer,Quartzline Product Co,"Seattle, WA",Full-time,"Adobe XD, User Research, UI Design, Motion Design, Figma Prototyping, OKRs, Confluence",112263,141759,Design
Intern Associate Product Manager,Ashgrove Product,"Portland, OR",Internship,"OKRs, Market Research, Customer Journey Mapping, Data-Driven Decision Making, KPI Development, User Story Mapping, Product Management",26578,34543,Product
Principal Associate Product Manager,Ironwood Systems,"Amsterdam, Netherlands",Full-time,"A/B Test Design, User Story Mapping, KPI Development, Roadmap Planning, Competitive Analysis",151617,188438,Product
Staff Visual Designer,Stonebridge Product Co,"Sydney, Australia",Part-time,"Motion Design, User Research, Usability Testing, Prototyping, Accessibility Design, Design Systems, Accessibility (WCAG), Miro, Interpersonal Skills",139329,169303,Design
Intern Growth Product Manager,Hazelwick Design,Remote,Full-time,"User Story Mapping, Business Analysis, Competitive Analysis, Requirements Gathering, A/B Test Design, Roadmap Planning, Kanban, Customer Journey Mapping",26081,37031,Product
Lead Product Owner,Lucent Path Studio,Remote,Full-time,"Business Analysis, Requirements Gathering, OKRs, A/B Test Design, Product Discovery, Interpersonal Skills",145488,157018,Product
Senior Product Owner,Vertex Cloud Labs,"Amsterdam, Netherlands",Full-time,"Product Management, Scrum, Roadmap Planning, Jira, Competitive Analysis, KPI Development",112258,134446,Product
Junior Visual Designer,Harborlight UX,"San Francisco, CA",Full-time,"Figma Prototyping, Information Architecture, Miro, Confluence",56359,80265,Design
Principal Growth Product Manager,Pinehollow UX,"New York, NY",Full-time,"Competitive Analysis, Kanban, Scrum, OKRs, Agile Methodology, Stakeholder Management",150626,174511,Product
Intern Technical Product Manager,Mistwood Labs,"Atlanta, GA",Internship,"A/B Test Design, Competitive Analysis, Scrum, Agile Methodology",26885,41336,Product
Principal Product Owner,Pinecrest Digital,"Denver, CO",Part-time,"Business Analysis, KPI Development, Market Research, Stakeholder Management",156881,182341,Product
Lead UX Designer,Fieldstone Digital Labs,Remote,Full-time,"Responsive Design, Design Thinking, Accessibility Design",133042,158495,Design
Senior Interaction Designer,Vertex Cloud Labs,"Berlin, Germany",Full-time,"Responsive Design, Information Architecture, Design Thinking, Interaction Design, Design Critique Facilitation, Prototyping, Figma, OKRs",121304,137873,Design
Principal UX Designer,Alderwood Labs,Remote,Full-time,"User Research, InVision, Miro, Sketch, Accessibility (WCAG)",149900,176228,Design
Lead UX Researcher,Nova Harbor Design,"Bangalore, India",Full-time,"Figma Prototyping, Design Thinking, Information Architecture, UX Research, Persona Development, Prototyping, Accessibility (WCAG)",144804,173298,Design
Staff UX/UI Designer,Nova Harbor Design,"New York, NY",Internship,"Adobe XD, Adobe Illustrator, Design Systems, Persona Development, User Research, Accessibility (WCAG)",138929,177367,Design
Product Owner,Goldleaf Product Studio,"Denver, CO",Full-time,"Product Management, Roadmap Planning, Requirements Gathering, A/B Test Design, OKRs, Competitive Analysis, Data-Driven Decision Making, Excel",82387,98298,Product
Junior Associate Product Manager,Ravenmoor Labs,"San Francisco, CA",Internship,"OKRs, SAFe (Scaled Agile Framework), Competitive Analysis, Roadmap Planning, User Story Mapping, Confluence",62493,79708,Product
Intern Product Manager,Larkspur Product Co,"Amsterdam, Netherlands",Part-time,"Competitive Analysis, Product Discovery, Data-Driven Decision Making, User Story Mapping, Jira",22797,38939,Product
Senior Product Designer,Vertex Cloud Labs,"Boston, MA",Internship,"Accessibility (WCAG), User Research, Sketch, Design Systems, Wireframing, Responsive Design, OKRs, Communication",107055,137677,Design
Junior UX Researcher,Brightfern Studio,"Seattle, WA",Full-time,"Figma, Design Systems, Interaction Design, Miro, Accessibility Design, Accessibility (WCAG), Communication",61591,77865,Design
Intern Product Designer,Goldleaf Product Studio,Singapore,Contract,"Figma Prototyping, Adobe Illustrator, Responsive Design, Wireframing, UX Research, User Research, Usability Testing",26710,36248,Design
Intern Product Designer,Rustling Oak Studio,"Sydney, Australia",Internship,"InVision, Interaction Design, Adobe XD",23553,36799,Design
Junior Product Owner,Clearwater UX Studio,"Amsterdam, Netherlands",Full-time,"Roadmap Planning, Agile Methodology, Scrum, Requirements Gathering, SAFe (Scaled Agile Framework), Product Management, Data-Driven Decision Making",59885,76302,Product
Principal Product Designer,Rowancroft Digital,Remote,Contract,"Design Critique Facilitation, Design Thinking, Accessibility Design, Figma, Interaction Design, User Research, Design Systems",150345,187238,Design
Lead UX Designer,Harborlight UX,Remote,Full-time,"UX Research, Miro, Information Architecture, Sketch, Accessibility Design, Prototyping, Figma Prototyping, Stakeholder Management",136711,156015,Design
Principal Technical Product Manager,Onyx Bridge Tech,"Chicago, IL",Part-time,"Customer Journey Mapping, Market Research, Requirements Gathering, A/B Test Design, Feature Prioritization, Scrum, Kanban",150975,190917,Product
Junior UX Designer,Ashgrove Product,"Chicago, IL",Full-time,"Figma, Design Systems, UX Research, Wireframing",62816,80396,Design
Lead Technical Product Manager,Crestline Digital,"New York, NY",Full-time,"Market Research, Jira, Requirements Gathering, KPI Development, SAFe (Scaled Agile Framework), Stakeholder Management",142436,167348,Product
Platform Product Manager,Silverbrook Design,"Berlin, Germany",Full-time,"Customer Journey Mapping, Roadmap Planning, Product Discovery, KPI Development, Data-Driven Decision Making, Scrum, User Story Mapping",81788,105815,Product
Intern Growth Product Manager,Timberlyn Product Co,"Boston, MA",Internship,"Data-Driven Decision Making, Scrum, Jira, Business Analysis, SAFe (Scaled Agile Framework), User Story Mapping, Kanban, Agile Methodology",26872,37602,Product
Senior Product Analyst,Ashgrove Product,Remote,Full-time,"Product Management, Customer Journey Mapping, Data-Driven Decision Making, Jira, Product Discovery, Roadmap Planning, Requirements Gathering, OKRs, Communication",118852,152624,Product
Lead Product Manager,Basalt Grove Product,Remote,Full-time,"Product Discovery, KPI Development, OKRs, Jira, Stakeholder Management, Product Management, Requirements Gathering, Vendor Management",143238,162378,Product
Principal Product Analyst,Aldergate Product,Remote,Full-time,"Scrum, KPI Development, Customer Journey Mapping, Jira, Market Research, Stakeholder Management",148316,176054,Product
Senior UX Researcher,Alderwood Labs,"New York, NY",Full-time,"User Research, Figma, Figma Prototyping, UI Design",110096,130582,Design
Principal Product Designer,Hollowreed Design,Remote,Contract,"Usability Testing, User Research, Design Thinking, Responsive Design, Motion Design, Information Architecture, Persona Development, Prototyping, Stakeholder Management",146496,191770,Design
Principal Product Owner,Hollowreed Design,Remote,Internship,"Jira, Competitive Analysis, Customer Journey Mapping, A/B Test Design, User Story Mapping, Kanban, SAFe (Scaled Agile Framework), OKRs",156760,175837,Product
Principal Product Manager,Northfall Interactive,"Toronto, Canada",Full-time,"Agile Methodology, Market Research, Jira, Roadmap Planning, Stakeholder Management",147627,174416,Product
Intern Technical Product Manager,Timberlyn Product Co,"Austin, TX",Internship,"SAFe (Scaled Agile Framework), Roadmap Planning, Customer Journey Mapping",28481,34399,Product
Junior Associate Product Manager,Ashenfall Product Co,"Toronto, Canada",Full-time,"Data-Driven Decision Making, Roadmap Planning, Business Analysis, Feature Prioritization, KPI Development, User Story Mapping, Kanban",62708,73873,Product
Lead UX Designer,Ashenfall Product Co,"Dublin, Ireland",Contract,"Design Thinking, Adobe Illustrator, Figma, Adobe Photoshop, UI Design, Wireframing, Accessibility Design, Stakeholder Management",138536,177781,Design
Staff UI Designer,Brightfern Studio,Remote,Full-time,"Miro, RESPONSIVE DESIGN, Persona Development, Design Critique Facilitation, Sketch, Design Systems, User Research, Vendor Management, responsive design",144597,165025,Design
Lead UX Designer,Pinecrest Digital,Remote,Full-time,"Adobe Illustrator, Accessibility (WCAG), Accessibility Design, Adobe XD, Interpersonal Skills",144004,164011,Design
Lead UX Designer,Cedarfall Product Co,"Boston, MA",Internship,"Design Thinking, Adobe Illustrator, Persona Development, UI Design, Adobe XD, InVision, UX Research, Roadmap Planning",136183,164129,Design
Junior Technical Product Manager,Copperfield UX,"Seattle, WA",Full-time,"Product Management, Stakeholder Management, Product Discovery, Customer Journey Mapping, User Story Mapping, Roadmap Planning, Business Analysis",59231,80819,Product
Senior UX Designer,Duskridge Digital,"Atlanta, GA",Full-time,"Design Critique Facilitation, Design Systems, Accessibility Design, UI Design, InVision, Confluence",117260,146730,Design
Staff UX Designer,Palewind Interactive,Remote,Full-time,"InVision, Usability Testing, Responsive Design, Information Architecture, Figma Prototyping, Miro, UX Research, Motion Design, Git",144541,180668,Design
Platform Product Manager,Duskridge Digital,"Seattle, WA",Internship,"Competitive Analysis, User Story Mapping, Stakeholder Management, KPI Development, Kanban, SAFe (Scaled Agile Framework), Interpersonal Skills",83612,101569,Product
Senior Growth Product Manager,Mistwood Labs,"Austin, TX",Part-time,"Roadmap Planning, Data-Driven Decision Making, SAFe (Scaled Agile Framework), KPI Development, Stakeholder Management",106995,145150,Product
Principal UX Designer,Marlowe Bridge Product,"Atlanta, GA",Part-time,"UX Research, Accessibility (WCAG), Design Systems, User Research, Vendor Management, Git",145992,177790,Design
Lead Visual Designer,Clearwater UX Studio,"Amsterdam, Netherlands",Full-time,"Design Systems, Design Thinking, Figma, Stakeholder Management",137805,160711,Design
Intern Visual Designer,Ravenmoor Labs,"New York, NY",Full-time,"InVision, Adobe Illustrator, Design Thinking, Design Critique Facilitation",23382,41530,Design
Junior Platform Product Manager,Glimmerwell Labs,"San Francisco, CA",Full-time,"Scrum, Data-Driven Decision Making, Customer Journey Mapping, Competitive Analysis",63574,82061,Product
Junior Growth Product Manager,Bluepeak UX Studio,"Sydney, Australia",Full-time,"Feature Prioritization, A/B Test Design, SAFe (Scaled Agile Framework), Business Analysis, Communication",63702,75461,Product
UI Designer,Cloverfield UX Studio,"Sydney, Australia",Full-time,"Design Critique Facilitation, User Research, UI Design, Miro, UX Research, Interpersonal Skills",80169,99183,Design
Intern UX Designer,Clearwater UX Studio,Remote,Internship,"Design Systems, Information Architecture, Adobe Illustrator, UI Design, Usability Testing, Design Thinking",29201,39229,Design
Junior Platform Product Manager,Emberline Studio,"Sydney, Australia",Part-time,"Customer Journey Mapping, Scrum, Market Research, Product Management, Kanban, Stakeholder Management",60062,83060,Product
Senior UX Designer,Alderwood Labs,Remote,Contract,"Information Architecture, Usability Testing, Miro, Interaction Design, Figma, Accessibility (WCAG), Adobe Illustrator, Responsive Design, Stakeholder Management",119531,133063,Design
Lead UX Researcher,Quartzline Product Co,Remote,Full-time,"User Research, Miro, Wireframing, Prototyping, Adobe Illustrator, UX Research, Roadmap Planning",141321,173751,Design
Staff UX Designer,Marrow Peak Tech,"New York, NY",Full-time,"Figma Prototyping, Interaction Design, Accessibility Design, Excel",148282,176283,Design
Intern Product Manager,Copperhaven UX,"Boston, MA",Full-time,"Stakeholder Management, Scrum, SAFe (Scaled Agile Framework), Roadmap Planning, User Story Mapping, Requirements Gathering",28807,39212,Product
Principal UI Designer,Ironwood Systems,"Austin, TX",Internship,"Design Systems, Prototyping, Usability Testing, Communication",149481,187167,Design
Lead Product Owner,Marlowe Bridge Product,"Los Angeles, CA",Full-time,"Data-Driven Decision Making, A/B Test Design, User Story Mapping, Business Analysis, Stakeholder Management, Feature Prioritization, Customer Journey Mapping",140994,158422,Product
Junior Product Owner,Duskridge Digital,"Toronto, Canada",Full-time,"A/B Test Design, Product Discovery, Roadmap Planning, Stakeholder Management, Kanban, Product Management, Excel",61692,78509,Product
Lead UX Designer,Onyx Bridge Tech,"Portland, OR",Part-time,"Responsive Design, User Research, Wireframing, Prototyping, Persona Development, Vendor Management",132265,166489,Design
Lead Growth Product Manager,Cinderhall Digital,"Boston, MA",Full-time,"Stakeholder Management, Market Research, Competitive Analysis, Kanban, Communication",133302,159760,Product
Senior UX/UI Designer,Marrow Peak Tech,"Dublin, Ireland",Full-time,"InVision, Design Critique Facilitation, Figma Prototyping, Information Architecture, Accessibility Design",107773,142555,Design
Associate Product Manager,Palewind Interactive,Singapore,Contract,"Customer Journey Mapping, Stakeholder Management, Market Research, Kanban, Requirements Gathering, Feature Prioritization",79287,108125,Product
Principal Product Owner,Bramblewood Studio,"London, UK",Full-time,"Stakeholder Management, Market Research, Customer Journey Mapping, Agile Methodology, Jira,  Vendor Management , GIT, git",149513,185462,Product
Growth Product Manager,Basalt Grove Product,Remote,Contract,"Data-Driven Decision Making, Requirements Gathering, SAFe (Scaled Agile Framework), User Story Mapping",84822,112362,Product
Senior Product Owner,Copperfield UX,"Toronto, Canada",Full-time,"A/B Test Design, Market Research, SCRUM, Product Discovery, Stakeholder Management, Business Analysis,  OKRs , Requirements Gathering, market research",112444,141074,Product
Lead Associate Product Manager,Duneshore Digital,Remote,Contract,"User Story Mapping, Product Discovery, Data-Driven Decision Making, Requirements Gathering, OKRs, Agile Methodology",146355,159739,Product
Lead Product Designer,Hazelwick Design,"Los Angeles, CA",Internship,"Responsive Design, Usability Testing, Prototyping, Figma Prototyping, Accessibility Design, Stakeholder Management",146331,160493,Design
Lead UX Designer,Ashgrove Product,"Dublin, Ireland",Full-time,"Sketch, User Research, Adobe XD, Usability Testing",138887,165168,Design
Lead Platform Product Manager,Rowancroft Digital,"Los Angeles, CA",Internship,"Business Analysis, A/B Test Design, Kanban, User Story Mapping, Product Discovery, Market Research, OKRs",142678,168252,Product
Intern Growth Product Manager,Wispcraft UX,"Boston, MA",Internship,"Kanban, Business Analysis, Agile Methodology, SAFe (Scaled Agile Framework)",27491,35090,Product
Principal Product Analyst,Duskridge Digital,"Berlin, Germany",Internship,"Scrum, SAFe (Scaled Agile Framework), Jira, KANBAN, Roadmap Planning, communication",155755,183503,Product
UX Researcher,Northfall Interactive,"Dublin, Ireland",Internship,"Design Systems, Usability Testing, Responsive Design, Adobe Illustrator, Interaction Design, Figma Prototyping, Accessibility Design, Stakeholder Management",86734,99687,Design
Growth Product Manager,Alderwood Labs,Remote,Internship,"Agile Methodology, Scrum, Jira, Product Management, KPI Development, Requirements Gathering, Stakeholder Management, Excel",127199,150710,Product
Associate Product Manager,Onyx Bridge Tech,"Sydney, Australia",Full-time,"OKRs, Market Research, Competitive Analysis, KPI Development, Data-Driven Decision Making",121453,155940,Product
Principal Technical Product Manager,Frostvale Design Labs,"Toronto, Canada",Full-time,"Kanban, Roadmap Planning, SAFe (Scaled Agile Framework), Jira, Product Discovery, Stakeholder Management, Market Research, OKRs, Interpersonal Skills",149522,187617,Product
Lead Interaction Designer,Meridian Crest Product,"Sydney, Australia",Full-time,"Responsive Design, PERSONA DEVELOPMENT, Wireframing, Figma Prototyping, User Research, Usability Testing, Information Architecture, Design Thinking, INTERPERSONAL SKILLS",140757,166840,Design
Technical Product Manager,Marrow Peak Tech,"Atlanta, GA",Full-time,"Data-Driven Decision Making, Jira, Stakeholder Management, Product Discovery, Competitive Analysis, OKRs",122259,147569,Product
Lead Technical Product Manager,Granite Loop Studio,"Amsterdam, Netherlands",Full-time,"KPI Development, Competitive Analysis, SAFe (Scaled Agile Framework), Stakeholder Management",140898,156835,Product
Intern UX Researcher,Pinecrest Digital,"Denver, CO",Full-time,"Design Systems, Responsive Design, Design Critique Facilitation, Interaction Design, Sketch, Adobe XD, Accessibility Design, Figma Prototyping, Git",24439,35806,Design
Lead Product Manager,Vertex Cloud Labs,"Bangalore, India",Part-time,"Product Management, KPI Development, Data-Driven Decision Making, Stakeholder Management",133888,167268,Product
Lead Associate Product Manager,Windmere Studio,"Sydney, Australia",Full-time,"Requirements Gathering, Competitive Analysis, Product Management, Market Research",144817,157007,Product
Senior UX Researcher,Marlowe Bridge Product,"Austin, TX",Full-time,"User Research, Design Thinking, Adobe Photoshop, Accessibility (WCAG), Responsive Design, Usability Testing, Motion Design, OKRs, Interpersonal Skills",105443,138903,Design
Lead Product Analyst,Pinecrest Digital,Remote,Full-time,"Customer Journey Mapping, SAFe (Scaled Agile Framework), Agile Methodology, Kanban",134540,169200,Product
Principal Platform Product Manager,Pinehollow UX,Remote,Full-time,"Requirements Gathering, Roadmap Planning, Product Discovery, Customer Journey Mapping, Agile Methodology",156253,186151,Product
Junior Associate Product Manager,Stonebridge Product Co,Remote,Internship,"Stakeholder Management, Feature Prioritization, Data-Driven Decision Making, Kanban, Competitive Analysis, Requirements Gathering, Roadmap Planning, Product Management",59478,76035,Product
Staff Interaction Designer,Foxglove Product Co,Singapore,Full-time,"Interaction Design, Miro, Adobe Photoshop, InVision, Wireframing, User Research, Roadmap Planning, Communication",141170,170956,Design
Principal Product Analyst,Vertex Cloud Labs,Remote,Full-time,"Customer Journey Mapping, SAFe (Scaled Agile Framework), Competitive Analysis, Kanban, KPI Development",149578,173729,Product
Principal Product Owner,Rustling Oak Studio,"Berlin, Germany",Full-time,"OKRs, Business Analysis, Product Discovery, Requirements Gathering, Jira, Stakeholder Management, Feature Prioritization, Roadmap Planning",152460,187814,Product
Staff UI Designer,Duneshore Digital,Singapore,Full-time,"Prototyping, UX Research, Miro, Adobe Illustrator, Accessibility (WCAG), Figma Prototyping, Vendor Management",147502,176713,Design
Principal UI Designer,Crestline Digital,"Atlanta, GA",Full-time,"Design Thinking, Design Systems, Design Critique Facilitation, Figma, Responsive Design, Miro",150367,188283,Design
Junior Associate Product Manager,Slate Fox Product,"Toronto, Canada",Full-time,"Scrum, Roadmap Planning, Jira, USER STORY MAPPING",57980,79220,Product
Staff Interaction Designer,Marrow Peak Tech,"Sydney, Australia",Full-time,"Adobe XD, Design Systems, User Research, Figma Prototyping, Figma, Usability Testing, Stakeholder Management",140919,163112,Design
Associate Product Manager,Gladewind Labs,Remote,Contract,"Market Research, OKRs, Kanban, Stakeholder Management, SAFe (Scaled Agile Framework), Data-Driven Decision Making",118592,153841,Product
Associate Product Manager,Mistwood Labs,"Sydney, Australia",Full-time,"Jira, Product Discovery, Market Research",84320,102313,Product
Principal Product Designer,Everline Studio,"Berlin, Germany",Full-time,"Information Architecture, Accessibility Design, Motion Design, Sketch",158571,185751,Design
Lead Platform Product Manager,Cedarfall Product Co,"Denver, CO",Internship,"KPI Development, A/B Test Design, Requirements Gathering",135114,169505,Product
Technical Product Manager,Aldergate Product,"Amsterdam, Netherlands",Full-time,"Product Discovery, Kanban, Data-Driven Decision Making, Roadmap Planning",84883,100916,Product
Product Manager,Cedarfall Product Co,"Boston, MA",Full-time,"Customer Journey Mapping, Feature Prioritization, A/B Test Design, Competitive Analysis, Product Discovery, Market Research, Vendor Management",126270,156897,Product
Intern Technical Product Manager,Windmere Studio,"London, UK",Internship,"KPI Development, Requirements Gathering, Customer Journey Mapping, Kanban, Product Management, Business Analysis, Stakeholder Management, Scrum, Excel",23519,35823,Product
Senior Product Manager,Copperfield UX,"Austin, TX",Full-time,"Scrum, OKRs, Agile Methodology, Market Research, Product Discovery",111848,138152,Product
Lead UX Designer,Ironvale Product,Remote,Full-time,"Design Critique Facilitation, information architecture, RESPONSIVE DESIGN, Persona Development, Motion Design, UX Research, Design Thinking, Usability Testing, Confluence, design thinking",142811,167094,Design
Lead Product Analyst,Hazelwick Design,Remote,Internship,"User Story Mapping, Product Discovery, Jira, Scrum, Stakeholder Management, Vendor Management",147752,166413,Product
Product Manager,Northfall Interactive,Remote,Contract,"Kanban, Customer Journey Mapping, Product Discovery, Scrum, Stakeholder Management, Communication",121200,154558,Product
Principal Product Manager,Ashenfall Product Co,"New York, NY",Full-time,"Stakeholder Management, Roadmap Planning, Jira, KPI Development, Competitive Analysis, Interpersonal Skills",158306,180449,Product
Principal Product Designer,Marlowe Bridge Product,"Sydney, Australia",Full-time,"Adobe XD, UI Design, Responsive Design, Design Thinking, Adobe Illustrator, InVision, Usability Testing, UX Research, Excel",145784,174977,Design
Staff UI Designer,Harborlight UX,"New York, NY",Full-time,"Motion Design, InVision, Design Critique Facilitation, Design Thinking, Adobe XD",141825,165702,Design
Principal Interaction Designer,Sagebrush Labs,"Boston, MA",Full-time,"Persona Development, Accessibility Design, Adobe Illustrator, Usability Testing",159940,173349,Design
Senior Associate Product Manager,Brightfern Studio,"Toronto, Canada",Full-time,"Product Management, OKRs, A/B Test Design, Data-Driven Decision Making, Customer Journey Mapping, Product Discovery, SAFe (Scaled Agile Framework), Market Research, Vendor Management, Git",118756,138202,Product
Lead UX/UI Designer,Cobblestone UX Co,"San Francisco, CA",Full-time,"Design Thinking, InVision, Design Systems, Figma, Wireframing",133273,175492,Design
Principal UI Designer,Ashenfall Product Co,"Amsterdam, Netherlands",Full-time,"UX Research, Responsive Design, Adobe Illustrator, InVision",149804,176857,Design
Intern Product Designer,Cobblestone UX Co,"San Francisco, CA",Internship,"Sketch, User Research, Design Critique Facilitation, Accessibility Design, Adobe Illustrator",23590,41087,Design
Staff Visual Designer,Basalt Grove Product,"Seattle, WA",Internship,"Motion Design, Sketch, Design Systems, Information Architecture, Interaction Design, Adobe Photoshop, UI Design",151333,181227,Design
Principal Growth Product Manager,Cragmoor Product,"Atlanta, GA",Internship,"A/B Test Design, Jira, Agile Methodology, Roadmap Planning, Data-Driven Decision Making, OKRs, Scrum, Vendor Management",158473,191425,Product
Product Owner Manager,Pinecrest Digital,"Bangalore, India",Full-time,"User Story Mapping, Product Management, KPI Development, SAFe (Scaled Agile Framework), Stakeholder Management, Confluence",120578,147091,Product
Senior Product Designer,Moonfern Studio,"Berlin, Germany",Contract,"Usability Testing, UX Research, Information Architecture, Sketch, Accessibility (WCAG), Figma, Adobe XD, Confluence",111307,132545,Design
Principal Product Analyst,Rowancroft Digital,"Portland, OR",Full-time,"Feature Prioritization, Roadmap Planning, Product Management, Agile Methodology, Competitive Analysis, Jira, OKRs",147338,191735,Product
Intern UX/UI Designer,Willowmere Digital,"Amsterdam, Netherlands",Full-time,"Accessibility (WCAG), Adobe Photoshop, Interaction Design, UX Research, Design Systems, Design Critique Facilitation, Git",26858,35001,Design
Lead Product Analyst,Brightloom Product,"Seattle, WA",Internship,"Product Discovery, OKRs, Kanban",139134,161903,Product
UX/UI Designer,Alderwood Labs,"Chicago, IL",Contract,"UI Design, Motion Design, Accessibility (WCAG), Interaction Design, Design Systems, Design Critique Facilitation, User Research, Information Architecture, Git",89790,110879,Design
Product Manager,Willowmere Digital,Remote,Full-time,"User Story Mapping, Roadmap Planning, Product Discovery, SAFe (Scaled Agile Framework), OKRs, Vendor Management",121567,167410,Product
Intern UX/UI Designer,Timberlyn Product Co,"Los Angeles, CA",Internship,"UX Research, Wireframing, Adobe XD, Adobe Photoshop, Responsive Design, Figma Prototyping, Usability Testing, Interpersonal Skills",27958,36466,Design
Product Analyst Manager,Ravenmoor Labs,"San Francisco, CA",Full-time,"Customer Journey Mapping, SAFe (Scaled Agile Framework), Feature Prioritization, Kanban, OKRs",125892,158838,Product
Junior Interaction Designer,Mistwood Labs,"Berlin, Germany",Full-time,"Figma, Sketch, InVision, UX Research, Adobe Illustrator, Information Architecture, Design Thinking, Responsive Design, Confluence",59074,73933,Design
Senior Associate Product Manager,Redshale Design,"Los Angeles, CA",Part-time,"Product Management, User Story Mapping, Competitive Analysis, SAFe (Scaled Agile Framework), OKRs",106804,143804,Product
UI Designer,Rustling Oak Studio,Singapore,Part-time,"Wireframing, UI Design, Usability Testing, Prototyping, Motion Design, Accessibility (WCAG), Adobe Photoshop, Responsive Design",79705,102870,Design
Staff Visual Designer,Thistle & Vane Design,"Boston, MA",Full-time,"Interaction Design, Design Critique Facilitation, Adobe XD, Usability Testing, OKRs, Excel",143031,176970,Design
Principal Product Analyst,Stonebridge Product Co,"Boston, MA",Full-time,"Scrum, Business Analysis, Agile Methodology, Kanban, OKRs",148710,186213,Product
Junior UX/UI Designer,Cedarfall Product Co,Remote,Full-time,"Persona Development, Design Thinking, Figma Prototyping, Adobe Illustrator, Prototyping, Wireframing, Accessibility Design, Excel",64325,72814,Design
Senior Growth Product Manager,Brightfern Studio,"Toronto, Canada",Full-time,"Scrum, SAFe (Scaled Agile Framework), Agile Methodology, Data-Driven Decision Making, Confluence",116328,133725,Product
Intern Product Designer,Duskridge Digital,"Sydney, Australia",Internship,"Motion Design, UI Design, Persona Development, Figma, User Research, Information Architecture, Agile Methodology",28273,34265,Design
Junior Product Manager,Pinehollow UX,"New York, NY",Full-time,"OKRs, Feature Prioritization, A/B Test Design",62266,72934,Product
Principal UI Designer,Wanderlight Labs,Remote,Internship,"Usability Testing, UX Research, Accessibility Design, Information Architecture, Figma Prototyping, Miro, Adobe XD, Sketch, Vendor Management",152522,171666,Design
Senior Product Owner,Duneshore Digital,Remote,Part-time,"Market Research, Scrum, Agile Methodology, OKRs",114475,150474,Product
Intern Product Manager,Sagebrush Labs,"Portland, OR",Internship,"Scrum, Jira, Customer Journey Mapping, Requirements Gathering, Product Discovery",23729,34710,Product
Principal Platform Product Manager,Crestline Digital,"Boston, MA",Internship,"Requirements Gathering, Market Research, OKRs, Product Discovery, Roadmap Planning, Stakeholder Management",154692,183275,Product
Visual Designer,Cinderhall Digital,Remote,Full-time,"Information Architecture, Miro, Figma Prototyping, Persona Development, Usability Testing, Confluence",81669,104183,Design
Junior Associate Product Manager,Everline Studio,"Boston, MA",Full-time,"Feature Prioritization, Jira, Business Analysis, Product Discovery",59869,82938,Product
Lead Growth Product Manager,Sterling Vale Tech,"San Francisco, CA",Full-time,"MARKET RESEARCH, Customer Journey Mapping, User Story Mapping, A/B Test Design, Agile Methodolgy, SAFe (Scaled Agile Framework), Kanban, Feature Prioritization, customer journey mapping",144028,176839,Product
Lead Product Designer,Windmere Studio,"New York, NY",Full-time,"Wireframing, InVision, Accessibility (WCAG), OKRs",138131,170202,Design
Intern Product Manager,Palewind Interactive,"Amsterdam, Netherlands",Internship,"OKRs, Business Analysis, A/B Test Design, Jira, Competitive Analysis, Product Discovery, Agile Methodology",28449,34514,Product
Growth Product Manager,Ravenmoor Labs,"Toronto, Canada",Full-time,"Market Research, Roadmap Planning, Jira, Product Management, Customer Journey Mapping, OKRs, Feature Prioritization, Vendor Management, Excel",119869,158308,Product
Senior UX Researcher,Pinehollow UX,"San Francisco, CA",Internship,"Interaction Design, UI Design, Accessibility (WCAG), Excel",106615,133877,Design
Principal Product Manager,Marrow Peak Tech,"San Francisco, CA",Internship," Product Discovery ,  Business Analysis , Agile Methodology, Competitive Analysis, Data-Driven Decision Making, SAFe (Scaled Agile Framework), competitive analysis",153243,186821,Product
Intern Growth Product Manager,Fernwave Collective,Singapore,Internship,"Agile Methodology, A/B Test Design, Market Research, Requirements Gathering, Business Analysis, Product Discovery, Competitive Analysis, Excel",26158,39353,Product
UX/UI Designer,Wrenfield UX Co,"Denver, CO",Part-time,"  Design Systems,  Figma Prototyping , UX Research",78839,100364,Design
Junior UX/UI Designer,Wanderlight Labs,Remote,Full-time,"Accessibility Design, Adobe Photoshop, UI Design, UX Research, Usability Testing, Sketch",65417,83279,Design
Principal UX Researcher,Cloverfield UX Studio,"Amsterdam, Netherlands",Full-time,"UX Research, Adobe Illustrator, Figma, Adobe Photoshop, Accessibility Design, Prototyping, Design Systems",145633,178360,Design
Senior Growth Product Manager,Rustling Oak Studio,"San Francisco, CA",Part-time,"Customer Journey Mapping, A/B Test Design, Roadmap Planning, Agile Methodology, Data-Driven Decision Making, Requirements Gathering, KPI Development, Market Research",119700,139419,Product
Junior UI Designer,Alderwood Labs,"Austin, TX",Full-time,"Information Architecture, InVision, User Research",65559,76475,Design
Senior Platform Product Manager,Bramblewood Studio,Remote,Internship,"Requirements Gathering, KPI Development, Agile Methodology, A/B Test Design, Business Analysis, OKRs",108572,147514,Product
Lead Product Analyst,Nova Harbor Design,Remote,Full-time,"SAFe (Scaled Agile Framework), OKRs,  User Story Mapping , KANBAN, Customer Journey Mapping",144208,174892,Product
Junior UX Researcher,Willowmere Digital,"Sydney, Australia",Full-time,"Interaction Design, Accessibility (WCAG), Sketch, Usability Testing",64627,80839,Design
Product Manager,Ravenmoor Labs,"Sydney, Australia",Full-time,"OKRs, Feature Prioritization, Product Management, Roadmap Planning, Requirements Gathering",117336,152142,Product
Staff UX Researcher,Slate Fox Product,"Portland, OR",Full-time,"Adobe Photoshop, User Research, Design Thinking, Design Systems, Roadmap Planning",149815,172119,Design
Intern Associate Product Manager,Bramblewood Studio,"Seattle, WA",Internship,"User Story Mapping, Stakeholder Management, Market Research, Jira, Competitive Analysis, Agile Methodology, KPI Development, Feature Prioritization",25342,41056,Product
Principal Product Owner,Onyx Bridge Tech,"Seattle, WA",Part-time,"Feature Prioritization, Customer Journey Mapping, Product Discovery, KPI Development, OKRs, Confluence",152259,169872,Product
Intern Technical Product Manager,Nova Harbor Design,"Amsterdam, Netherlands",Internship,"OKRs, Product Management, Feature Prioritization, Git",26603,37949,Product
Staff UX/UI Designer,Nightshade UX,Remote,Contract,"Accessibility (WCAG), Adobe XD, Design Systems, Information Architecture, Persona Development, Figma, Adobe Photoshop, Adobe Illustrator, Agile Methodology",144449,163201,Design
UX Designer,Pinehollow UX,Remote,Contract,"Adobe XD, Design Systems, Persona Development, Motion Design",89395,113060,Design
Lead Interaction Designer,Aldergate Product,Remote,Part-time,"Sketch, Design Critique Facilitation, InVision, Adobe XD, UX Research, Prototyping, Adobe Photoshop, Accessibility Design, Git",134040,174640,Design
Staff UX Researcher,Wispcraft UX,Remote,Full-time,"Wireframing, Design Critique Facilitation, UX Research, Design Systems, Roadmap Planning",146557,168861,Design
UX Designer,Gladewind Labs,Remote,Part-time,"Interaction Design, Prototyping, Adobe XD, Design Thinking, UI Design, Miro, Information Architecture, UX Research",91174,108027,Design
Principal UI Designer,Brightfern Studio,Remote,Internship,"Information Architecture, Figma Prototyping, Persona Development, UI Design, Stakeholder Management",153698,173363,Design
Principal Product Owner,Stonebridge Product Co,Singapore,Full-time,"Business Analysis, Scrum, Roadmap Planning, Agile Methodology, KPI Development, OKRs, Kanban, Feature Prioritization",147722,171700,Product
Senior Visual Designer,Marrow Peak Tech,"Austin, TX",Full-time,"UI Design, Design Systems, Accessibility (WCAG), Persona Development, Stakeholder Management, Git",106271,142222,Design
Intern UX Designer,Ironwood Systems,"Dublin, Ireland",Internship,"Motion Design, Design Critique Facilitation, Miro, Accessibility (WCAG), Information Architecture",26388,38729,Design
Junior Product Designer,Amberline Ventures,Remote,Full-time,"Design Systems, Figma, Design Thinking, Interaction Design, Adobe Photoshop, Adobe Illustrator, Adobe XD, Prototyping",61807,78336,Design
Junior UI Designer,Duneshore Digital,"New York, NY",Full-time,"Accessibility Design, Adobe Photoshop, User Research, Prototyping, Figma Prototyping, UX Research",63657,74260,Design
Product Analyst Manager,Wrenfield UX Co,"Atlanta, GA",Internship,"Data-Driven Decision Making, Feature Prioritization, Jira, Stakeholder Management, Excel",129792,141693,Product
Staff UX Researcher,Sable Ridge Labs,"Boston, MA",Part-time,"Usability Testing, Adobe XD, Persona Development, Prototyping, Responsive Design, Wireframing, Interaction Design, Stakeholder Management, Confluence",147230,175280,Design
Product Analyst,Cinderhall Digital,"Bangalore, India",Internship,"Customer Journey Mapping, A/B Test Design, Competitive Analysis, Jira, User Story Mapping, Business Analysis, Requirements Gathering, Market Research, Stakeholder Management",79688,103065,Product
Lead Product Manager,Kestrel Bay Design,Singapore,Contract,"Product Management, Customer Journey Mapping, Business Analysis, Feature Prioritization, Market Research, Data-Driven Decision Making, Requirements Gathering",134096,170370,Product
Associate Product Manager,Larkspur Product Co,"San Francisco, CA",Internship,"SAFe (Scaled Agile Framework), Data-Driven Decision Making, Feature Prioritization, Excel",88740,106170,Product
Lead UX/UI Designer,Hazelwick Design,"Los Angeles, CA",Full-time,"User Research, Accessibility (WCAG), Adobe Illustrator, Responsive Design, InVision, Vendor Management, Confluence",134432,164943,Design
Principal Associate Product Manager,Pinehollow UX,"Sydney, Australia",Full-time,"Scrum, Feature Prioritization, OKRs, Stakeholder Management, Customer Journey Mapping, Confluence",147753,178609,Product
Principal Product Analyst,Stonebridge Product Co,"Denver, CO",Contract,"Customer Journey Mapping, Business Analysis, A/B Test Design, KPI Development, Data-Driven Decision Making, Product Management, Roadmap Planning",153065,190661,Product
Intern Technical Product Manager,Gladewind Labs,Remote,Internship,"Stakeholder Management, Data-Driven Decision Making, Jira, Feature Prioritization, Requirements Gathering",23801,39823,Product
Lead Product Manager,Everline Studio,"Boston, MA",Full-time,"Competitive Analysis, Roadmap Planning, KPI Development, Vendor Management, Interpersonal Skills",134459,171725,Product
Lead Product Manager,Moonfern Studio,Singapore,Full-time,"Business Analysis, Stakeholder Management, Competitive Analysis, Data-Driven Decision Making, Confluence",134508,158736,Product
Intern Product Manager,Amberline Ventures,"Austin, TX",Full-time,"Kanban, Jira, Stakeholder Management, Communication",22984,41315,Product
Junior Platform Product Manager,Pinecrest Digital,"Boston, MA",Part-time,"A/B Test Design, Competitive Analysis, Product Discovery, Scrum, Market Research, Product Management, Agile Methodology",56321,81297,Product
Senior Product Owner,Kestrel Bay Design,"Dublin, Ireland",Full-time,"User Story Mapping, SAFe (Scaled Agile Framework), Agile Methodology, Customer Journey Mapping, Roadmap Planning, Product Discovery, Business Analysis, Stakeholder Management",116293,149688,Product
Product Owner,Thornbury Digital,"Denver, CO",Internship,"Business Analysis, Competitive Analysis, Scrum, OKRs",86308,103999,Product
Junior Visual Designer,Northfall Interactive,"Atlanta, GA",Full-time,"UX Research, Interaction Design, Wireframing, Responsive Design, Excel",63244,75908,Design
Junior UX Researcher,Thistle & Vane Design,"Berlin, Germany",Full-time,"Adobe Photoshop, Figma Prototyping, InVision, Usability Testing, Wireframing, Information Architecture, Persona Development",57209,74312,Design
Principal Product Manager,Copperfield UX,"Berlin, Germany",Full-time,"Agile Methodology, Competitive Analysis, Product Management, Data-Driven Decision Making, Market Research, User Story Mapping, Roadmap Planning, Confluence",153708,182375,Product
Lead Product Analyst,Cloverfield UX Studio,"Amsterdam, Netherlands",Contract,"Competitive Analysis, Customer Journey Mapping, Stakeholder Management, Jira, Market Research, Requirements Gathering",137238,172457,Product
Lead UX/UI Designer,Cinderhall Digital,Remote,Full-time,"Design Critique Facilitation, Prototyping, Information Architecture, Responsive Design, Figma Prototyping, Roadmap Planning, Interpersonal Skills",140806,165537,Design
UX Designer,Rustling Oak Studio,Remote,Full-time,"UI DESIGN, ACCESSIBILITY (WCAG), Accessibility Design, User Research, Motion Design, Confluence",80547,108586,Design
UX Designer,Nova Harbor Design,Remote,Full-time,"Design Thinking, Figma Prototyping, Design Systems, Usability Testing, Figma, Design Critique Facilitation, Sketch",80314,105406,Design
Junior Associate Product Manager,Rowancroft Digital,Remote,Full-time,"Customer Journey Mapping, OKRs, Agile Methodology, Communication",56970,76280,Product
Senior Platform Product Manager,Duskridge Digital,"Amsterdam, Netherlands",Internship,"SAFe (Scaled Agile Framework), Customer Journey Mapping, Roadmap Planning, Kanban, Data-Driven Decision Making, User Story Mapping, A/B Test Design",116157,144592,Product
Principal Product Designer,Copperfield UX,"Boston, MA",Full-time,"Accessibility Design, Figma Prototyping, Figma, Adobe Photoshop, Motion Design, InVision, Persona Development, Excel",151706,182824,Design
Senior Product Owner,Kestrel Bay Design,"Toronto, Canada",Full-time,"OKRs, User Story Mapping, Kanban, Competitive Analysis, Stakeholder Management, Vendor Management, Confluence",108231,145608,Product
Principal Platform Product Manager,Willowmere Digital,"Boston, MA",Full-time,"Product Discovery, Customer Journey Mapping, Business Analysis, Roadmap Planning",148857,174564,Product
Junior Interaction Designer,Vellum Path Design,"Austin, TX",Full-time,"Wireframing, InVision, User Research, Miro, Information Architecture, Prototyping, Communication",65533,80452,Design
Principal Visual Designer,Mistwood Labs,"Denver, CO",Internship,"Design Thinking, Figma Prototyping, UI Design, Persona Development, Roadmap Planning, Agile Methodology",147119,170466,Design
Principal Interaction Designer,Copperhaven UX,Singapore,Full-time,"Figma Prototyping, Design Systems, User Research, Design Critique Facilitation, Roadmap Planning",145387,191040,Design
Senior Product Manager,Granite Loop Studio,"Bangalore, India",Full-time,"SAFe (Scaled Agile Framework), Scrum, A/B Test Design, User Story Mapping, KPI Development, Feature Prioritization, OKRs",119259,132914,Product
Principal Platform Product Manager,Quartzline Product Co,Remote,Part-time,"KPI Development, Customer Journey Mapping, User Story Mapping, Market Research, Data-Driven Decision Making, Kanban, OKRs",154982,177654,Product
Principal Product Designer,Cloverfield UX Studio,Singapore,Full-time,"User Research, Figma Prototyping, Interaction Design, Usability Testing, Accessibility Design, Information Architecture",146330,187148,Design
Growth Product Manager,Thistle & Vane Design,"Denver, CO",Full-time,"Market Research, User Story Mapping, Customer Journey Mapping, SAFe (Scaled Agile Framework), Stakeholder Management, Jira",80832,109870,Product
Senior Technical Product Manager,Thornbury Digital,"Sydney, Australia",Internship,"User Story Mapping, Product Discovery, A/B Test Design, Stakeholder Management",117667,151403,Product
Intern Visual Designer,Marlowe Bridge Product,"Toronto, Canada",Contract,"Figma, Sketch, Responsive Design, Figma Prototyping, Adobe Illustrator",27369,40460,Design
Intern Platform Product Manager,Ashenfall Product Co,"Portland, OR",Full-time,"Scrum, KPI Development, Jira, Data-Driven Decision Making, Agile Methodology, Requirements Gathering, Customer Journey Mapping, SAFe (Scaled Agile Framework)",22586,41714,Product
Junior UX Researcher,Slate Fox Product,Remote,Internship,"Accessibility (WCAG), Adobe Illustrator, Design Critique Facilitation, Sketch, Interaction Design",63803,76421,Design
Visual Designer,Gladewind Labs,"Los Angeles, CA",Full-time,"Information Architecture, Wireframing, Miro, Usability Testing, Adobe Photoshop",81778,103029,Design
Senior Visual Designer,Brightfern Studio,"Austin, TX",Full-time,"Sketch, Accessibility Design, Adobe Illustrator, InVision, Communication",115412,131687,Design
Junior Growth Product Manager,Nightshade UX,Remote,Full-time,"Product Discovery, Feature Prioritization, Agile Methodology, Kanban, Customer Journey Mapping, Jira",64389,81007,Product
Staff UX/UI Designer,Crestline Digital,"Berlin, Germany",Full-time,"InVision, Information Architecture, Accessibility Design, Miro, Sketch, Adobe Photoshop, Adobe XD, User Research, Communication",146579,165511,Design
Intern Platform Product Manager,Basalt Grove Product,Remote,Internship,"Roadmap Planning, SAFe (Scaled Agile Framework), Competitive Analysis, A/B Test Design, OKRs, Business Analysis, Kanban",23610,37908,Product
Intern UI Designer,Rustling Oak Studio,Remote,Internship,"Usability Testing, Sketch, Figma",24397,36047,Design
Lead Product Analyst,Hazelwick Design,"Boston, MA",Full-time,"Customer Journey Mapping, Competitive Analysis, Jira, Kanban, Stakeholder Management, Scrum, A/B Test Design, Product Management, Interpersonal Skills",133056,174840,Product
Senior Interaction Designer,Cobalt Reach Labs,Remote,Full-time,"Prototyping, Motion Design, Persona Development, User Research, Adobe Photoshop",107779,151552,Design
Senior Product Manager,Alderwood Labs,Remote,Internship,"Competitive Analysis, SAFe (Scaled Agile Framework), Customer Journey Mapping, User Story Mapping, Agile Methodology, Feature Prioritization, KPI Development, Requirements Gathering, Roadmap Planning",118709,142507,Product
Lead Product Owner,Basalt Grove Product,"Chicago, IL",Full-time,"Feature Prioritization, Scrum, SAFe (Scaled Agile Framework), A/B Test Design, Excel",135119,169638,Product
Principal Interaction Designer,Glimmerwell Labs,"Seattle, WA",Full-time,"Sketch, Information Architecture, Prototyping, Roadmap Planning",148709,191203,Design
Lead UX Designer,Copperfield UX,"Dublin, Ireland",Part-time,"UX Research, Accessibility (WCAG), Responsive Design, Sketch, OKRs",140057,174216,Design
Principal Associate Product Manager,Kestrel Bay Design,"New York, NY",Full-time,"Jira, User Story Mapping, Customer Journey Mapping, Requirements Gathering, Stakeholder Management",151572,181091,Product
Junior Technical Product Manager,Aldergate Product,"Denver, CO",Full-time,"a/b test design, Feature Prioritization, User Story Mapping,   Jira, Product Management, Competitive Analysis, KPI Development",64863,80770,Product
Senior Platform Product Manager,Crestline Digital,"London, UK",Internship,"SAFe (Scaled Agile Framework), A/B Test Design, Scrum, OKRs, User Story Mapping, Kanban, KPI Development, Customer Journey Mapping",108241,146636,Product
Associate Product Manager,Wrenfield UX Co,Remote,Internship,"Data-Driven Decision Making, Product Discovery, OKRs, requirements gathering, Product Management, Feature Prioritization,   Confluence",91248,112234,Product
Intern Product Owner,Copperhaven UX,"New York, NY",Internship,"Roadmap Planning, KPI Development, Kanban, Product Discovery, Market Research, Agile Methodology",25300,41157,Product
Junior Technical Product Manager,Pinehollow UX,"Berlin, Germany",Part-time,"OKRs, User Story Mapping, Requirements Gathering, Customer Journey Mapping, KPI Development, Market Research, Product Discovery, Git",56582,78980,Product
Junior UX Researcher,Crestline Digital,Remote,Full-time,"Responsive Design, Miro, Design Critique Facilitation, Usability Testing, Design Thinking",60923,79003,Design
Senior Product Manager,Cloverfield UX Studio,"New York, NY",Contract,"OKRs, Feature Prioritization, Data-Driven Decision Making, KPI Development, SAFe (Scaled Agile Framework), Product Discovery, Stakeholder Management, Kanban",118295,142505,Product
Intern Technical Product Manager,Duskridge Digital,"Austin, TX",Internship,"Business Analysis, Roadmap Planning, Customer Journey Mapping",26309,38593,Product
Junior Interaction Designer,Palewind Interactive,"Berlin, Germany",Full-time,"UI Design, Responsive Design, Design Critique Facilitation, Design Systems, Information Architecture, Adobe Photoshop, Design Thinking",63009,81521,Design
Lead Product Manager,Everline Studio,"Boston, MA",Part-time,"Roadmap Planning, Business Analysis, Data-Driven Decision Making, User Story Mapping, Competitive Analysis, Kanban, Customer Journey Mapping, Vendor Management",135985,177716,Product
Intern Platform Product Manager,Mistwood Labs,Remote,Full-time,"Data-Driven Decision Making, Stakeholder Management, Jira, Requirements Gathering, Agile Methodology",29015,37335,Product
Intern Visual Designer,Timberlyn Product Co,Remote,Internship,"Prototyping, Wireframing, InVision, Adobe Photoshop, Interaction Design, Figma, Responsive Design",26475,38557,Design
Principal Product Analyst,Rowancroft Digital,"Chicago, IL",Full-time,"KPI Development, OKRs, Product Management, Agile Methodology, Product Discovery, Confluence",155284,175552,Product
Lead UX/UI Designer,Everline Studio,"Toronto, Canada",Full-time,"Interaction Design, Accessibility Design, Adobe Illustrator, Responsive Design, User Research, Figma",144359,160959,Design
Junior Technical Product Manager,Driftwood UX Lab,"Toronto, Canada",Contract,"User Story Mapping, A/B Test Design, Scrum",60475,80122,Product
Junior Platform Product Manager,Thornbury Digital,Remote,Internship,"Agile Methodology, Scrum, A/B Test Design, Business Analysis, Competitive Analysis",63968,73896,Product
Senior Growth Product Manager,Frostvale Design Labs,"London, UK",Full-time,"SAFe (Scaled Agile Framework), Agile Methodology, KPI Development, Scrum, OKRs, Market Research, User Story Mapping, Product Discovery, Confluence",105401,135793,Product
Lead Product Analyst,Granite Loop Studio,"Dublin, Ireland",Part-time," User Story Mapping , KANBAN, Data-Driven Decision Making, KPI Development, Feature Prioritization, Stakeholder Management, Vendor Management, Git",140123,166464,Product
Junior Interaction Designer,Thornbury Digital,"New York, NY",Internship,"InVision, Interaction Design, Accessibility (WCAG), Design Systems, User Research, Prototyping, Figma, Agile Methodology",65570,83793,Design
Product Owner Manager,Harborlight UX,"New York, NY",Full-time,"A/B Test Design, Product Management, Scrum, Business Analysis, Communication",117767,141421,Product
Technical Product Manager,Aldergate Product,"Seattle, WA",Full-time,"Kanban, OKRs, Product Discovery, Data-Driven Decision Making, Business Analysis, User Story Mapping, Market Research, Roadmap Planning, Interpersonal Skills",82780,113023,Product
Visual Designer,Mistwood Labs,"Sydney, Australia",Full-time,"Persona Development, Accessibility (WCAG), Sketch, Design Thinking, Miro, UX Research",89373,100312,Design
Lead Technical Product Manager,Glimmerwell Labs,Remote,Contract,"Product Management, Business Analysis, Data-Driven Decision Making, Scrum, KPI Development, A/B Test Design, Product Discovery, Competitive Analysis, Communication",138667,163280,Product
Intern UX Designer,Nova Harbor Design,Remote,Internship,"Adobe Photoshop, UI Design, Design Systems, Usability Testing, Stakeholder Management",28024,34496,Design
Growth Product Manager,Wanderlight Labs,"Boston, MA",Full-time,"User Story Mapping, KPI Development, Kanban, OKRs, Requirements Gathering, Market Research, Competitive Analysis, Data-Driven Decision Making, Roadmap Planning",116067,165913,Product
Product Manager,Alderwood Labs,"Austin, TX",Full-time,"A/B Test Design, Product Management, Kanban, SAFe (Scaled Agile Framework), Requirements Gathering, OKRs, Feature Prioritization",90388,110523,Product
Principal Product Owner,Larkspur Product Co,"New York, NY",Full-time,"Competitive Analysis,   Feature Prioritization, Business Analysis, Product Discovery, SAFe (Scaled Agile Framework), A/B Test Design, Data-Driven Decision Making, Stakeholder Management",154947,187702,Product
Principal Associate Product Manager,Wrenfield UX Co,"Chicago, IL",Internship,"KPI Development, User Story Mapping, Product Management, Feature Prioritization, Kanban, Scrum, Agile Methodology, Customer Journey Mapping, Vendor Management",154401,171718,Product
Principal Product Owner,Windmere Studio,"Austin, TX",Full-time,"SAFe (Scaled Agile Framework), User Story Mapping, Scrum, Data-Driven Decision Making, Agile Methodology, KPI Development, Stakeholder Management, OKRs",152546,172178,Product
Intern UX Researcher,Hollowreed Design,Remote,Full-time,"Persona Development, Design Thinking, Adobe Photoshop, Accessibility (WCAG), Accessibility Design, Wireframing, InVision, Adobe XD",22945,34235,Design
Product Analyst,Vertex Cloud Labs,"Austin, TX",Internship,"Data-Driven Decision Making, Requirements Gathering, Business Analysis, Feature Prioritization",89972,113711,Product
Platform Product Manager,Cedarfall Product Co,"London, UK",Full-time,"Roadmap Planning, Data-Driven Decision Making, Business Analysis, Stakeholder Management, OKRs",117633,154265,Product
Junior Technical Product Manager,Alderwood Labs,"Dublin, Ireland",Full-time,"Kanban, Product Management, Market Research, Business Analysis",65681,78465,Product
Staff UX/UI Designer,Granite Loop Studio,"Bangalore, India",Internship,"Adobe XD, Adobe Illustrator, Adobe Photoshop, OKRs",139703,176027,Design
Staff Product Designer,Cragmoor Product,"Sydney, Australia",Full-time,"Prototyping, Usability Testing, InVision, Persona Development, User Research, Adobe Photoshop, Information Architecture, Roadmap Planning",149853,178609,Design
Junior Visual Designer,Ironwood Systems,Remote,Full-time,"InVision, UI Design, Prototyping, Adobe Photoshop, Adobe XD, Interpersonal Skills",61750,72389,Design
Senior Interaction Designer,Amberline Ventures,"Amsterdam, Netherlands",Part-time,"User Research, Design Thinking, UX Research, Figma Prototyping, Roadmap Planning, Stakeholder Management",109584,151726,Design
