title,company,location,type,skills_required,salary_min,salary_max,category
Junior Revenue Operations Analyst,Crestline Digital,"New York, NY",Full-time,"SAP, Business Analysis, Excel Financial Modeling",62381,75163,Business Operations
Director Supply Chain Manager,Pinegrove Freight Co,"Chicago, IL",Part-time,"Supply Chain Analysis, Data Analysis, Decision Making, Excel, Procurement, Risk Management, Budgeting & Forecasting, KPI Development",164874,178343,Supply Chain
Lead Supply Chain Coordinator,Rosewood Freight Partners,"San Francisco, CA",Full-time,"KPI Development, NetSuite, Cost-Benefit Analysis, Contract Negotiation, Excel",115930,144862,Supply Chain
Lead Vendor Manager,Greystone Freight Solutions,"Chicago, IL",Part-time,"NetSuite, Cost-Benefit Analysis, Budgeting & Forecasting, Data Analysis, Contract Negotiation",125765,150988,Supply Chain
Lead Supply Chain Analyst,Norwich Point Consulting,Remote,Full-time,"Supply Chain Analysis, Procurement, Budgeting & Forecasting, EXCEL FINANCIAL MODELING, Risk Management",130036,155476,Supply Chain
Supply Chain Manager,Brightfield Sourcing,"San Francisco, CA",Full-time,"Contract Negotiation, Vendor Management, Cross-functional Collaboration, SAP",80994,86133,Supply Chain
Junior Operations Associate,Harborline Technologies,"Seattle, WA",Full-time,"Decision Making, cost-benefit analysis, P&L Management, Cross-team Coordination, NetSuite, Vendor Management, cost-benefit analysis",62064,67752,Business Operations
PMO Lead,Skyline Ventures IT,Remote,Full-time,"Roadmap Planning, Budget Management (Projects), Jira, Facilitation, Agile Methodology, PMP Certification, Gantt Chart Planning",78334,94105,Project & Program Management
Junior Category Manager,Copperfield Ventures,"Chicago, IL",Full-time,"NetSuite, Risk Management, Data Analysis, Excel, Contract Negotiation, SAP, Budgeting & Forecasting",61900,71563,Supply Chain
Senior Agile Coach,Wellspring Procurement Partners,"Denver, CO",Full-time,"Scrum, Team Leadership, PRINCE2, Requirements Gathering, Milestone Tracking, Vendor Coordination, Program Management, Monday.com",108986,120894,Project & Program Management
Principal Operations Manager,Mistwood Distribution Partners,"Chicago, IL",Internship,"Business Analysis, Process Improvement, Team Leadership, Vendor Management, KPI Development, Budgeting & Forecasting, Stakeholder Management, Data-Driven Decision Making",137472,159897,Business Operations
Purchasing Coordinator,Pinecrest Digital,Remote,Internship,"Excel, Cost-Benefit Analysis, Budgeting & Forecasting, SAP, Vendor Management, NetSuite, KPI Development",84053,99344,Supply Chain
Senior Agile Coach,Foxglove Operations,"Atlanta, GA",Full-time,"Microsoft Project, Risk Assessment (Projects), Portfolio Management, Facilitation, PRINCE2",102692,127244,Project & Program Management
Junior Supply Chain Coordinator,Brightfield Sourcing,"Boston, MA",Internship,"Excel Financial Modeling, Risk Management, SAP, NetSuite, Procurement, Budgeting & Forecasting",55165,61884,Supply Chain
Director Supply Chain Manager,Silverton Logistics,"Boston, MA",Full-time,"Excel, Supply Chain Analysis, Contract Negotiation, Budgeting & Forecasting, Data Analysis, NetSuite, Time Management",145760,178214,Supply Chain
Staff PMO Analyst,Millbrook Distribution Group,Remote,Part-time,"Change Management, Gantt Chart Planning, Risk Assessment (Projects), Kanban, Retrospective Facilitation, Agile Methodology, Monday.com",128676,136902,Project & Program Management
Logistics Manager,Larkspur Freight Partners,"Boston, MA",Full-time,"Risk Management, Procurement, SAP, Budgeting & Forecasting, NetSuite, Team Leadership",112821,128193,Supply Chain
Principal Business Operations Manager,Saltmarsh Supply Co,"Los Angeles, CA",Full-time,"Negotiation, SAP, Cross-team Coordination, Excel Financial Modeling",145597,162014,Business Operations
Senior Supply Chain Analyst,Ashgrove Consulting,"Denver, CO",Full-time,"Supply Chain Analysis, NetSuite, Risk Management, Time Management, Cost-Benefit Analysis",97324,117395,Supply Chain
Lead Project Manager,Kestrel Point Enterprises,"Seattle, WA",Full-time,"Team Leadership, Budget Management (Projects), Roadmap Planning, Microsoft Project",123759,138232,Project & Program Management
Junior Procurement Specialist,Duskwood Logistics Partners,"Denver, CO",Full-time,"Budgeting & Forecasting, Data Analysis, NetSuite, Decision Making, SAP, Contract Negotiation, Risk Management",62193,74457,Supply Chain
Senior Sourcing Analyst,Larkspur Freight Partners,"Atlanta, GA",Part-time,"Contract Negotiation, KPI Development, Vendor Management",96564,111234,Supply Chain
Business Operations Manager,Juniper Ridge Partners,Remote,Internship,"Data-Driven Decision Making, P&L Management, KPI Development, Stakeholder Management",81134,88155,Business Operations
Senior Sourcing Analyst,Ashwater Consulting,"Denver, CO",Full-time,"Vendor Management, NetSuite, SAP, KPI Development, Budgeting & Forecasting, Data Analysis",110768,124319,Supply Chain
Operations Coordinator,Quarrystone Enterprises,"Los Angeles, CA",Full-time,"Excel Financial Modeling, Business Analysis, KPI Development, Budgeting & Forecasting, Cost-Benefit Analysis, P&L Management, Facilitation",84106,99684,Business Operations
Senior Category Manager,Larkspur Freight Partners,Remote,Full-time,"Risk Management, KPI Development, Contract Negotiation, Data Analysis, Vendor Management, Cost-Benefit Analysis, NetSuite",105934,114533,Supply Chain
Staff PMO Lead,Pemberton Logistics Group,"Seattle, WA",Internship,"Retrospective Facilitation, Presentation Skills, Requirements Gathering, Risk Assessment (Projects), Budget Management (Projects)",137103,146076,Project & Program Management
Purchasing Coordinator,Hartsfield Supply Chain Partners,Remote,Part-time,"KPI Development, Budgeting & Forecasting, Data Analysis, Excel",80427,99781,Supply Chain
Junior Program Manager,Brightfield Sourcing,"Berlin, Germany",Internship,"Critical Thinking, RISK ASSESSMENT (PROJECTS), Roadmap Planning, PRINCE2, Retrospective Facilitation, Requirements Gathering, Budget Management (Projects), Microsoft Project",55434,63743,Project & Program Management
Manager Inventory Analyst,Copperfield Ventures,"San Francisco, CA",Full-time,"Budgeting & Forecasting, Contract Negotiation, NetSuite, Supply Chain Analysis, Excel Financial Modeling",130269,162253,Supply Chain
Junior Sourcing Analyst,Silverton Logistics,"Boston, MA",Internship,"Cost-Benefit Analysis, Git, Procurement, KPI Development, Vendor Management, Risk Management, Budgeting & Forcasting, Budgeting & Forcasting",62201,76759,Supply Chain
Lead Inventory Analyst,Hollowbrook Ventures,"Boston, MA",Part-time,"Excel Financial Modeling, KPI Development, Cost-Benefit Analysis, NetSuite, Excel, Contract Negotiation",124493,133138,Supply Chain
Lead Business Operations Manager,Silverton Logistics,"Chicago, IL",Full-time,"Data-Driven Decision Making, Vendor Management, Business Analysis, Presentation Skills, Excel, Cross-team Coordination, Process Improvement",124703,138705,Business Operations
Intern Fulfillment Operations Manager,Larkspur Freight Partners,"Austin, TX",Full-time,"SAP, Contract Negotiation, Vendor Management, Cost-Benefit Analysis, Supply Chain Analysis, Procurement, Facilitation, Risk Management",23914,28479,Supply Chain
Purchasing Coordinator,Redwood Data Systems,"Toronto, ON",Full-time,"Contract Negotiation, SAP, Data Analysis, Vendor Management",75171,82679,Supply Chain
Director of Operations,Longmoor Logistics Group,"Dublin, Ireland",Full-time,"Facilitation, sap, P&L Management, Business Analysis",84075,93618,Business Operations
Intern Vendor Manager,Auburn Peak Logistics,"New York, NY",Internship,"NetSuite, KPI Development, Budgeting & Forecasting, SAP, Procurement, Cross-functional Collaboration",24939,41604,Supply Chain
Intern Program Manager,Harborline Technologies,"Berlin, Germany",Internship,"Gantt Chart Planning, Stakeholder Management, Decision Making, Change Management",23977,29002,Project & Program Management
Intern Procurement Specialist,Pinegrove Freight Co,"Vancouver, BC",Internship,"Contract Negotiation, Excel, Cost-Benefit Analysis, Agile Methodology, SAP, KPI Development, Data Analysis",27945,37498,Supply Chain
Director Fulfillment Operations Manager,Lockwood Trading Partners,Remote,Internship,"Decision Making, Excel Financial Modeling, Excel, KPI Development",147367,181887,Supply Chain
Manager Operations Associate,Pinecrest Digital,"London, UK",Contract,"P&L Management, Vendor Management, Budgeting & Forecasting",128609,146975,Business Operations
Manager Operations Coordinator,Briarcliff Supply Group,Remote,Full-time,"SAP, Budgeting & Forecasting, Presentation Skills, Cost-Benefit Analysis, Data-Driven Decision Making",128067,160904,Business Operations
Procurement Specialist,Granite Vale Enterprises,"Atlanta, GA",Internship,"Budgeting & Forecasting, NetSuite, Data Analysis, Critical Thinking",84094,103175,Supply Chain
Vendor Manager,Nova Field Labs,Remote,Full-time,"Cost-Benefit Analysis, NetSuite, Budgeting & Forcasting, Vendor Management, Data Analysis",75477,92052,Supply Chain
Senior Vendor Manager,Lockwood Trading Partners,Remote,Full-time,"Data Analysis, Procurement, Risk Management, Contract Negotiation, Cost-Benefit Analysis, Budgeting & Forecasting, Vendor Management",96780,120513,Supply Chain
Director Revenue Operations Analyst,Kestrel Point Enterprises,Remote,Contract,"Business Analysis, QuickBooks, Vendor Management, SAP, Budgeting & Forecasting, KPI Development",152423,185043,Business Operations
Supply Chain Manager,Ridgemont Sourcing Solutions,"Atlanta, GA",Full-time,"Budgeting & Forecasting, Excel, NetSuite, Vendor Management",117574,131025,Supply Chain
Intern Supply Chain Analyst,Thornfield Industries,"Los Angeles, CA",Full-time,"KPI Development, Procurement, Cost-Benefit Analysis, Budgeting & Forecasting, Excel, Excel Financial Modeling, NetSuite",25579,39114,Supply Chain
Manager Sourcing Analyst,Marlow Bay Group,"Chicago, IL",Full-time,"Cost-Benefit Analysis, Procurement, Data Analysis, Budgeting & Forecasting, Vendor Management, SAP, Contract Negotiation",120507,138593,Supply Chain
Director of Operations,Saltmarsh Supply Co,"Boston, MA",Internship,"Cross-team Coordination, Vendor Management, SAP, Stakeholder Management, Data-Driven Decision Making, Excel Financial Modeling, Business Analysis",160406,179265,Business Operations
Intern Technical Program Manager,Ashgrove Consulting,"Vancouver, BC",Internship,"Scrum, Agile Methodology, Resource Allocation",25488,38819,Project & Program Management
Junior PMO Analyst,Emberline Trading Co,"Seattle, WA",Full-time,"Portfolio Management, Requirements Gathering, Microsoft Project, Gantt Chart Planning, Risk Assessment (Projects), Vendor Coordination, Kanban",57602,71421,Project & Program Management
Intern Supply Chain Manager,Elmswood Trading Co,"Seattle, WA",Internship,"SAP, Risk Management, Supply Chain Analysis, NetSuite, Cost-Benefit Analysis, Excel Financial Modeling, Contract Negotiation",23529,32058,Supply Chain
Operations Manager,Wellspring Procurement Partners,Remote,Full-time,"Stakeholder Management, KPI Development, P&L Management, Excel",77467,89727,Business Operations
Lead Operations Analyst,Cascade Freight Systems,"Seattle, WA",Contract,"NETSUITE, Cost-Benefit Analysis, Stakeholder Management, Excel",117688,144450,Business Operations
Senior Sourcing Analyst,Thornfield Industries,Remote,Internship,"Excel, SAP, Budgeting & Forecasting, Data Analysis, Cost-Benefit Analysis, NetSuite, Vendor Management",110241,135742,Supply Chain
Lead Procurement Manager,Fernbridge Holdings,"San Francisco, CA",Full-time,"SAP, Data Analysis, Vendor Management, NetSuite, Excel, Procurement, Contract Negotiation",115013,143854,Supply Chain
Category Manager,Foxglove Operations,"Seattle, WA",Full-time,"Data Analysis, Negotiation, Vendor Management, Procurement",76198,91937,Supply Chain
Intern Supply Chain Coordinator,Onyx Bridge Tech,Remote,Internship,"Data Analysis, Excel, SAP, Supply Chain Analysis, Excel Financial Modeling, Critical Thinking, Procurement",21622,35753,Supply Chain
Junior Scrum Master,Ironwood Systems,"London, UK",Contract,"Monday.com, Sprint Planning, Vendor Coordination, Trello, PMP Certification, Problem Solving, Microsoft Project",57345,70795,Project & Program Management
Category Manager,Norwich Point Consulting,"Seattle, WA",Full-time,"Risk Management, Budgeting & Forecasting, Contract Negotiation, Excel, KPI Development, Negotiation, Procurement, NetSuite",114095,151293,Supply Chain
Intern Revenue Operations Analyst,Norwich Point Consulting,"Toronto, ON",Internship,"SAP, NetSuite, Excel Financial Modeling, Budgeting & Forecasting, Data-Driven Decision Making, Stakeholder Management",26155,43105,Business Operations
Staff Program Manager,Ashwater Consulting,"Berlin, Germany",Full-time,"Resource Allocation, Portfolio Management, Monday.com, Cross-team Coordination, Program Management, Risk Assessment (Projects)",139624,157493,Project & Program Management
Principal Program Manager,Summit Ledger Partners,Remote,Full-time,"SAFe (Scaled Agile Framework), Gantt Chart Planning, Retrospective Facilitation, Kanban, Asana, Program Management, Sprint Planning",146197,159653,Project & Program Management
Staff Project Manager,Millbrook Distribution Group,"Toronto, ON",Full-time,"Agile Methodology, Vendor Coordination, Time Management, Scrum, Portfolio Management",139588,155291,Project & Program Management
Senior Revenue Operations Analyst,Thornfield Industries,"Boston, MA",Internship,"KPI Development, Excel, Excel Financial Modeling, Business Analysis",97353,112641,Business Operations
Principal Agile Coach,Onyx Bridge Tech,"London, UK",Full-time,"Kanban, Sprint Planning, Jira, Trello, Confluence",144451,172425,Project & Program Management
Lead Logistics Coordinator,Duskwood Logistics Partners,Remote,Full-time,"Cost-Benefit Analysis, Excel, Supply Chain Analysis, KPI Development, Budgeting & Forecasting, Risk Management, Contract Negotiation, Presentation Skills",122583,135619,Supply Chain
Manager Sourcing Analyst,Thornfield Industries,Remote,Full-time,"Budgeting & Forecasting, Vendor Management, KPI Development, SAP, Problem Solving",127047,138577,Supply Chain
Intern Category Manager,Kettlebrook Enterprises,Remote,Internship,"Contract Negotiation, Negotiation, Budgeting & Forecasting, KPI Development",23931,31555,Supply Chain
Principal Technical Program Manager,Nettlefield Ventures,"Toronto, ON",Full-time,"Stakeholder Management, Budget Management (Projects), Kanban",141043,160067,Project & Program Management
Vendor Manager,Briarcliff Supply Group,Remote,Part-time,"Excel, Procurement, Contract Negotiation",79826,90701,Supply Chain
Procurement Manager,Vertex Cloud Labs,"Austin, TX",Full-time,"SAP, Team Leadership, Cost-Benefit Analysis, Vendor Management",112802,141038,Supply Chain
Supply Chain Coordinator,Larkspur Freight Partners,"Chicago, IL",Full-time,"Contract Negotiation, Excel, Time Management, Vendor Management, Data Analysis",83891,96758,Supply Chain
Junior Inventory Analyst,Redwood Data Systems,"San Francisco, CA",Internship,"Contract Negotiation, Data Analysis, Vendor Management, SAP",61676,77830,Supply Chain
Junior Purchasing Coordinator,Nettlefield Ventures,"Austin, TX",Internship,"Budgeting & Forecasting, NetSuite, Procurement, Contract Negotiation",60350,66151,Supply Chain
Intern Category Manager,Yardley Logistics Co,"Chicago, IL",Full-time,"Facilitation, Vendor Management, Cost-Benefit Analysis, Excel, Data Analysis, Risk Management",24209,32754,Supply Chain
Demand Planner,Nova Field Labs,"New York, NY",Full-time,"KPI Development, Budgeting & Forecasting, Vendor Management, Data Analysis, Risk Management, Contract Negotiation, Supply Chain Analysis",83630,98546,Supply Chain
Principal Project Manager,Elmswood Trading Co,"Atlanta, GA",Contract,"Cross-team Coordination, Vendor Coordination, Requirements Gathering, Trello, Retrospective Facilitation, Scrum, Asana",142041,171036,Project & Program Management
Principal Strategy & Operations Manager,Nettlefield Ventures,"Chicago, IL",Part-time,"Cross-functional Collaboration, QuickBooks, Cross-team Coordination, Excel Financial Modeling, Stakeholder Management, KPI Development, Cost-Benefit Analysis, Business Analysis",148009,160126,Business Operations
Purchasing Coordinator,Glenridge Procurement Group,"Austin, TX",Full-time,"Budgeting & Forecasting, SAP, Contract Negotiation, Cost-Benefit Analysis, Risk Management",81816,87294,Supply Chain
Junior Vendor Manager,Summit Ledger Partners,"San Francisco, CA",Part-time,"SAP, KPI Development, Cost-Benefit Analysis, Vendor Management, Contract Negotiation, Data Analysis",59333,68705,Supply Chain
Manager Demand Planner,Lockwood Trading Partners,"Chicago, IL",Part-time,"Excel Financial Modeling, Cost-Benefit Analysis, Budgeting & Forecasting, NetSuite",122483,134176,Supply Chain
Lead Revenue Operations Analyst,Amberfield Logistics,Singapore,Part-time,"Cross-team Coordination, Stakeholder Management, Excel Financial Modeling, Cost-Benefit Analysis, QuickBooks, Communication, P&L Management",116519,134951,Business Operations
Senior Vendor Manager,Mistwood Distribution Partners,"Berlin, Germany",Full-time,"Procurement, Risk Management, NetSuite, Vendor Management, KPI Development, Contract Negotiation, Facilitation",95692,120856,Supply Chain
Manager Operations Associate,Skyline Ventures IT,"Berlin, Germany",Internship,"Budgeting & Forecasting, Excel Financial Modeling, Excel, Cross-team Coordination",116351,134007,Business Operations
Manager Procurement Specialist,Hollowbrook Ventures,Singapore,Full-time,"Risk Management, Cost-Benefit Analysis, Data Analysis, Presentation Skills, Excel, NetSuite, Contract Negotiation, SAP",113784,131878,Supply Chain
Program Manager,Elmswood Trading Co,"Los Angeles, CA",Part-time,"Requirements Gathering, Resource Allocation, Cross-team Coordination, Microsoft Project, Asana, Jira",122520,137194,Project & Program Management
Staff PMO Analyst,Underhill Ventures Group,Remote,Full-time,"Asana, Decision Making, SAFe (Scaled Agile Framework), Change Management, Requirements Gathering",133457,157660,Project & Program Management
Manager Purchasing Coordinator,Yardley Logistics Co,"Austin, TX",Full-time,"NetSuite, Cost-Benefit Analysis, Contract Negotiation, Procurement, Vendor Management, Decision Making, Excel",131814,155351,Supply Chain
Junior Vendor Manager,Fernbridge Holdings,"New York, NY",Part-time,"Facilitation, SAP, Data Analysis, Cost-Benefit Analysis, Contract Negotiation, Excel, NetSuite",61216,71920,Supply Chain
Junior Director of Operations,Oldbridge Supply Solutions,Remote,Full-time,"Vendor Management, P&L Management, Cost-Benefit Analysis, Budgeting & Forecasting",58102,70849,Business Operations
Lead Revenue Operations Analyst,Stonewick Supply Chain Co,"Los Angeles, CA",Full-time,"QuickBooks, Cost-Benefit Analysis, Business Analysis, Process Improvement, Data-Driven Decision Making",129720,153176,Business Operations
Junior Procurement Manager,Juniper Ridge Partners,"Atlanta, GA",Full-time,"Risk Management, Cost-Benefit Analysis, Vendor Management, Procurement",56145,63623,Supply Chain
Intern Sourcing Analyst,Crestline Digital,"Austin, TX",Internship,"NetSuite, Vendor Management, Data Analysis, Budgeting & Forecasting, KPI Development",20309,29739,Supply Chain
Lead Sourcing Analyst,Coldharbor Ventures,"Chicago, IL",Full-time,"Risk Management, SAP, Contract Negotiation, NetSuite, Data Analysis, Negotiation, KPI Development, Vendor Management",123609,135503,Supply Chain
Intern Category Manager,Windmere Consulting Group,Remote,Internship,"Budgeting & Forecasting, Time Management, NetSuite, Contract Negotiation, KPI Development, Risk Management, Excel",26946,43292,Supply Chain
Senior Business Operations Manager,Yardley Logistics Co,"San Francisco, CA",Full-time,"Vendor Management, Excel, Cross-team Coordination, Business Analysis",103320,114693,Business Operations
Senior Operations Analyst,Nova Field Labs,"Boston, MA",Full-time,"Vendor Management, SAP, Cross-team Coordination, Time Management, Process Improvement, KPI Development, Excel, QuickBooks",109954,125422,Business Operations
Junior Category Manager,Underhill Ventures Group,"Chicago, IL",Full-time,"Budgeting & Forecasting, Risk Management, NetSuite, Negotiation, SAP, Procurement, Vendor Management, KPI Development",60579,66461,Supply Chain
Intern Logistics Manager,Zephyrhold Enterprises,Remote,Internship,"Vendor Management, Excel Financial Modeling, Data Analysis",25299,40730,Supply Chain
Strategy & Operations Manager,Wrenfield Sourcing Partners,"Chicago, IL",Full-time,"QuickBooks, Stakeholder Management, SAP, Business Analysis",79707,89940,Business Operations
Vendor Manager,Northgate Operations Inc,"Bangalore, India",Part-time,"Contract Negotiation, Cost-Benefit Analysis, Risk Management",79403,95148,Supply Chain
Lead Director of Operations,Farrowdale Operations Group,"Toronto, ON",Part-time,"Cross-team Coordination, Critical Thinking, Excel Financial Modeling, Vendor Management",118919,133219,Business Operations
Director Revenue Operations Analyst,Stonewick Supply Chain Co,"London, UK",Full-time,"NetSuite, Vendor Management, Excel Financial Modeling",155772,176832,Business Operations
Lead Director of Operations,Cedarpine Logistics,Remote,Part-time,"NetSuite, Critical Thinking, data-driven decision making, Excel Financial Modeling",125270,144364,Business Operations
Manager Supply Chain Analyst,Valemont Distribution,"Boston, MA",Full-time,"Cross-functional Collaboration, SAP, Contract Negotiation, Cost-Benefit Analysis",129591,154088,Supply Chain
Lead Operations Associate,Windmere Consulting Group,Remote,Full-time,"Vendor Management, SAP, Excel, KPI Development, Excel Financial Modeling, Budgeting & Forecasting, Process Improvement",127154,153359,Business Operations
Senior Vendor Manager,Zephyrhold Enterprises,"Los Angeles, CA",Full-time,"SAP, NetSuite, Communication, Data Analysis, Risk Management, Cost-Benefit Analysis, KPI Development, Contract Negotiation",102302,110800,Supply Chain
Purchasing Coordinator,Coldharbor Ventures,"Chicago, IL",Full-time,"Cost-Benefit Analysis, NetSuite, Data Analysis",80533,94458,Supply Chain
Senior Operations Coordinator,Oldbridge Supply Solutions,"Los Angeles, CA",Part-time,"Excel, Cost-Benefit Analysis, Git, Data-Driven Decision Making, SAP, Vendor Management",110649,129987,Business Operations
Junior Supply Chain Manager,Ridgemont Sourcing Solutions,"San Francisco, CA",Contract,"Problem Solving, Procurement, Risk Management, SAP, Cost-Benefit Analysis",57858,72714,Supply Chain
Junior Category Manager,Quarrystone Enterprises,Remote,Full-time,"Excel, KPI Development, Cost-Benefit Analysis, Budgeting & Forecasting, Presentation Skills, Risk Management",58205,62948,Supply Chain
Lead Logistics Coordinator,Windmere Consulting Group,"Austin, TX",Full-time,"SAP, Excel, Contract Negotiation, Procurement, Cost-Benefit Analysis",117868,139743,Supply Chain
Intern Logistics Coordinator,Foxglove Operations,Remote,Internship,"Agile Methodology, NetSuite, Excel, Supply Chain Analysis, Excel Financial Modeling, SAP, Risk Management",22233,38509,Supply Chain
Manager Agile Coach,Summit Ledger Partners,"San Francisco, CA",Contract,"Stakeholder Management, Facilitation, Monday.com, Change Management, Asana, SAFe (Scaled Agile Framework), Risk Assessment (Projects), Trello",117346,138015,Project & Program Management
Intern Supply Chain Coordinator,Northgate Operations Inc,Remote,Internship,"SAP, Critical Thinking, NetSuite, KPI Development, Supply Chain Analysis, Vendor Management, Procurement, Contract Negotiation",27802,44704,Supply Chain
Operations Analyst,Marlow Bay Group,Remote,Contract,"Cost-Benefit Analysis, Cross-team Coordination, QuickBooks, NetSuite, Agile Methodology, Business Analysis, Data-Driven Decision Making",80511,97992,Business Operations
Senior Operations Associate,Cedarpine Logistics,"Toronto, ON",Full-time,"Excel Financial Modeling, Business Analysis, NetSuite",100311,113426,Business Operations
Intern Procurement Manager,Thistledown Operations,Remote,Full-time,"Risk Management, KPI Development, Cost-Benefit Analysis, SAP, Procurement, Budgeting & Forecasting",20630,33914,Supply Chain
Director Supply Chain Manager,Briarcliff Supply Group,"Toronto, ON",Full-time,"NetSuite, Decision Making, Vendor Management, KPI Development",152026,178987,Supply Chain
Junior Purchasing Coordinator,Glenridge Procurement Group,"Los Angeles, CA",Full-time,"Cost-Benefit Analysis, Excel, Contract Negotiation, Risk Management, Budgeting & Forecasting",56432,62471,Supply Chain
Logistics Coordinator,Elmswood Trading Co,Remote,Part-time,"Git, Contract Negotiation, Excel, Cost-Benefit Analysis, KPI Development, Supply Chain Analysis",78068,88084,Supply Chain
Lead Inventory Analyst,Ivyholt Consulting Group,"Berlin, Germany",Full-time,"Excel, Budgeting & Forecasting, Problem Solving, Supply Chain Analysis, Risk Management, NetSuite",130884,151130,Supply Chain
Director Business Operations Manager,Yardley Logistics Co,"Atlanta, GA",Full-time,"P&L Management, Excel, Team Leadership, Cross-team Coordination",147384,169619,Business Operations
Principal Agile Coach,Hartsfield Supply Chain Partners,"Atlanta, GA",Full-time,"Confluence, Kanban, Scrum, Roadmap Planning, Change Management, Risk Assessment (Projects)",151997,179512,Project & Program Management
Intern Supply Chain Analyst,Longmoor Logistics Group,"Atlanta, GA",Internship,"KPI Development, Budgeting & Forecasting, Contract Negotiation, Cost-Benefit Analysis, Data Analysis, Excel",23098,32377,Supply Chain
Project Manager,Millbrook Distribution Group,"Atlanta, GA",Full-time,"Gantt Chart Planning, Scrum, Sprint Planning",75167,94313,Project & Program Management
Lead Project Coordinator,Overlook Sourcing Co,"London, UK",Full-time,"Roadmap Planning, Gantt Chart Planning, resource allocation, Retrospective Facilitation, Milestone Tracking, SAFe (Scaled Agile Framework)",119428,136130,Project & Program Management
Intern Operations Coordinator,Brightfield Sourcing,Remote,Internship,"Process Improvement, Excel Financial Modeling, SAP, Cost-Benefit Analysis, Presentation Skills, Data-Driven Decision Making, Vendor Management, Stakeholder Management",24365,35563,Business Operations
Procurement Manager,Ridgemont Sourcing Solutions,"Boston, MA",Full-time,"Budgeting & Forecasting, Excel, Critical Thinking, KPI Development, NetSuite",78236,84853,Supply Chain
Senior Operations Coordinator,Elmswood Trading Co,"Austin, TX",Full-time,"Excel Financial Modeling, KPI Development, P&L Management, Business Analysis, SAP, Stakeholder Management",107106,132136,Business Operations
Senior Project Manager,Auburn Peak Logistics,Remote,Part-time,"Confluence, Roadmap Planning, Critical Thinking, PRINCE2, Monday.com, Retrospective Facilitation, Portfolio Management",110668,121385,Project & Program Management
Purchasing Coordinator,Ivyholt Consulting Group,Remote,Full-time,"Risk Management, NetSuite, Procurement, SAP, Excel",84652,90428,Supply Chain
Program Manager,Saltmarsh Supply Co,"Bangalore, India",Contract,"Critical Thinking, PMP Certification, Microsoft Project, Requirements Gathering, Jira, Retrospective Facilitation",77293,95038,Project & Program Management
Director Logistics Manager,Oakhaven Supply Solutions,"Boston, MA",Contract,"Risk Management, Supply Chain Analysis, KPI Development",151572,164190,Supply Chain
Senior Technical Program Manager,Ashwater Consulting,"London, UK",Full-time,"Monday.com, Budget Management (Projects), Asana, PRINCE2, Critical Thinking",99038,118718,Project & Program Management
Senior PMO Lead,Skyline Ventures IT,Remote,Full-time,"Problem Solving, Stakeholder Management, Change Management, Scrum, PRINCE2, Retrospective Facilitation",96879,116302,Project & Program Management
Director Supply Chain Manager,Meridian Apps,"San Francisco, CA",Full-time,"Supply Chain Analysis, Excel Financial Modeling, Cost-Benefit Analysis, NetSuite, Time Management",158782,179532,Supply Chain
Senior Operations Manager,Wellspring Procurement Partners,Remote,Full-time,"Data-Driven Decision Making, Excel Financial Modeling, Budgeting & Forecasting",107194,131461,Business Operations
Director Logistics Manager,Oakhaven Supply Solutions,Remote,Full-time,"Excel Financial Modeling, NetSuite, Contract Negotiation, SAP",146177,170389,Supply Chain
Senior Agile Coach,Underhill Ventures Group,Remote,Full-time,"Confluence, SAFe (Scaled Agile Framework), Change Management, Kanban, Retrospective Facilitation",102887,119203,Project & Program Management
Fulfillment Operations Manager,Longmoor Logistics Group,"Chicago, IL",Full-time,"Excel, Decision Making, NetSuite, SAP",110885,145812,Supply Chain
Principal Strategy & Operations Manager,Silverton Logistics,"Berlin, Germany",Full-time,"Cross-team Coordination, Process Improvement, NetSuite, Agile Methodology",147593,169318,Business Operations
Lead Procurement Specialist,Ivyholt Consulting Group,"Atlanta, GA",Full-time,"Cross-functional Collaboration, KPI Development, Vendor Management, Contract Negotiation, NetSuite",115962,131395,Supply Chain
Senior Strategy & Operations Manager,Brightfield Sourcing,Remote,Part-time,"QuickBooks, Vendor Management, KPI Development, Data-Driven Decision Making, Cross-team Coordination, Excel Financial Modeling, Excel",102809,118089,Business Operations
Intern Agile Coach,Justwell Sourcing Co,"Seattle, WA",Internship,"Retrospective Facilitation, Roadmap Planning, Vendor Coordination, Microsoft Project, Requirements Gathering, Milestone Tracking",24827,36933,Project & Program Management
Lead Vendor Manager,Foxglove Operations,"Chicago, IL",Full-time,"Procurement, NetSuite, SAP, Cost-Benefit Analysis, Budgeting & Forecasting",126697,142960,Supply Chain
Lead Sourcing Analyst,Summit Ledger Partners,"Los Angeles, CA",Full-time,"Excel, SAP, Cost-Benefit Analysis, Contract Negotiation, Risk Management, Data Analysis, NetSuite",129247,148536,Supply Chain
Category Manager,Ironwood Systems,"Los Angeles, CA",Full-time,"Budgeting & Forecasting, Procurement, NetSuite, Data Analysis",77629,93704,Supply Chain
Intern Scrum Master,Emberline Trading Co,"Seattle, WA",Internship,"PRINCE2, Portfolio Management, Kanban, SAFe (Scaled Agile Framework), Budget Management (Projects), Trello, Microsoft Project, Decision Making",20154,31494,Project & Program Management
Revenue Operations Analyst,Glenridge Procurement Group,Remote,Contract,"SAP, Excel, Stakeholder Management, Data-Driven Decision Making, Negotiation, Budgeting & Forecasting, P&L Management",81713,101251,Business Operations
Senior Fulfillment Operations Manager,Justwell Sourcing Co,"San Francisco, CA",Full-time,"Supply Chain Analysis, Excel, Vendor Management, Procurement",108308,121848,Supply Chain
Staff Scrum Master,Larkspur Freight Partners,"Boston, MA",Contract,"Agile Methodology, MS Project, Risk Assessment (Projects), PRINCE2, Change Management",139817,168709,Project & Program Management
Procurement Manager,Nettlefield Ventures,Remote,Internship,"Budgeting & Forecasting, Data Analysis, Critical Thinking, Risk Management, Procurement",80996,98186,Supply Chain
Manager Agile Coach,Saltmarsh Supply Co,Remote,Internship,"Stakeholder Management, Vendor Coordination, PMP Certification, Agile Methodology",124232,135587,Project & Program Management
Business Operations Manager,Larkspur Freight Partners,Remote,Contract,"Budgeting & Forecasting, QuickBooks, Excel",83687,92170,Business Operations
PMO Lead,Stonewick Supply Chain Co,"London, UK",Full-time,"Asana, Change Management, PMP Certification, Budget Management (Projects), Portfolio Management, Risk Assessment (Projects), Sprint Planning",82473,95127,Project & Program Management
Senior Operations Analyst,Bluepeak Software,Singapore,Full-time,"Budgeting & Forecasting, KPI Development, Cost-Benefit Analysis, Business Analysis, Data-Driven Decision Making",106104,130723,Business Operations
Junior Procurement Manager,Windmere Consulting Group,"New York, NY",Full-time,"KPI Development, Cost-Benefit Analysis, Data Analysis, Contract Negotiation, Budgeting & Forecasting",56847,67441,Supply Chain
Junior Operations Associate,Pinecrest Digital,Remote,Part-time,"Time Management, Stakeholder Management, Cost-Benefit Analysis, SAP, NetSuite, Cross-team Coordination",57866,67240,Business Operations
Intern Procurement Specialist,Pinecrest Digital,Remote,Internship,"Facilitation, NetSuite, Risk Management, Vendor Management",21477,25858,Supply Chain
Senior Purchasing Coordinator,Silverton Logistics,Remote,Part-time,"Procurement, Excel, NetSuite, Vendor Management, Budgeting & Forecasting, Risk Management",103960,112961,Supply Chain
Lead Sourcing Analyst,Elmswood Trading Co,Remote,Full-time,"Excel, SAP, NetSuite, Risk Management, Cross-functional Collaboration, Cost-Benefit Analysis",122904,142789,Supply Chain
Principal Scrum Master,Pinegrove Freight Co,"Dublin, Ireland",Full-time,"Agile Methodology, Vendor Coordination, Scrum, PRINCE2, Time Management, SAFe (Scaled Agile Framework)",139066,148787,Project & Program Management
Junior Business Operations Manager,Pinecrest Digital,Remote,Full-time,"Business Analysis, KPI Development, Excel, Vendor Management, QuickBooks",56705,62135,Business Operations
Junior Business Operations Manager,Thistledown Operations,"Los Angeles, CA",Internship,"Vendor Management, Cost-Benefit Analysis, SAP, Process Improvement, NetSuite, Excel Financial Modeling, Negotiation, Stakeholder Management",55694,69256,Business Operations
Manager Operations Associate,Northgate Operations Inc,"Seattle, WA",Contract,"Process Improvement, P&L Management, Cost-Benefit Analysis, SAP, Business Analysis, Vendor Management, KPI Development",131148,162164,Business Operations
Senior Project Coordinator,Cedarpine Logistics,"Boston, MA",Internship,"PRINCE2, Milestone Tracking, Risk Assessment (Projects), Sprint Planning, Negotiation, Agile Methodology, Retrospective Facilitation",102607,111729,Project & Program Management
Senior PMO Lead,Yardley Logistics Co,Remote,Full-time,"Milestone Tracking, Change Management, Gantt Chart Planning",101952,118146,Project & Program Management
Scrum Master,Bluepeak Software,"Chicago, IL",Full-time,"Stakeholder Management, Kanban, Critical Thinking, Portfolio Management, Jira, Gantt Chart Planning, Program Management, Monday.com",78568,92117,Project & Program Management
Lead Inventory Analyst,Meridian Apps,Remote,Part-time,"KPI Development, Negotiation, Procurement, Risk Management, Cost-Benefit Analysis",124792,138359,Supply Chain
Lead Sourcing Analyst,Yardley Logistics Co,"San Francisco, CA",Full-time,"Procurement, Critical Thinking, Excel, Risk Management",128148,153222,Supply Chain
Lead Sourcing Analyst,Thistledown Operations,Remote,Full-time,"Data Analysis, Procurement, Problem Solving, Vendor Management",126998,137277,Supply Chain
Operations Coordinator,Fernbridge Holdings,"Bangalore, India",Contract,"Negotiation, KPI Development, Excel Financial Modeling, QuickBooks, Cost-Benefit Analysis, Cross-team Coordination",84371,95677,Business Operations
Junior Sourcing Analyst,Copperfield Ventures,"New York, NY",Full-time,"SAP, Cost-Benefit Analysis, Vendor Management, NetSuite, KPI Development, Contract Negotiation",59711,72350,Supply Chain
Junior Procurement Specialist,Wellspring Procurement Partners,"Toronto, ON",Full-time,"Risk Management, SAP, Time Management, Cost-Benefit Analysis, KPI Development, NETSUITE, Budgeting & Forecasting, Procurement",60716,65065,Supply Chain
Manager Procurement Specialist,Saltmarsh Supply Co,"Denver, CO",Internship,"Procurement, Cost-Benefit Analysis, SAP, Risk Management, Vender Management, KPI Development, Data Analysis",121310,140548,Supply Chain
Operations Manager,Harborline Technologies,Remote,Full-time,"Git, NetSuite, Process Improvement, Business Analysis, P&L Management, QuickBooks, Data-Driven Decision Making",84425,93209,Business Operations
Senior Vendor Manager,Underhill Ventures Group,Remote,Part-time,"Procurement, Cost-Benefit Analysis, Presentation Skills, KPI Development, Vendor Management",101701,116014,Supply Chain
Lead Procurement Specialist,Stonewick Supply Chain Co,"Atlanta, GA",Full-time,"Procurement, Budgeting & Forecasting, Cost-Benefit Analysis, SAP, NetSuite, Risk Management, Team Leadership",128369,145909,Supply Chain
Junior Supply Chain Coordinator,Northgate Operations Inc,"Boston, MA",Full-time,"KPI Development, Procurement, NetSuite, Risk Management, Budgeting & Forecasting",62299,77192,Supply Chain
Manager Agile Coach,Wellspring Procurement Partners,Remote,Full-time,"Kanban, Risk Assessment (Projects), Cross-functional Collaboration, Budget Management (Projects), Monday.com, Stakeholder Management",126347,160392,Project & Program Management
Director of Operations,Hartsfield Supply Chain Partners,"Denver, CO",Internship,"NetSuite, Cost-Benefit Analysis, P&L Management, KPI Development, Stakeholder Management, Communication, SAP",148216,158268,Business Operations
Lead Scrum Master,Millbrook Distribution Group,"Denver, CO",Part-time,"Resource Allocation, Monday.com, SAFe (Scaled Agile Framework), Confluence, Milestone Tracking, Change Management, Gantt Chart Planning",120680,145903,Project & Program Management
Category Manager,Amberfield Logistics,"Seattle, WA",Full-time,"Negotiation, Contract Negotiation, Cost-Benefit Analysis, KPI Development, Risk Management, Vendor Management",83376,100907,Supply Chain
Principal Technical Program Manager,Quarrystone Enterprises,"Atlanta, GA",Full-time,"Cross-team Coordination, Confluence, Communication, Monday.com, Scrum, Risk Assessment (Projects)",143493,154837,Project & Program Management
Logistics Manager,Millbrook Distribution Group,Remote,Internship,"Excel Financial Modeling, Problem Solving, Supply Chain Analysis, Vendor Management",121973,154545,Supply Chain
Demand Planner,Valemont Distribution,"Seattle, WA",Full-time,"Budgeting & Forecasting, Contract Negotiation, SAP, KPI Development",80885,96345,Supply Chain
Lead Vendor Manager,Cobalt Harbor Group,Remote,Full-time,"Excel, Contract Negotiation, Team Leadership, KPI Development, Cost-Benefit Analysis, Risk Management, Budgeting & Forecasting, Procurement",118874,142537,Supply Chain
Purchasing Coordinator,Larkspur Freight Partners,"Berlin, Germany",Full-time,"Procurement, Vendor Management, Risk Management",80397,85557,Supply Chain
Junior Sourcing Analyst,Meridian Apps,"San Francisco, CA",Part-time,"Risk Management, Procurement, Excel, Budgeting & Forecasting",56861,68773,Supply Chain
Staff Project Manager,Redwood Data Systems,Remote,Full-time,"Kanban, Program Management, Gantt Chart Planning, Budget Management (Projects)",137710,162982,Project & Program Management
Lead Program Manager,Briarcliff Supply Group,"New York, NY",Full-time,"Roadmap Planning, Git, Monday.com, Vendor Coordination, Asana, Resource Allocation",123319,146843,Project & Program Management
Manager Director of Operations,Amberfield Logistics,"Los Angeles, CA",Internship,"SAP, Excel Financial Modeling, Stakeholder Management",129184,152549,Business Operations
Intern Purchasing Coordinator,Emberline Trading Co,Remote,Internship,"Budgeting & Forecasting, Procurement, KPI Development, Data Analysis",20927,33336,Supply Chain
Lead Category Manager,Kingsford Supply Group,"Berlin, Germany",Part-time,"Vendor Management, Risk Management, Data Analysis, KPI Development, Cost-Benefit Analysis, SAP",115618,134920,Supply Chain
Manager Supply Chain Coordinator,Quarrystone Enterprises,"Austin, TX",Full-time,"Excel, Presentation Skills, Vendor Management, Excel Financial Modeling, SAP",131514,150613,Supply Chain
Director Supply Chain Analyst,Redwood Data Systems,"San Francisco, CA",Internship,"Supply Chain Analysis, Cost-Benefit Analysis, Contract Negotiation, sap, sap",159605,179427,Supply Chain
Logistics Manager,Justwell Sourcing Co,"Boston, MA",Full-time,"SAP, Risk Management, Data Analysis, Vendor Management, Budgeting & Forecasting, Problem Solving, Excel Financial Modeling, NetSuite",77584,90216,Supply Chain
Senior Supply Chain Coordinator,Saltmarsh Supply Co,Remote,Full-time,"Procurement,   Data Analysis , NetSuite, Agile Methodology, KPI Development, Risk Management",108144,119528,Supply Chain
Principal Strategy & Operations Manager,Quarrystone Enterprises,"Bangalore, India",Internship,"Cross-team Coordination, Vendor Management, Cost-Benefit Analysis, KPI Development",139008,149657,Business Operations
Lead Operations Associate,Pinecrest Digital,"Dublin, Ireland",Full-time,"NetSuite, Vendor Management, Budgeting & Forecasting, QuickBooks",117001,130374,Business Operations
Director Strategy & Operations Manager,Nettlefield Ventures,Remote,Full-time,"P&L Management, Critical Thinking, Business Analysis, Process Improvement, KPI Development, NetSuite, Excel Financial Modeling",146315,165000,Business Operations
Lead Agile Coach,Ironhollow Freight Co,Remote,Internship,"Program Management, Risk Assessment (Projects), Microsoft Project, Facilitation, Scrum, Change Management",121972,146065,Project & Program Management
Lead Project Coordinator,Timberline Sourcing Group,Remote,Internship,"Time Management, Microsoft Project, Budget Management (Projects), Portfolio Management, Jira",130334,144262,Project & Program Management
Staff Project Manager,Duskwood Logistics Partners,"Vancouver, BC",Full-time,"Problem Solving, Retrospective Facilitation, Roadmap Planning, Trello, PMP Certification",128306,137608,Project & Program Management
Senior Project Manager,Ashwater Consulting,"San Francisco, CA",Full-time,"Time Management, Microsoft Project, Kanban, Jira, Sprint Planning",106990,120528,Project & Program Management
Junior Operations Analyst,Ashwater Consulting,Remote,Full-time,"Vendor Management, Budgeting & Forecasting, Problem Solving, NetSuite",58368,66089,Business Operations
Principal Director of Operations,Quarrystone Enterprises,Remote,Full-time,"Business Analysis, NetSuite, KPI Development, Negotiation",141778,161424,Business Operations
Director Business Operations Manager,Cascade Freight Systems,Remote,Contract,"Excel, Process Improvement, Vendor Management, NetSuite, Budgeting & Forecasting, KPI Development, Cost-Benefit Analysis",158017,181157,Business Operations
Junior Logistics Coordinator,Auburn Peak Logistics,"Toronto, ON",Contract,"Vendor Management, Communication, Contract Negotiation, Procurement, KPI Development",55510,65692,Supply Chain
Senior Supply Chain Coordinator,Thistledown Operations,"San Francisco, CA",Contract,"Budgeting & Forecasting, Excel, Cost-Benefit Analysis",96740,111632,Supply Chain
Manager Purchasing Coordinator,Yardley Logistics Co,"San Francisco, CA",Internship,"Vendor Management, Budgeting & Forecasting, NetSuite, Cost-Benefit Analysis",121651,145521,Supply Chain
Procurement Manager,Overlook Sourcing Co,Remote,Full-time,"Risk Management, NetSuite, Cost-Benefit Analysis, Contract Negotiation, Vendor Management",82713,100362,Supply Chain
Manager Scrum Master,Cascade Freight Systems,"Austin, TX",Internship,"Confluence, SAFe (Scaled Agile Framework), Microsoft Project, Risk Assessment (Projects), Budget Management (Projects), Scrum, Roadmap Planning",119481,145080,Project & Program Management
Lead Category Manager,Cedarpine Logistics,"Seattle, WA",Full-time,"Risk Management, Vendor Management, Budgeting & Forecasting, Excel, Cost-Benefit Analysis, Data Analysis",123186,143251,Supply Chain
Lead Project Manager,Norwich Point Consulting,Remote,Part-time,"REQUIREMENTS GATHERING, Sprint Planning, Roadmap Planning, Retrospective Facilitation, Agile Methodology, Trello, Gantt Chart Planning",115055,140398,Project & Program Management
Business Operations Manager,Juniper Ridge Partners,Remote,Full-time,"P&L Management, Stakeholder Management, QuickBooks, NetSuite, SAP, Cost-Benefit Analysis, Critical Thinking",114483,131250,Business Operations
Manager PMO Lead,Ashgrove Consulting,Remote,Part-time,"PRINCE2, Git, Vendor Coordination, Gantt Chart Planning, Trello, Resource Allocation, SAFe (Scaled Agile Framework), Risk Assessment (Projects)",113567,140189,Project & Program Management
Manager Sourcing Analyst,Cedarpine Logistics,Remote,Full-time,"NetSuite, Excel, Cross-functional Collaboration, Procurement, Contract Negotiation,   Data Analysis , Risk Management",125359,138290,Supply Chain
Principal Revenue Operations Analyst,Zephyrhold Enterprises,"Los Angeles, CA",Full-time,"Excel, Stakeholder Management, Cost-Benefit Analysis, Budgeting & Forecasting, KPI Development",146329,171555,Business Operations
Principal Director of Operations,Onyx Bridge Tech,Remote,Internship,"Cross-team Coordination, Critical Thinking, Process Improvement, P&L Management, SAP, Cost-Benefit Analysis, Stakeholder Management, Data-Driven Decision Making",142092,164436,Business Operations
Principal Scrum Master,Ironhollow Freight Co,"London, UK",Full-time,"Stakeholder Management, Change Management, Milestone Tracking, Budget Management (Projects)",147435,158548,Project & Program Management
Manager Supply Chain Analyst,Ravensmoor Operations,Remote,Full-time,"KPI Development, Decision Making, Excel Financial Modeling, Contract Negotiation, Excel",116691,144745,Supply Chain
Intern Inventory Analyst,Northgate Operations Inc,"Chicago, IL",Internship,"KPI Development, Vendor Management, Procurement",20140,31411,Supply Chain
Junior Supply Chain Manager,Valemont Distribution,"Seattle, WA",Part-time,"Team Leadership, SAP, Risk Management, Excel Financial Modeling, KPI Development, Procurement",56668,60923,Supply Chain
Intern Project Manager,Cedarpine Logistics,Remote,Internship,"Monday.com, Requirements Gathering, Milestone Tracking, Gantt Chart Planning, Microsoft Project, Agile Methodology, Scrum",21206,35973,Project & Program Management
Intern Agile Coach,Brightfield Sourcing,"San Francisco, CA",Internship,"Roadmap Planning, Agile Methodology, Portfolio Management, Sprint Planning, Microsoft Project, Program Management, Requirements Gathering",25169,29186,Project & Program Management
Senior Supply Chain Coordinator,Onyx Bridge Tech,Singapore,Full-time,"Excel, Cost-Benefit Analysis, Procurement",106418,120262,Supply Chain
Principal Agile Coach,Ivyholt Consulting Group,Remote,Full-time,"Agile Methodology, Sprint Planning, Microsoft Project, Scrum, Stakeholder Management, Risk Assessment (Projects), Gantt Chart Planning",146074,164788,Project & Program Management
Principal PMO Analyst,Kettlebrook Enterprises,"Atlanta, GA",Full-time,"Risk Assessment (Projects), Decision Making, Trello, Gantt Chart Planning, Vendor Coordination, Milestone Tracking",135850,160275,Project & Program Management
Vendor Manager,Palisade Operations Group,"San Francisco, CA",Full-time,"Risk Management, SAP, Negotiation, Budgeting & Forecasting",83524,89184,Supply Chain
Junior Purchasing Coordinator,Wrenfield Sourcing Partners,"London, UK",Full-time,"NetSuite, Excel, Data Analysis, SAP, Contract Negotiation",56740,67715,Supply Chain
Manager Operations Analyst,Ashgrove Consulting,"Los Angeles, CA",Full-time,"Excel Financial Modeling, Process Improvement, Cost-Benefit Analysis, Cross-team Coordination, P&L Management, Vendor Management, Team Leadership, Budgeting & Forecasting",122709,149474,Business Operations
Senior Procurement Specialist,Brightfield Sourcing,"Los Angeles, CA",Internship,"Risk Management, Contract Negotiation, KPI Development",104826,130831,Supply Chain
Junior Procurement Specialist,Redwood Data Systems,"Toronto, ON",Contract,"Budgeting & Forecasting, NetSuite, Cost-Benefit Analysis, SAP, Risk Management, KPI Development",57192,73750,Supply Chain
Junior Project Coordinator,Ironhollow Freight Co,Remote,Full-time,"Portfolio Management, Retrospective Facilitation, Kanban, PMP Certification, Critical Thinking",61143,66758,Project & Program Management
Junior Operations Analyst,Farrowdale Operations Group,"Berlin, Germany",Full-time,"Cross-functional Collaboration, Cross-team Coordination, QuickBooks, Budgeting & Forecasting, KPI Development, Excel, Stakeholder Management",60502,72821,Business Operations
Lead Procurement Specialist,Timberline Sourcing Group,"Dublin, Ireland",Part-time,"Vendor Management, Git, Data Analysis, Risk Management, NetSuite",127490,154725,Supply Chain
Director Strategy & Operations Manager,Larkspur Freight Partners,Remote,Full-time,"Budgeting & Forecasting, Excel, QuickBooks",163370,191115,Business Operations
Senior Director of Operations,Saltmarsh Supply Co,"Atlanta, GA",Full-time,"KPI Development, Data-Driven Decision Making, P&L Management, Git, Process Improvement, Cost-Benefit Analysis",105240,114908,Business Operations
Principal Strategy & Operations Manager,Longmoor Logistics Group,"Chicago, IL",Full-time,"KPI Development, Data-Driven Decision Making, Cross-team Coordination, Vendor Management, NetSuite, QuickBooks, SAP, Communication",141039,160998,Business Operations
Technical Program Manager,Amberfield Logistics,Remote,Full-time,"PMP Certification, Portfolio Management, Resource Allocation, PRINCE2, Kanban, Trello, Microsoft Project",75515,91272,Project & Program Management
Lead Procurement Specialist,Copperfield Ventures,"Seattle, WA",Full-time,"Presentation Skills, Cost-Benefit Analysis, Excel, Risk Management",122422,146133,Supply Chain
Junior Procurement Specialist,Larkspur Freight Partners,"Boston, MA",Full-time,"Budgeting & Forecasting, Facilitation, Contract Negotiation, Excel, KPI Development",56807,67118,Supply Chain
Director Inventory Analyst,Harborline Technologies,"Los Angeles, CA",Full-time,"Communication, SAP, NetSuite, Budgeting & Forecasting",158170,181371,Supply Chain
Staff Program Manager,Silverton Logistics,"Seattle, WA",Internship,"Resource Allocation, Confluence, Roadmap Planning, Presentation Skills",137962,166692,Project & Program Management
Intern PMO Lead,Skyline Ventures IT,"Denver, CO",Internship,"Resource Allocation, Portfolio Management, Milestone Tracking, Agile Methodology, Change Management, Trello, Jira",25218,39730,Project & Program Management
Senior Operations Associate,Silverton Logistics,"Berlin, Germany",Internship,"NetSuite, QuickBooks, Business Analysis, Excel, Budgeting & Forecasting, KPI Development",105160,123991,Business Operations
Senior Supply Chain Analyst,Cedarpine Logistics,"London, UK",Full-time,"Budgeting & Forecasting, SAP, Contract Negotiation",97753,125768,Supply Chain
Senior Supply Chain Manager,Brightfield Sourcing,Remote,Full-time,"SAP, Excel Financial Modeling, KPI Development, Contract Negotiation, Supply Chain Analysis, Critical Thinking",96266,107390,Supply Chain
Principal Technical Program Manager,Granite Vale Enterprises,"Bangalore, India",Contract,"Risk Assessment (Projects), Change Management, PMP Certification, Stakeholder Management, Resource Allocation",137059,164474,Project & Program Management
Lead Logistics Coordinator,Ravensmoor Operations,"Austin, TX",Full-time,"Excel Financial Modeling, NetSuite, Excel, KPI Development, Contract Negotiation, Negotiation, Vendor Management, Budgeting & Forecasting",127222,145999,Supply Chain
Junior Supply Chain Analyst,Amberfield Logistics,"Denver, CO",Full-time,"Risk Management, Cost-Benefit Analysis, Problem Solving, Budgeting & Forecasting",59725,73303,Supply Chain
Intern Project Coordinator,Pinegrove Freight Co,"Seattle, WA",Full-time,"Requirements Gathering, Trello, Vendor Coordination, Gantt Chart Planning, Monday.com, Milestone Tracking, Budget Management (Projects)",22752,34443,Project & Program Management
Senior Vendor Manager,Elmswood Trading Co,"Chicago, IL",Full-time,"Excel, Cost-Benefit Analysis, KPI Development",106173,119708,Supply Chain
Business Operations Manager,Fernbridge Holdings,Remote,Full-time,"Data-Driven Decision Making, Presentation Skills, Stakeholder Management, KPI Development, SAP",80963,90077,Business Operations
Manager Logistics Coordinator,Windmere Consulting Group,"New York, NY",Full-time,"KPI Development, Cost-Benefit Analysis, Excel Financial Modeling, Contract Negotiation, Problem Solving, Procurement",128669,153935,Supply Chain
Junior Project Manager,Overlook Sourcing Co,"San Francisco, CA",Full-time,"Change Management, Negotiation, Kanban, Agile Methodology",59478,71740,Project & Program Management
Staff PMO Lead,Kettlebrook Enterprises,"San Francisco, CA",Internship,"Confluence, Stakeholder Management, Trello, Scrum, Cross-team Coordination, Asana, Microsoft Project",135700,154157,Project & Program Management
Manager Director of Operations,Thornfield Industries,Remote,Full-time,"NetSuite, Stakeholder Management, Cross-team Coordination",128223,142758,Business Operations
Principal Operations Analyst,Cascade Freight Systems,Remote,Contract,"Data-Driven Decision Making, Excel Financial Modeling, Process Improvement, Presentation Skills, Cross-team Coordination, SAP",135246,145388,Business Operations
Junior Operations Associate,Lockwood Trading Partners,"Boston, MA",Full-time,"Time Management, P&L Management, Process Improvement, Cross-team Coordination, NetSuite, KPI Development, Budgeting & Forecasting, SAP",62198,70897,Business Operations
Senior Inventory Analyst,Oldbridge Supply Solutions,"Vancouver, BC",Internship,"Excel Financial Modeling, NetSuite, Budgeting & Forecasting, Excel, Risk Management, Supply Chain Analysis, Agile Methodology, Vendor Management",110590,134660,Supply Chain
Junior Strategy & Operations Manager,Skyline Ventures IT,Remote,Internship,"Facilitation, Vendor Management, Budgeting & Forecasting, SAP, Excel, P&L Management, QuickBooks",61069,75647,Business Operations
Junior Procurement Specialist,Lockwood Trading Partners,"San Francisco, CA",Full-time,"Risk Management, Budgeting & Forecasting, Cost-Benefit Analysis",58788,63672,Supply Chain
Senior Category Manager,Kingsford Supply Group,"Toronto, ON",Full-time,"Budgeting & Forecasting, Contract Negotiation, NetSuite, Cross-functional Collaboration, Risk Management, KPI Development, Cost-Benefit Analysis",107260,125987,Supply Chain
Intern Logistics Manager,Wrenfield Sourcing Partners,"Seattle, WA",Internship,"Cost-Benefit Analysis, SAP, Data Analysis, Supply Chain Analysis, Vendor Management, Presentation Skills, Excel",24531,41007,Supply Chain
Junior Inventory Analyst,Farrowdale Operations Group,"San Francisco, CA",Full-time,"Presentation Skills, Vendor Management, SAP, Risk Management, Procurement",59652,70944,Supply Chain
Procurement Manager,Kingsford Supply Group,"Chicago, IL",Full-time,"Procurement, Data Analysis, Contract Negotiation, KPI Development, Risk Management, Budgeting & Forecasting",75507,92494,Supply Chain
Manager Agile Coach,Stonewick Supply Chain Co,"Seattle, WA",Full-time,"Jira, Change Management, Presentation Skills, Stakeholder Management",111445,137346,Project & Program Management
Vendor Manager,Kestrel Point Enterprises,Remote,Contract,"Risk Management, Vendor Management, NetSuite",82756,100489,Supply Chain
Senior Supply Chain Analyst,Elmswood Trading Co,"Los Angeles, CA",Full-time,"Excel, KPI Development, Team Leadership, Risk Management, Vendor Management, Contract Negotiation, Data Analysis, Excel Financial Modeling",97837,112307,Supply Chain
Junior Inventory Analyst,Wellspring Procurement Partners,Remote,Contract,"SAP, Excel, Contract Negotiation",59125,72650,Supply Chain
Senior Business Operations Manager,Moorland Distribution,"London, UK",Internship,"Team Leadership, Cross-team Coordination, Stakeholder Management, Cost-Benefit Analysis, Business Analysis",109450,129148,Business Operations
Procurement Manager,Amberfield Logistics,"New York, NY",Full-time,"Vendor Management, SAP, NetSuite, Budgeting & Forecasting",77913,88471,Supply Chain
Junior Director of Operations,Larkspur Freight Partners,"Seattle, WA",Full-time,"P&L Management, NetSuite, KPI Development, Data-Driven Decision Making,   Cross-team Coordination , Process Improvement, Critical Thinking, Cost-Benefit Analysis",57356,68346,Business Operations
Project Manager,Emberline Trading Co,Remote,Full-time,"Asana, Scrum, Risk Assessment (Projects), Sprint Planning, Cross-functional Collaboration, PRINCE2, PMP Certification",81361,94137,Project & Program Management
Procurement Manager,Underhill Ventures Group,"Boston, MA",Full-time,"Cost-Benefit Analysis, KPI Development, NetSuite, Facilitation",78158,94305,Supply Chain
Lead PMO Lead,Wellspring Procurement Partners,"Chicago, IL",Full-time,"Confluence, Roadmap Planning, Scrum, PRINCE2, Risk Assessment (Projects), Milestone Tracking, PMP Certification",123592,133073,Project & Program Management
Technical Program Manager,Vertex Cloud Labs,"San Francisco, CA",Full-time,"Roadmap Planning, PMP Certification, Microsoft Project, Risk Assessment (Projects), Kanban, Vendor Coordination, Negotiation, Asana",127331,161453,Project & Program Management
Senior Operations Manager,Onyx Bridge Tech,"New York, NY",Contract,"Budgeting & Forecasting, Data-Driven Decision Making, Business Analysis, Excel Financial Modeling",101419,127685,Business Operations
Manager Purchasing Coordinator,Ironwood Systems,"San Francisco, CA",Part-time,"Vendor Management, Data Analysis, NetSuite, Procurement, Risk Management, Budgeting & Forecasting, Team Leadership, Excel",130977,160546,Supply Chain
Principal Director of Operations,Havencrest Partners,"Chicago, IL",Full-time,"QuickBooks, Business Analysis, Excel Financial Modeling, Cross-team Coordination",135995,146191,Business Operations
Senior Revenue Operations Analyst,Vertex Cloud Labs,"Atlanta, GA",Contract,"Cross-team Coordination, Business Analysis, Cross-functional Collaboration, Excel, SAP, P&L Management, QuickBooks, KPI Development",109402,123684,Business Operations
Intern Technical Program Manager,Farrowdale Operations Group,"New York, NY",Internship,"Facilitation, Retrospective Facilitation, SAFe (Scaled Agile Framework), Requirements Gathering",26785,36706,Project & Program Management
Intern Vendor Manager,Greystone Freight Solutions,"Vancouver, BC",Internship,"Risk Management, NetSuite, Excel, Contract Negotiation, KPI Development, SAP, Budgeting & Forecasting",22188,34788,Supply Chain
Principal Program Manager,Moorland Distribution,"Atlanta, GA",Full-time,"Communication, Vendor Coordination, Milestone Tracking, Trello, Monday.com, Agile Methodology, Portfolio Management, Microsoft Project",150420,173200,Project & Program Management
Category Manager,Underhill Ventures Group,"Seattle, WA",Full-time,"Contract Negotiation, Cost-Benefit Analysis, SAP, Risk Management",83811,102508,Supply Chain
Intern Revenue Operations Analyst,Nettlefield Ventures,"Toronto, ON",Internship,"Budgeting & Forecasting, Cross-team Coordination, Data-Driven Decision Making, Decision Making, Business Analysis, P&L Management",21051,34573,Business Operations
Lead Procurement Manager,Amberfield Logistics,Remote,Part-time,"Agile Methodology, Data Analysis, Risk Management, Vendor Management, Procurement",118721,127933,Supply Chain
Intern Procurement Manager,Ironhollow Freight Co,"Boston, MA",Internship,"Excel, Agile Methodology, Budgeting & Forecasting, NetSuite, Contract Negotiation",23690,34405,Supply Chain
Manager PMO Lead,Overlook Sourcing Co,Remote,Full-time,"Resource Allocation, Jira, Roadmap Planning, Trello, Milestone Tracking",113937,151260,Project & Program Management
Lead Program Manager,Pinegrove Freight Co,"Boston, MA",Internship,"PRINCE2, SAFe (Scaled Agile Framework), Portfolio Management, Cross-team Coordination, Change Management, Monday.com, Program Management",122432,140336,Project & Program Management
Lead Project Coordinator,Vertex Cloud Labs,"Austin, TX",Internship,"SAFe (Scaled Agile Framework), Resource Allocation, PRINCE2, Agile Methodology, Jira, Risk Assessment (Projects), Kanban",129433,139275,Project & Program Management
Manager Operations Coordinator,Moorland Distribution,"Berlin, Germany",Internship,"P&L Management, Process Improvement, Data-Driven Decision Making, Vendor Management, QuickBooks, Business Analysis, Stakeholder Management, Decision Making",127639,142248,Business Operations
Junior Category Manager,Ridgemont Sourcing Solutions,Remote,Full-time,"Contract Negotiation, Cost-Benefit Analysis, SAP, Vendor Management, Data Analysis, KPI Development",58142,74528,Supply Chain
Principal Project Manager,Kestrel Point Enterprises,"Toronto, ON",Internship,"Agile Methodology, Sprint Planning, Kanban, PRINCE2",137488,146687,Project & Program Management
Business Operations Manager,Windmere Consulting Group,Remote,Internship,"P&L Management, Excel Financial Modeling, Business Analysis",77250,89740,Business Operations
Lead Demand Planner,Pinecrest Digital,Remote,Full-time,"SAP, Data Analysis, Budgeting & Forecasting, Excel Financial Modeling, Supply Chain Analysis, Excel, Facilitation, KPI Development",125225,140114,Supply Chain
Senior Strategy & Operations Manager,Windmere Consulting Group,"Toronto, ON",Part-time,"QuickBooks, Data-Driven Decision Making, Process Improvement, Vendor Management, EXCEL, Budgeting & Forecasting, Business Analysis, EXCEL",97753,113534,Business Operations
PMO Analyst,Bluepeak Software,"Los Angeles, CA",Full-time,"Roadmap Planning, Retrospective Facilitation, Gantt Chart Planning, Scrum",81375,93391,Project & Program Management
Sourcing Analyst,Valemont Distribution,"New York, NY",Internship,"Risk Management, Excel, problem solving, NetSuite, Data Analysis, SAP, problem solving",76215,84992,Supply Chain
Staff Technical Program Manager,Northgate Operations Inc,"Berlin, Germany",Full-time,"Trello, Sprint Planning, Portfolio Management, Negotiation",139185,157774,Project & Program Management
Director Strategy & Operations Manager,Stonewick Supply Chain Co,"San Francisco, CA",Full-time,"Problem Solving, QuickBooks, KPI Development, Cost-Benefit Analysis, Process Improvement, SAP",147873,164260,Business Operations
Intern Supply Chain Coordinator,Millbrook Distribution Group,"Vancouver, BC",Internship,"Communication, Contract Negotiation, Vendor Management, Risk Management, NetSuite, KPI Development, Excel",26436,41836,Supply Chain
Operations Manager,Thornfield Industries,"Berlin, Germany",Full-time,"Excel, Excel Financial Modeling, Business Analysis, P&L Management",81383,90416,Business Operations
Manager Procurement Specialist,Foxglove Operations,Remote,Full-time,"NetSuite, Cost-Benefit Analysis, Time Management, Risk Management, Procurement, Contract Negotiation",120569,148732,Supply Chain
Vendor Manager,Pinegrove Freight Co,"San Francisco, CA",Full-time,"KPI Development, Procurement, Contract Negotiation, NetSuite",80672,86228,Supply Chain
Principal Operations Analyst,Kingsford Supply Group,"Boston, MA",Full-time,"QuickBooks, Cost-Benefit Analysis, Excel Financial Modeling, SAP, Vendor Management, Business Analysis, Stakeholder Management",140658,168527,Business Operations
Inventory Analyst,Justwell Sourcing Co,"Los Angeles, CA",Full-time,"Budgeting & Forecasting, Vendor Management, Risk Management, Contract Negotiation, Problem Solving, KPI Development, Cost-Benefit Analysis",76149,95862,Supply Chain
Senior Procurement Manager,Valemont Distribution,"Seattle, WA",Internship,"Data Analysis, Cross-functional Collaboration, Budgeting & Forecasting, Vendor Management, Excel, KPI Development, NetSuite, SAP",102636,118788,Supply Chain
Director Fulfillment Operations Manager,Farrowdale Operations Group,Remote,Full-time,"Budgeting & Forecasting, Data Analysis, Cost-Benefit Analysis",162833,187180,Supply Chain
Junior Demand Planner,Cobalt Harbor Group,"Austin, TX",Part-time,"Excel, Cross-functional Collaboration, Procurement, Data Analysis, Vendor Management",62689,74941,Supply Chain
Logistics Manager,Overlook Sourcing Co,"Austin, TX",Full-time,"Cost-Benefit Analysis, Excel Financial Modeling, Supply Chain Analysis, Procurement, Excel",128351,164378,Supply Chain
Junior Procurement Manager,Juniper Ridge Partners,Remote,Contract,"  KPI Development , SAP, Excel, Risk Management, NetSuite",59315,71207,Supply Chain
Project Manager,Wellspring Procurement Partners,"Berlin, Germany",Full-time,"Cross-team Coordination, Program Management, Jira, Monday.com, Communication, Gantt Chart Planning",113128,137968,Project & Program Management
Business Operations Manager,Yardley Logistics Co,"New York, NY",Full-time,"Excel Financial Modeling, Data-Driven Decision Making, KPI Development, Cost-Benefit Analysis, NetSuite",78683,92453,Business Operations
Manager PMO Lead,Ironhollow Freight Co,Remote,Full-time,"Confluence, Risk Assessment (Projects), PMP Certification, Resource Allocation, Decision Making, Cross-team Coordination, Program Management",131699,148122,Project & Program Management
Staff PMO Lead,Greystone Freight Solutions,"Austin, TX",Contract,"PRINCE2, Negotiation, Vendor Coordination, Cross-team Coordination, Monday.com, Sprint Planning, Stakeholder Management, Budget Management (Projects)",131748,147013,Project & Program Management
Junior Logistics Coordinator,Meridian Apps,"New York, NY",Full-time,"Vendor Management, Risk Management, KPI Development, Contract Negotiation, Procurement",57129,71346,Supply Chain
Category Manager,Pemberton Logistics Group,Remote,Full-time,"NetSuite, Procurement, SAP, Risk Management, Cross-functional Collaboration, Data Analysis, Excel",113520,136160,Supply Chain
Logistics Manager,Juniper Ridge Partners,Remote,Contract,"Contract Negotiation, Procurement, Data Analysis, KPI Development, Cost-Benefit Analysis, Excel",114611,142588,Supply Chain
Senior Vendor Manager,Wrenfield Sourcing Partners,"Los Angeles, CA",Full-time,"NetSuite, Excel, Cost-Benefit Analysis, SAP, Presentation Skills",103956,130929,Supply Chain
Director Revenue Operations Analyst,Oldbridge Supply Solutions,"Chicago, IL",Full-time,"Process Improvement, P&L Management, Cross-team Coordination, Stakeholder Management, Cost-Benefit Analysis",146784,169054,Business Operations
Senior Logistics Manager,Foxglove Operations,"Boston, MA",Full-time,"Contract Negotiation, Data Analysis, Budgeting & Forecasting, Risk Management, Excel",102784,121863,Supply Chain
Junior Logistics Coordinator,Skyline Ventures IT,Remote,Full-time,"KPI Development, Supply Chain Analysis, Contract Negotiation, Procurement, Excel Financial Modeling, Risk Management, Time Management, BUDGETING & FORECASTING",61019,65259,Supply Chain
Lead Inventory Analyst,Windmere Consulting Group,"San Francisco, CA",Full-time,"Budgeting & Forecasting, KPI Development, Excel Financial Modeling, Excel, Risk Management",124695,137405,Supply Chain
Lead Scrum Master,Havencrest Partners,"New York, NY",Full-time,"Microsoft Project, Kanban, Sprint Planning",123196,135808,Project & Program Management
Senior Operations Associate,Rosewood Freight Partners,"Los Angeles, CA",Internship,"P&L Management, Excel, Business Analysis, Cross-team Coordination, Budgeting & Forecasting, Process Improvement, Vendor Management",103345,114922,Business Operations
Purchasing Coordinator,Rosewood Freight Partners,"San Francisco, CA",Full-time,"KPI Development, Data Analysis, Excel, Budgeting & Forecasting, Contract Negotiation, Procurement, Time Management, NetSuite",81195,92757,Supply Chain
Senior Procurement Specialist,Harborline Technologies,Remote,Full-time,"Team Leadership, Vendor Management, Risk Management, KPI Development, Cost-Benefit Analysis",95616,116069,Supply Chain
Intern Supply Chain Analyst,Hartsfield Supply Chain Partners,"Los Angeles, CA",Internship,"Negotiation, KPI Development, Data Analysis, Procurement, NetSuite, Budgeting & Forecasting, Excel Financial Modeling",21169,36323,Supply Chain
Lead Operations Analyst,Cobalt Harbor Group,"Los Angeles, CA",Full-time,"QuickBooks, KPI Development, Vendor Management, Business Analysis, Facilitation, Excel",129416,140150,Business Operations
Purchasing Coordinator,Redwood Data Systems,"Los Angeles, CA",Full-time,"NetSuite, Presentation Skills, Procurement, Budgeting & Forecasting, KPI Development",84608,97303,Supply Chain
Technical Program Manager,Nova Field Labs,Remote,Contract,"Asana, Jira, Sprint Planning, Vendor Coordination, Cross-team Coordination, Microsoft Project",123343,157650,Project & Program Management
Technical Program Manager,Zephyrhold Enterprises,Remote,Full-time,"Jira, Risk Assessment (Projects), Cross-team Coordination, Milestone Tracking",119926,151179,Project & Program Management
Staff PMO Lead,Briarcliff Supply Group,"San Francisco, CA",Contract,"Monday.com, Portfolio Management, Change Management, Roadmap Planning, Agile Methodology",131244,157017,Project & Program Management
Manager Revenue Operations Analyst,Ashwater Consulting,"Bangalore, India",Full-time,"KPI Development, Stakeholder Management,   Presentation Skills , Business Analysis",131509,168176,Business Operations
Intern Strategy & Operations Manager,Thornfield Industries,Remote,Part-time,"Cross-team Coordination, Stakeholder Management, Business Analysis, Excel Financial Modeling, NetSuite, Decision Making, P&L Management, KPI Development",21677,28834,Business Operations
Vendor Manager,Ashgrove Consulting,"New York, NY",Internship,"Vendor Management, Cost-Benefit Analysis, NetSuite, SAP, Risk Management, Negociation, Data Analysis, Procurement",78330,92496,Supply Chain
Principal Project Manager,Cascade Freight Systems,Remote,Full-time,"Change Management, Program Management, Retrospective Facilitation, Budget Management (Projects), Gantt Chart Planning, PRINCE2",150872,176796,Project & Program Management
Junior Logistics Coordinator,Farrowdale Operations Group,"Seattle, WA",Full-time,"Contract Negotiation, Supply Chain Analysis, Procurement, Excel, Budgeting & Forecasting",62376,66733,Supply Chain
Lead Vendor Manager,Harborline Technologies,"San Francisco, CA",Full-time,"Procurement, Excel, NetSuite, Vendor Management, SAP",125011,138680,Supply Chain
Senior Procurement Manager,Underhill Ventures Group,Remote,Internship,"Cost-Benefit Analysis, SAP, Data Analysis, Vendor Management, NetSuite, Negotiation, Risk Management, Contract Negotiation",107490,130099,Supply Chain
Lead Agile Coach,Justwell Sourcing Co,"Berlin, Germany",Part-time,"Roadmap Planning, Gantt Chart Planning, Resource Allocation, Change Management, Git, Risk Assessment (Projects)",127077,146053,Project & Program Management
Intern Procurement Manager,Nettlefield Ventures,"Denver, CO",Internship,"Vendor Management, Procurement, KPI Development",23831,40065,Supply Chain
Sourcing Analyst,Elmswood Trading Co,Remote,Contract,"Vendor Management, Data Analysis, Contract Negotiation, Risk Management, KPI Development, Cost-Benefit Analysis, Budgeting & Forecasting",81517,91763,Supply Chain
Inventory Analyst,Ridgemont Sourcing Solutions,"San Francisco, CA",Full-time,"Excel, Vendor Management, Excel Financial Modeling, Supply Chain Analysis",82986,99065,Supply Chain
Junior Business Operations Manager,Oakhaven Supply Solutions,Remote,Full-time,"Agile Methodology, Cost-Benefit Analysis, Budgeting & Forecasting, Data-Driven Decision Making",57740,70810,Business Operations
Lead Logistics Coordinator,Amberfield Logistics,"Denver, CO",Full-time,"Excel, SAP, KPI Development, Critical Thinking, Supply Chain Analysis, Contract Negotiation",117450,139563,Supply Chain
Lead Project Manager,Meridian Apps,"Boston, MA",Full-time,"Scrum, Risk Assessment (Projects), Cross-team Coordination",128188,138670,Project & Program Management
Manager Agile Coach,Farrowdale Operations Group,"Seattle, WA",Full-time,"  Milestone Tracking , Resource Allocation, Time Management, Change Management, Roadmap Planning",119717,152609,Project & Program Management
Principal Operations Manager,Palisade Operations Group,Remote,Full-time,"Vendor Management, QuickBooks, Data-Driven Decision Making, Negotiation, Excel, Cross-team Coordination, Business Analysis",145406,167629,Business Operations
Supply Chain Manager,Pinegrove Freight Co,"Atlanta, GA",Full-time,"Procurement, Risk Management, Facilitation, NetSuite, Data Analysis",114094,142609,Supply Chain
Junior Technical Program Manager,Lockwood Trading Partners,"Chicago, IL",Full-time,"Portfolio Management, PRINCE2, Program Management, Agile Methodology, Risk Assessment (Projects), Requirements Gathering",59474,74554,Project & Program Management
Director Demand Planner,Valemont Distribution,"Austin, TX",Full-time,"Risk Management, KPI Development, Excel, Contract Negotiation, Vendor Management",163100,179868,Supply Chain
Operations Manager,Juniper Ridge Partners,"Atlanta, GA",Internship,"Cost-Benefit Analysis, Cross-team Coordination, QuickBooks, SAP, NetSuite, Vendor Management",83547,100923,Business Operations
Junior Business Operations Manager,Crestline Digital,Remote,Full-time,"Stakeholder Management, KPI Development, Cross-team Coordination, Business Analysis, Process Improvement, NetSuite",55814,71950,Business Operations
Senior Director of Operations,Summit Ledger Partners,"Denver, CO",Full-time,"Negotiation, Cost-Benefit Analysis, QuickBooks, KPI Development, SAP",97154,121270,Business Operations
Lead Project Coordinator,Thornfield Industries,"Seattle, WA",Contract,"Microsoft Project, Cross-team Coordination, SAFe (Scaled Agile Framework)",118698,132334,Project & Program Management
Intern Supply Chain Manager,Overlook Sourcing Co,"Berlin, Germany",Internship,"Procurement, Contract Negotiation, Git, Budgeting & Forecasting, SAP, Supply Chain Analysis",24079,28138,Supply Chain
Senior Demand Planner,Kestrel Point Enterprises,Remote,Part-time,"Procurement, Cost-Benefit Analysis, NetSuite, Supply Chain Analysis",100513,113876,Supply Chain
Sourcing Analyst,Ironhollow Freight Co,"London, UK",Internship,"Budgeting & Forecasting, SAP, Risk Management, Contract Negotiation, NetSuite",82067,90410,Supply Chain
Category Manager,Redwood Data Systems,Remote,Full-time,"Risk Management, Excel, Data Analysis",77326,96576,Supply Chain
Senior Fulfillment Operations Manager,Overlook Sourcing Co,Remote,Full-time,"NetSuite, Data Analysis, Excel",103993,119476,Supply Chain
Lead Agile Coach,Bluepeak Software,"Seattle, WA",Contract,"Roadmap Planning, PRINCE2, Presentation Skills, Jira, Cross-team Coordination, Sprint Planning, PMP Certification, Stakeholder Management",122866,150529,Project & Program Management
Program Manager,Fernbridge Holdings,"London, UK",Full-time,"Portfolio Management, Cross-functional Collaboration, Kanban, Risk Assessment (Projects), Budget Management (Projects), Vendor Coordination, Change Management",77873,84574,Project & Program Management
Intern Sourcing Analyst,Havencrest Partners,"Seattle, WA",Internship,"SAP, Cost-Benefit Analysis, NetSuite, Contract Negotiation, Vendor Management, Excel, Data Analysis",26967,31382,Supply Chain
Principal Program Manager,Longmoor Logistics Group,"Chicago, IL",Internship,"Confluence, Requirements Gathering, Presentation Skills, Trello, PRINCE2, PMP Certification",137840,162526,Project & Program Management
Lead Scrum Master,Valemont Distribution,"Denver, CO",Contract,"PRINCE2, Monday.com, Gantt Chart Planning, Milestone Tracking, Negotiation, Program Management, Confluence, PMP Certification",125522,138068,Project & Program Management
Senior Program Manager,Vertex Cloud Labs,"San Francisco, CA",Full-time,"SAFe (Scaled Agile Framework), Asana, PRINCE2, Budget Management (Projects), Cross-team Coordination, Sprint Planning",109853,118253,Project & Program Management
Lead Purchasing Coordinator,Lockwood Trading Partners,"London, UK",Full-time,"Budgeting & Forecasting, Communication, Contract Negotiation, Cost-Benefit Analysis, Vendor Management",121006,142180,Supply Chain
Manager Procurement Specialist,Kingsford Supply Group,Remote,Contract,"NetSuite, Budgeting & Forecasting, Vendor Management, Excel, Cross-functional Collaboration, Contract Negotiation, Cost-Benefit Analysis",129284,148047,Supply Chain
Lead Operations Analyst,Nova Field Labs,"Austin, TX",Full-time,"Cost-Benefit Analysis, QuickBooks, Stakeholder Management",123186,141430,Business Operations
Agile Coach,Harborline Technologies,"San Francisco, CA",Part-time,"Agile Methodology, Change Management, Cross-team Coordination, Risk Assessment (Projects), Communication, Vendor Coordination, Trello",75532,83755,Project & Program Management
Lead Project Manager,Oakhaven Supply Solutions,"Denver, CO",Full-time,"Asana, Stakeholder Management, Retrospective Facilitation, Gantt Chart Planning, Facilitation, Jira, Microsoft Project",119969,145403,Project & Program Management
Junior Logistics Manager,Palisade Operations Group,"Chicago, IL",Full-time,"Excel Financial Modeling, NetSuite, Critical Thinking, Vendor Management, Data Analysis, Cost-Benefit Analysis",62266,75884,Supply Chain
Intern Procurement Specialist,Summit Ledger Partners,"Chicago, IL",Internship,"Excel, SAP, Vendor Management, Agile Methodology, Cost-Benefit Analysis",20480,25612,Supply Chain
Business Operations Manager,Nettlefield Ventures,Remote,Contract,"Business Analysis, Excel, Vendor Management, SAP, NetSuite, QuickBooks",111538,129102,Business Operations
Scrum Master,Yardley Logistics Co,"Dublin, Ireland",Full-time,"Facilitation, Agile Methodology, Gantt Chart Planning, Monday.com, Budget Management (Projects), Kanban, Jira, Change Management",77538,89124,Project & Program Management
Principal Business Operations Manager,Ashgrove Consulting,"Denver, CO",Full-time,"KPI Development, Excel, Stakeholder Management, Excel Financial Modeling, Cost-Benefit Analysis, Budgeting & Forecasting, Git",148713,172509,Business Operations
Senior Supply Chain Analyst,Greystone Freight Solutions,Remote,Full-time,"Cost-Benefit Analysis, Excel Financial Modeling, Budgeting & Forecasting, Risk Management, Vendor Management, KPI Development, Procurement",106414,125077,Supply Chain
Lead Operations Analyst,Lockwood Trading Partners,"Austin, TX",Contract,"Communication, P&L Management, Budgeting & Forecasting, Process Improvement, Excel, SAP",120604,147692,Business Operations
Lead Vendor Manager,Crestline Digital,"Denver, CO",Full-time,"SAP, Cost-Benefit Analysis, Vendor Management, NetSuite, Contract Negotiation, Budgeting & Forecasting, Excel",124660,152346,Supply Chain
Project Manager,Lockwood Trading Partners,Remote,Part-time,"Budget Management (Projects), Program Management, Confluence, Cross-functional Collaboration",128060,144134,Project & Program Management
Intern Procurement Specialist,Duskwood Logistics Partners,"New York, NY",Internship,"Risk Management, Presentation Skills, Excel, KPI Development, Data Analysis, Cost-Benefit Analysis, Budgeting & Forecasting, NetSuite",23802,34296,Supply Chain
Intern Demand Planner,Redwood Data Systems,Remote,Full-time,"KPI Development, Problem Solving, NetSuite, Cost-Benefit Analysis, Procurement",21392,28469,Supply Chain
Intern Operations Manager,Larkspur Freight Partners,"Atlanta, GA",Internship,"SAP, Cost-Benefit Analysis, Process Improvement, NetSuite",21340,29749,Business Operations
Junior Scrum Master,Overlook Sourcing Co,"Seattle, WA",Contract,"GANTT CHART PLANNING, Trello, Jira, Milestone Tracking",59111,68930,Project & Program Management
Intern Procurement Manager,Oakhaven Supply Solutions,"Berlin, Germany",Full-time,"Excel, Budgeting & Forecasting, Cost-Benefit Analysis, KPI Development, Risk Management, SAP",27066,31093,Supply Chain
Senior Operations Coordinator,Summit Ledger Partners,"Austin, TX",Full-time,"Vendor Management, SAP, Process Improvement, Business Analysis",108154,133748,Business Operations
Director Supply Chain Manager,Palisade Operations Group,Remote,Full-time,"Contract Negotiation, Vendor Management, Procurement, Excel, Agile Methodology",155653,172543,Supply Chain
Senior PMO Analyst,Moorland Distribution,"San Francisco, CA",Full-time,"Trello, Confluence, Scrum, Problem Solving, Jira, Milestone Tracking, Risk Assessment (Projects)",104460,132952,Project & Program Management
Principal PMO Lead,Nova Field Labs,"Seattle, WA",Internship,"Retrospective Facilitation, Agile Methodology, Time Management, Kanban, Portfolio Management",150976,178715,Project & Program Management
Senior Sourcing Analyst,Ivyholt Consulting Group,"Los Angeles, CA",Full-time,"Contract Negotiation, Cost-Benefit Analysis, Vendor Management, SAP",96219,115663,Supply Chain
Junior Supply Chain Analyst,Stonewick Supply Chain Co,Remote,Full-time,"Team Leadership, Vendor Management, SAP, Budgeting & Forecasting",58038,65086,Supply Chain
Senior PMO Analyst,Quarrystone Enterprises,"Seattle, WA",Full-time,"Kanban, Asana, Jira, Scrum, Budget Management (Projects), Sprint Planning, Cross-team Coordination",104761,120263,Project & Program Management
Senior Business Operations Manager,Northgate Operations Inc,"Atlanta, GA",Contract,"Excel, Cost-Benefit Analysis, KPI Development, Stakeholder Management",96226,120786,Business Operations
Senior Purchasing Coordinator,Ashwater Consulting,Remote,Full-time,"SAP, Excel, Vendor Management, Budgeting & Forecasting, KPI Development, Contract Negotiation",106945,125279,Supply Chain
Staff Project Manager,Larkspur Freight Partners,Remote,Internship,"Budget Management (Projects), Gantt Chart Planning, SAFe (Scaled Agile Framework), Stakeholder Management, Monday.com, Vendor Coordination",130272,141030,Project & Program Management
Junior Procurement Manager,Ashgrove Consulting,"San Francisco, CA",Full-time,"Cost-Benefit Analysis, Vendor Management, Excel, Cross-functional Collaboration, Procurement, Budgeting & Forecasting",57746,67540,Supply Chain
Manager Demand Planner,Elmswood Trading Co,"New York, NY",Full-time,"Cost-Benefit Analysis, Budgeting & Forecasting, Data Analysis, Negotiation, Excel Financial Modeling",111349,123332,Supply Chain
Senior Program Manager,Onyx Bridge Tech,"Austin, TX",Internship,"Team Leadership, SAFe (Scaled Agile Framework), Cross-team Coordination, Change Management",100986,127855,Project & Program Management
Lead Category Manager,Farrowdale Operations Group,"Atlanta, GA",Full-time,"Vendor Management, Cost-Benefit Analysis, Risk Management, SAP",128911,150524,Supply Chain
Procurement Specialist,Millbrook Distribution Group,"Seattle, WA",Internship,"Git, Risk Management, NetSuite, KPI Development, Data Analysis",77027,91603,Supply Chain
Junior Operations Analyst,Northgate Operations Inc,"Vancouver, BC",Full-time,"P&L Management, Stakeholder Management, Excel, Budgeting & Forecasting, Data-Driven Decision Making, Cross-team Coordination",61270,69373,Business Operations
Supply Chain Coordinator,Kettlebrook Enterprises,"London, UK",Full-time,"Supply Chain Analysis, Excel Financial Modeling, Contract Negotiation, Cost-Benefit Analysis, NetSuite, Excel, Data Analysis",84173,91718,Supply Chain
Lead Sourcing Analyst,Onyx Bridge Tech,Remote,Part-time,"Vendor Management, Risk Management, Data Analysis, Contract Negotiation, KPI Development, NetSuite, Excel",124102,143532,Supply Chain
Intern Procurement Manager,Bluepeak Software,"Seattle, WA",Full-time,"Excel, Budgeting & Forecasting, Procurement, Critical Thinking",20514,33301,Supply Chain
Technical Program Manager,Justwell Sourcing Co,"Austin, TX",Full-time,"Agile Methodology, PRINCE2, Asana",79726,89218,Project & Program Management
Junior Operations Associate,Timberline Sourcing Group,"Atlanta, GA",Part-time,"Data-Driven Decision Making, NetSuite, Cost-Benefit Analysis, Problem Solving",62405,67417,Business Operations
Director Logistics Manager,Larkspur Freight Partners,Remote,Full-time,"Excel Financial Modeling, Data Analysis, Procurement, Supply Chain Analysis, Risk Management, Cost-Benefit Analysis, Contract Negotiation, Presentation Skills",155117,178174,Supply Chain
Intern Supply Chain Analyst,Oldbridge Supply Solutions,Remote,Contract,"Data Analysis, Contract Negotiation, NetSuite, Risk Management, SAP, KPI Development",23968,30863,Supply Chain
Supply Chain Manager,Oldbridge Supply Solutions,"San Francisco, CA",Full-time,"SAP,   Data Analysis , Contract Negotiation, KPI Development, NetSuite",111028,148696,Supply Chain
Junior Operations Coordinator,Mistwood Distribution Partners,"Bangalore, India",Internship,"QuickBooks, Cost-Benefit Analysis, Negotiation, Excel, Cross-team Coordination, KPI Development, P&L Management",55749,67788,Business Operations
Manager Purchasing Coordinator,Thornfield Industries,"Seattle, WA",Internship,"Cost-Benefit Analysis, Contract Negotiation, Data Analysis, SAP, Procurement",129674,163534,Supply Chain
Intern Procurement Specialist,Millbrook Distribution Group,"Seattle, WA",Internship,"Data Analysis, Cost-Benefit Analysis, Excel, Risk Management, SAP",20106,36168,Supply Chain
Intern Supply Chain Manager,Ravensmoor Operations,"Austin, TX",Internship,"NetSuite, KPI Development, Risk Management",27915,38082,Supply Chain
Manager Revenue Operations Analyst,Brightwave Supply Co,Remote,Full-time,"Vendor Management, Stakeholder Management, Excel Financial Modeling, Agile Methodology, Cross-team Coordination, Excel, Process Improvement",129778,164168,Business Operations
Principal Revenue Operations Analyst,Ivyholt Consulting Group,Remote,Part-time,"QuickBooks, Budgeting & Forecasting, Process Improvement, Stakeholder Management",146040,169480,Business Operations
Lead Inventory Analyst,Quarrystone Enterprises,"Chicago, IL",Full-time,"Contract Negotiation, NetSuite, Team Leadership, Risk Management, Excel, Data Analysis",119364,145552,Supply Chain
Operations Manager,Ironwood Systems,"New York, NY",Part-time,"Cost-Benefit Analysis, Presentation Skills, NetSuite, QuickBooks, Data-Driven Decision Making, Stakeholder Management",78263,98179,Business Operations
Intern Agile Coach,Mistwood Distribution Partners,Remote,Internship,"Asana, Trello, Git, Agile Methodology, PMP Certification, Vendor Coordination",23449,39590,Project & Program Management
Intern Operations Analyst,Emberline Trading Co,Remote,Full-time,"NetSuite, Process Improvement, Budgeting & Forecasting, Cross-team Coordination, Excel Financial Modeling, Excel, Stakeholder Management",24713,29894,Business Operations
Senior Logistics Coordinator,Ivyholt Consulting Group,"Seattle, WA",Full-time,"Contract Negotiation, Budgeting & Forecasting, NetSuite, RISK MANAGEMENT, Procurement, Git, Supply Chain Analysis, RISK MANAGEMENT",104414,124895,Supply Chain
Senior PMO Analyst,Yardley Logistics Co,"Austin, TX",Full-time,"Jira, PRINCE2, Kanban, Presentation Skills",102067,130683,Project & Program Management
Intern Procurement Manager,Cobalt Harbor Group,"Chicago, IL",Internship,"Data Analysis, NetSuite, KPI Development, Risk Management, Procurement, Budgeting & Forecasting, Cost-Benefit Analysis",27910,43927,Supply Chain
Staff PMO Analyst,Silverton Logistics,Singapore,Full-time,"Kanban, Portfolio Management, PRINCE2, Budget Management (Projects), Trello, Cross-team Coordination",125299,137880,Project & Program Management
Principal Scrum Master,Ironhollow Freight Co,"London, UK",Part-time,"Asana, Trello, Roadmap Planning, Requirements Gathering, PRINCE2",144916,167478,Project & Program Management
Manager Project Coordinator,Wellspring Procurement Partners,Remote,Full-time,"Milestone Tracking, Cross-functional Collaboration, PMP Certification, SAFe (Scaled Agile Framework), Roadmap Planning",123358,138340,Project & Program Management
Manager Operations Coordinator,Skyline Ventures IT,Remote,Full-time,"Team Leadership, Cost-Benefit Analysis, Data-Driven Decision Making, P&L Management, Process Improvement, KPI Development",127091,160646,Business Operations
Junior Business Operations Manager,Quarrystone Enterprises,Remote,Internship,"Process Improvement, SAP, NetSuite, P&L Management, Cost-Benefit Analysis, Team Leadership",60161,65302,Business Operations
Logistics Manager,Juniper Ridge Partners,Remote,Full-time,"Risk Management, Excel, Data Analysis, Supply Chain Analysis, Procurement, SAP, KPI Development",114592,142938,Supply Chain
Principal PMO Analyst,Emberline Trading Co,Remote,Part-time,"Facilitation, PRINCE2, Milestone Tracking, Cross-team Coordination, SAFe (Scaled Agile Framework)",148034,168880,Project & Program Management
Intern Purchasing Coordinator,Harborline Technologies,Remote,Part-time,"SAP, Risk Management, Vendor Management, Budgeting & Forecasting",27494,33691,Supply Chain
Sourcing Analyst,Cedarpine Logistics,Remote,Full-time,"NetSuite, Excel, Vendor Management, KPI Development, Risk Management, Cost-Benefit Analysis",84663,89723,Supply Chain
Senior PMO Lead,Auburn Peak Logistics,Remote,Contract,"Milestone Tracking, Decision Making, Confluence, Vendor Coordination, SAFe (Scaled Agile Framework), Microsoft Project, Program Management",99325,117668,Project & Program Management
Senior Category Manager,Saltmarsh Supply Co,Remote,Full-time,"Excel, Vendor Management, Time Management, Budgeting & Forecasting, Procurement, KPI Development, Risk Management",107296,129485,Supply Chain
Junior Category Manager,Kettlebrook Enterprises,Remote,Full-time,"SAP,   Contract Negotiation , NetSuite, Excel",55430,60646,Supply Chain
Lead Scrum Master,Hartsfield Supply Chain Partners,"San Francisco, CA",Part-time,"Asana, Portfolio Management, milestone tracking, Kanban",119932,130405,Project & Program Management
Principal Operations Manager,Glenridge Procurement Group,"London, UK",Full-time,"Vendor Management, QuickBooks, P&L Management, NetSuite, Excel Financial Modeling, Stakeholder Management",147552,170852,Business Operations
Senior Project Manager,Coldharbor Ventures,Remote,Full-time,"Roadmap Planning, Agile Methodology, Portfolio Management, Scrum, Team Leadership, Risk Assessment (Projects), Milestone Tracking",95342,113800,Project & Program Management
Purchasing Coordinator,Duskwood Logistics Partners,Remote,Full-time,"Negotiation, Data Analysis, SAP, Excel",76666,93684,Supply Chain
Principal PMO Lead,Glenridge Procurement Group,"Seattle, WA",Full-time,"SCRUM, Vendor Coordination, Budget Management (Projects), Sprint Planning, Confluence, Stakeholder Management, Portfolio Management, Cross-functional Collaboration",150775,160585,Project & Program Management
Senior Sourcing Analyst,Brightfield Sourcing,"Toronto, ON",Full-time,"Budgeting & Forecasting, Risk Management, Agile Methodology, Data Analysis, NetSuite, SAP, Excel, Contract Negotiation",102601,128218,Supply Chain
Junior Director of Operations,Redwood Data Systems,"Berlin, Germany",Full-time,"Vendor Management, Excel, SAP, Cost-Benefit Analysis, Data-Driven Decision Making, KPI Development, Cross-functional Collaboration, QuickBooks",60497,75505,Business Operations
Director Demand Planner,Farrowdale Operations Group,Remote,Full-time,"Excel, Risk Management, Cross-functional Collaboration, Budgeting & Forecasting, Procurement",150210,162017,Supply Chain
Agile Coach,Valemont Distribution,"Austin, TX",Full-time,"Confluence, Gantt Chart Planning, Kanban, PMP Certification, Stakeholder Management",79606,99134,Project & Program Management
Manager Scrum Master,Cobalt Harbor Group,Remote,Contract,"Budget Management (Projects), Jira, Confluence",126317,160572,Project & Program Management
Lead Logistics Coordinator,Thornfield Industries,"London, UK",Full-time,"Supply Chain Analysis, Data Analysis, Critical Thinking, Risk Management, Excel, SAP",123841,148171,Supply Chain
Senior Strategy & Operations Manager,Harborline Technologies,"San Francisco, CA",Full-time,"Business Analysis, KPI Development, Vendor Management, Stakeholder Management, Data-Driven Decision Making, Budgeting & Forecasting, Agile Methodology, Cost-Benefit Analysis",96362,106429,Business Operations
Staff Agile Coach,Silverton Logistics,Remote,Full-time,"Change Management, Kanban, Confluence, Program Management, Budget Management (Projects), Cross-functional Collaboration, Resource Allocation",140401,149654,Project & Program Management
Intern Operations Analyst,Larkspur Freight Partners,"Chicago, IL",Internship,"Process Improvement, Data-Driven Decision Making, Excel Financial Modeling, Facilitation, QuickBooks",23346,33148,Business Operations
Senior Fulfillment Operations Manager,Thornfield Industries,"Berlin, Germany",Part-time,"Vendor Management, Excel Financial Modeling, KPI Development, Cross-functional Collaboration, SAP, NetSuite, Procurement",96155,116908,Supply Chain
Director Fulfillment Operations Manager,Silverton Logistics,Remote,Part-time,"Contract Negotiation, Data Analysis, KPI Development, Time Management, SAP, Excel Financial Modeling, Cost-Benefit Analysis",145716,162345,Supply Chain
Category Manager,Granite Vale Enterprises,"New York, NY",Full-time,"Negotiation, Contract Negotiation, Vendor Management, SAP",83285,102510,Supply Chain
Lead Technical Program Manager,Cobalt Harbor Group,Remote,Full-time,"Kanban, SAFe (Scaled Agile Framework), Asana, Agile Methodology, Program Management, Problem Solving, Change Management, Monday.com",123923,133359,Project & Program Management
Procurement Specialist,Quarrystone Enterprises,"Seattle, WA",Full-time,"  Risk Management , Vendor Management, Budgeting & Forecasting, SAP, Communication",77893,94252,Supply Chain
Director Inventory Analyst,Foxglove Operations,"Boston, MA",Full-time,"NetSuite, Procurement, Contract Negotiation",154119,174412,Supply Chain
Junior Procurement Specialist,Thistledown Operations,Remote,Full-time,"Presentation Skills, Risk Management, Budgeting & Forecasting, Cost-Benefit Analysis",60795,74762,Supply Chain
Director Inventory Analyst,Oldbridge Supply Solutions,Remote,Full-time,"Procurement, KPI Development, Agile Methodology, Vendor Management, NetSuite, Contract Negotiation",158720,175667,Supply Chain
Principal Director of Operations,Auburn Peak Logistics,"Los Angeles, CA",Full-time,"NetSuite, Data-Driven Decision Making, Team Leadership, Cost-Benefit Analysis",141824,163783,Business Operations
Senior Sourcing Analyst,Onyx Bridge Tech,"Seattle, WA",Full-time,"Cross-functional Collaboration, KPI Development, Vendor Management, Budgeting & Forecasting, SAP, Risk Management, Contract Negotiation",110535,130983,Supply Chain
Intern Vendor Manager,Kestrel Point Enterprises,Remote,Full-time,"Risk Management, Cost-Benefit Analysis, NetSuite",25446,40691,Supply Chain
Intern Supply Chain Analyst,Cobalt Harbor Group,"Atlanta, GA",Internship,"Supply Chain Analysis, Data Analysis, Agile Methodology, KPI Development, Cost-Benefit Analysis, Contract Negotiation",24343,36440,Supply Chain
Supply Chain Manager,Kestrel Point Enterprises,"Boston, MA",Full-time,"Cost-Benefit Analysis, Budgeting & Forecasting, Excel, Presentation Skills, Excel Financial Modeling, Vendor Management, Procurement, Data Analysis",125620,158902,Supply Chain
Manager PMO Analyst,Ivyholt Consulting Group,"Denver, CO",Part-time,"Roadmap Planning, Microsoft Project, Cross-team Coordination, Sprint Planning, Gantt Chart Planning, Resource Allocation, Trello",116000,151511,Project & Program Management
Principal Revenue Operations Analyst,Stonewick Supply Chain Co,Remote,Internship,"NetSuite, Process Improvement, Business Analysis, Budgeting & Forecasting, Cross-functional Collaboration, Vendor Management, Cross-team Coordination",142192,165061,Business Operations
Lead Operations Associate,Glenridge Procurement Group,Remote,Full-time,"Data-Driven Decision Making, NetSuite, SAP",116933,129038,Business Operations
Senior Project Manager,Briarcliff Supply Group,Remote,Internship,"Critical Thinking, PMP Certification, Asana, PRINCE2, Risk Assessment (Projects)",97152,122478,Project & Program Management
Director Supply Chain Analyst,Ashgrove Consulting,"Toronto, ON",Full-time,"SAP, Supply Chain Analysis, Excel",153748,180066,Supply Chain
Senior Procurement Specialist,Crestline Digital,"Toronto, ON",Full-time,"SAP, Data Analysis, Risk Management, Procurement, KPI Development, Budgeting & Forecasting",106428,116375,Supply Chain
Director Inventory Analyst,Underhill Ventures Group,Remote,Full-time,"Negotiation, Contract Negotation, NetSuite, Vendor Management, Data Analysis, Budgeting & Forecasting",164621,197187,Supply Chain
Intern Inventory Analyst,Elmswood Trading Co,"Seattle, WA",Full-time,"Cost-Benefit Analysis, NetSuite, KPI Development, Vendor Management, Risk Management, SAP, Excel Financial Modeling",25379,35500,Supply Chain
Staff Agile Coach,Ironwood Systems,"Atlanta, GA",Full-time,"Communication, PMP Certification,   Roadmap Planning , Risk Assessment (Projects), Jira",138980,152935,Project & Program Management
Logistics Manager,Yardley Logistics Co,"Berlin, Germany",Contract,"Facilitation, NetSuite, Budgeting & Forecasting, Vendor Management",128297,144279,Supply Chain
Manager Inventory Analyst,Longmoor Logistics Group,"Dublin, Ireland",Full-time,"SAP, KPI Development, Data Analysis, Supply Chain Analysis",124627,148675,Supply Chain
Director Supply Chain Manager,Marlow Bay Group,"Boston, MA",Full-time,"Risk Management, KPI Development, Cost-Benefit Analysis, Budgeting & Forecasting, Excel, Decision Making, Procurement, NetSuite",153325,171453,Supply Chain
Supply Chain Manager,Lockwood Trading Partners,"Los Angeles, CA",Full-time,"NetSuite, Problem Solving, Excel, Contract Negotiation, SAP",123140,160062,Supply Chain
Intern Operations Analyst,Millbrook Distribution Group,"Bangalore, India",Internship,"Excel, Stakeholder Management, KPI Development, Facilitation, Vendor Management, Cost-Benefit Analysis, Budgeting & Forecasting",20658,30026,Business Operations
Revenue Operations Analyst,Lockwood Trading Partners,"San Francisco, CA",Internship,"QuickBooks, Vendor Management, Excel",76133,94070,Business Operations
Junior Logistics Manager,Ashgrove Consulting,"Denver, CO",Full-time,"Contract Negotiation, Risk Management, Supply Chain Analysis, Git, NetSuite",58386,68632,Supply Chain
Lead Sourcing Analyst,Havencrest Partners,"Toronto, ON",Full-time,"Risk Management, KPI Development, Procurement, NetSuite, SAP, Vendor Management, Contract Negotiation, Decision Making",115188,135694,Supply Chain
Staff Program Manager,Windmere Consulting Group,Remote,Internship,"Git, SAFe (Scaled Agile Framework), PRINCE2, PMP Certification",140031,150525,Project & Program Management
Lead Demand Planner,Auburn Peak Logistics,Remote,Full-time,"Time Management, supply chain analysis, Vendor Management, Procurement, Data Analysis, Excel, Cost-Benefit Analysis",116447,136567,Supply Chain
Logistics Manager,Ironwood Systems,Remote,Full-time,"Critical Thinking, Vendor Management, KPI Development, Budgeting & Forecasting",81325,97774,Supply Chain
Logistics Manager,Justwell Sourcing Co,"Chicago, IL",Full-time,"Procurement, Excel Financial Modeling, Vendor Management, KPI Development, Risk Management, Time Management, Contract Negotiation, Excel",78680,96687,Supply Chain
Principal Director of Operations,Elmswood Trading Co,Remote,Full-time,"Cost-Benefit Analysis, P&L Management, Cross-team Coordination, Data-Driven Decision Making",149618,181528,Business Operations
Manager Scrum Master,Hollowbrook Ventures,"Denver, CO",Full-time,"Scrum, Sprint Planning, Microsoft Project, Stakeholder Management, Jira, Decision Making",124189,153788,Project & Program Management
Junior Category Manager,Oldbridge Supply Solutions,"Los Angeles, CA",Full-time,"Git, Procurement, Budgeting & Forecasting, KPI Development, NetSuite, Data Analysis",57305,73606,Supply Chain
Senior Operations Associate,Oldbridge Supply Solutions,Singapore,Full-time,"NetSuite, Budgeting & Forecasting, Cost-Benefit Analysis, Cross-team Coordination, Git, KPI Development, Vendor Management, Excel",108141,117813,Business Operations
Intern Fulfillment Operations Manager,Glenridge Procurement Group,"Los Angeles, CA",Internship,"Data Analysis, Cost-Benefit Analysis, Decision Making, Procurement",24269,28441,Supply Chain
Senior PMO Analyst,Cedarpine Logistics,Remote,Full-time,"Risk Assessment (Projects), Confluence, PRINCE2, Roadmap Planning, Cross-functional Collaboration",108600,118353,Project & Program Management
Manager Purchasing Coordinator,Onyx Bridge Tech,"Seattle, WA",Full-time,"Budgeting & Forecasting, Data Analysis, KPI Development, Vendor Management, Procurement",126666,153468,Supply Chain
Junior Revenue Operations Analyst,Farrowdale Operations Group,"New York, NY",Full-time,"NetSuite, Vendor Management, Budgeting & Forecasting, Process Improvement, Data-Driven Decision Making, Agile Methodology, P&L Management",58615,66331,Business Operations
Junior Operations Manager,Ironhollow Freight Co,"Seattle, WA",Full-time,"Budgeting & Forecasting, Data-Driven Decision Making, Stakeholder Management, Cost-Benefit Analysis, P&L Management",59714,68979,Business Operations
Intern Inventory Analyst,Moorland Distribution,Remote,Contract,"Contract Negotiation, Budgeting & Forecasting, Excel Financial Modeling, KPI Development, Cross-functional Collaboration, Procurement, NetSuite",24906,32430,Supply Chain
Business Operations Manager,Stonewick Supply Chain Co,"Boston, MA",Full-time,"Team Leadership, Cross-team Coordination, NetSuite, Vendor Management, Excel Financial Modeling, KPI Development",80858,91001,Business Operations
Junior Operations Analyst,Glenridge Procurement Group,"Los Angeles, CA",Full-time,"Excel, Process Improvement, Excel Financial Modeling, Communication",59976,74329,Business Operations
Intern Director of Operations,Underhill Ventures Group,"Chicago, IL",Internship,"Stakeholder Management, Cross-team Coordination, QuickBooks, Excel, Data-Driven Decision Making, Excel Financial Modeling, KPI Development",24058,32166,Business Operations
PMO Analyst,Millbrook Distribution Group,"Vancouver, BC",Full-time,"Roadmap Planning, Risk Assessment (Projects), Agile Methodology, Program Management, Gantt Chart Planning, Microsoft Project, Asana, Time Management",77969,95662,Project & Program Management
Scrum Master,Millbrook Distribution Group,"Berlin, Germany",Full-time,"Presentation Skills, Change Management, Requirements Gathering, Kanban, Retrospective Facilitation, Vendor Coordination",82275,100421,Project & Program Management
Agile Coach,Meridian Apps,Singapore,Internship,"Change Management, Agile Methodology, Resource Allocation",79359,85026,Project & Program Management
Intern Procurement Specialist,Hartsfield Supply Chain Partners,"Atlanta, GA",Internship,"NetSuite, sap, Cost-Benefit Analysis, Risk Management, Budgeting & Forecasting, Excel, Time Management, sap",20624,32463,Supply Chain
Senior Operations Associate,Palisade Operations Group,Remote,Full-time,"P&L Management, Process Improvement, Cost-Benefit Analysis, Facilitation, Data-Driven Decision Making",103708,111767,Business Operations
Junior Fulfillment Operations Manager,Kestrel Point Enterprises,"Seattle, WA",Full-time,"Cost-Benefit Analysis, Supply Chain Analysis, Procurement",55143,60345,Supply Chain
Lead Category Manager,Redwood Data Systems,"Denver, CO",Full-time,"SAP, Excel, Risk Management, Data Analysis, KPI Development, Vendor Management, Contract Negotiation",128253,140315,Supply Chain
Intern Purchasing Coordinator,Havencrest Partners,"Dublin, Ireland",Full-time,"Excel, Data Analysis, NetSuite, Budgeting & Forecasting, SAP, Contract Negotiation, Facilitation, KPI Development",27186,43928,Supply Chain
Director Supply Chain Analyst,Nettlefield Ventures,Singapore,Part-time,"Risk Management, Excel, SAP, DATA ANALYSIS",148138,164571,Supply Chain
Intern Category Manager,Nova Field Labs,"Toronto, ON",Internship,"Contract Negotiation, Vendor Management, Data Analysis, Communication, Risk Management, NetSuite, Procurement",26410,37146,Supply Chain
Supply Chain Coordinator,Windmere Consulting Group,"Los Angeles, CA",Full-time,"Supply Chain Analysis, NetSuite, Cost-Benefit Analysis, CONTRACT NEGOTIATION",77633,86801,Supply Chain
Junior Purchasing Coordinator,Foxglove Operations,Remote,Full-time,"Agile Methodology, Vendor Management, Data Analysis, NetSuite, SAP, Cost-Benefit Analysis",61580,75414,Supply Chain
Intern Operations Manager,Copperfield Ventures,"San Francisco, CA",Internship,"NetSuite, KPI Development, Budgeting & Forecasting",27542,40609,Business Operations
Program Manager,Norwich Point Consulting,Remote,Full-time,"Sprint Planning, Microsoft Project, PMP Certification",120337,132451,Project & Program Management
Principal Operations Manager,Brightfield Sourcing,"Los Angeles, CA",Full-time,"Vendor Management, NetSuite, Business Analysis, P&L Management, Cost-Benefit Analysis, Critical Thinking, Budgeting & Forecasting, Data-Driven Decision Making",139287,156959,Business Operations
Intern Strategy & Operations Manager,Elmswood Trading Co,"San Francisco, CA",Internship,"Cross-team Coordination, Budgeting & Forecasting, Excel Financial Modeling, Cost-Benefit Analysis",26834,32188,Business Operations
Logistics Manager,Timberline Sourcing Group,Singapore,Full-time,"Cost-Benefit Analysis, Procurement, Data Analysis, Excel",84745,103849,Supply Chain
Intern Fulfillment Operations Manager,Silverton Logistics,"San Francisco, CA",Internship,"Supply Chain Analysis, Data Analysis, Vendor Management, KPI Development, Presentation Skills, Excel Financial Modeling",24508,32492,Supply Chain
Vendor Manager,Moorland Distribution,"Chicago, IL",Full-time,"Data Analysis, Presentation Skills, Excel, Risk Management, KPI Development",117435,146864,Supply Chain
Director Demand Planner,Norwich Point Consulting,Remote,Full-time,"Supply Chain Analysis, Cost-Benefit Analysis, Excel Financial Modeling, KPI Development, Procurement, Excel",150689,164088,Supply Chain
Manager Scrum Master,Greystone Freight Solutions,"Vancouver, BC",Contract,"Agile Methodology, Roadmap Planning, PRINCE2, Problem Solving, Portfolio Management, Cross-team Coordination",114439,127368,Project & Program Management
Principal Agile Coach,Ironhollow Freight Co,"Denver, CO",Full-time,"Monday.com, Critical Thinking, Scrum, Vendor Coordination, Change Management, Resource Allocation, Sprint Planning, PRINCE2",137411,148713,Project & Program Management
Senior Project Coordinator,Copperfield Ventures,"Atlanta, GA",Full-time,"Microsoft Project, Budget Management (Projects), Retrospective Facilitation, Confluence, PMP Certification, PRINCE2, Facilitation",105416,117956,Project & Program Management
Intern Supply Chain Manager,Brightfield Sourcing,"Seattle, WA",Internship,"NetSuite, Cost-Benefit Analysis, Procurement, Presentation Skills",21448,31544,Supply Chain
Supply Chain Coordinator,Yardley Logistics Co,"San Francisco, CA",Full-time,"Contract Negotiation, KPI Development, Time Management, Supply Chain Analysis, Procurement",76441,86226,Supply Chain
Intern Inventory Analyst,Zephyrhold Enterprises,"Denver, CO",Internship,"Contract Negotiation, Decision Making, NetSuite, Data Analysis, Supply Chain Analysis",23690,38986,Supply Chain
Supply Chain Manager,Ashgrove Consulting,Remote,Full-time,"Data Analysis, Problem Solving, Excel Financial Modeling, Procurement, KPI Development",81363,92417,Supply Chain
Intern Procurement Manager,Ravensmoor Operations,Remote,Part-time,"Vendor Management, Git, Risk Management, Excel, SAP",25170,39486,Supply Chain
Senior Inventory Analyst,Northgate Operations Inc,"Seattle, WA",Full-time,"Budgeting & Forecasting, Cost-Benefit Analysis, Data Analysis, Facilitation, Vendor Management",110087,120780,Supply Chain
Junior PMO Lead,Stonewick Supply Chain Co,"Austin, TX",Part-time,"Requirements Gathering, Scrum, Jira, Portfolio Management, Gantt Chart Planning",58695,73164,Project & Program Management
Intern Supply Chain Coordinator,Justwell Sourcing Co,"New York, NY",Internship,"Cost-Benefit Analysis, Supply Chain Analysis, SAP, Git, Procurement, Contract Negotiation",21723,35443,Supply Chain
Supply Chain Coordinator,Nettlefield Ventures,"Chicago, IL",Full-time,"Critical Thinking, Risk Management, Cost-Benefit Analysis, Budgeting & Forecasting, Vendor Management, Supply Chain Analysis, SAP, Excel Financial Modeling",79580,98548,Supply Chain
Operations Analyst,Windmere Consulting Group,"Atlanta, GA",Full-time,"Excel, SAP, Process Improvement, Stakeholder Management, Business Analysis, Budgeting & Forecasting",82958,92363,Business Operations
Intern Procurement Specialist,Millbrook Distribution Group,Remote,Internship,"Excel, Procurement, Risk Management, Git",20274,29277,Supply Chain
Lead Fulfillment Operations Manager,Granite Vale Enterprises,Remote,Part-time,"KPI Development, Time Management, Contract Negotiation, SAP, Vendor Management",124134,133914,Supply Chain
Manager Revenue Operations Analyst,Elmswood Trading Co,"Los Angeles, CA",Full-time,"Business Analysis, Problem Solving, QuickBooks, Data-Driven Decision Making, Process Improvement",120255,140107,Business Operations
Intern Supply Chain Analyst,Moorland Distribution,Remote,Internship,"Excel Financial Modeling, Vendor Management, NetSuite, Communication, Budgeting & Forecasting, Contract Negotiation, Excel",21104,32624,Supply Chain
Junior Vendor Manager,Foxglove Operations,Remote,Full-time,"NetSuite, Presentation Skills, Excel, Budgeting & Forecasting, SAP, Vendor Management, Risk Management",60200,67246,Supply Chain
Junior Operations Analyst,Quarrystone Enterprises,"Denver, CO",Full-time,"NetSuite, KPI Development, Decision Making, Cost-Benefit Analysis, Budgeting & Forecasting",57902,71318,Business Operations
Intern Demand Planner,Foxglove Operations,Remote,Full-time,"Procurement, Excel, Supply Chain Analysis, KPI Development, Contract Negotiation",23106,29999,Supply Chain
Technical Program Manager,Brightwave Supply Co,"Vancouver, BC",Full-time,"Trello, Kanban, PRINCE2, Gantt Chart Planning",82678,95884,Project & Program Management
Category Manager,Moorland Distribution,"Seattle, WA",Contract,"Contract Negotiation, Risk Management, KPI Development, Excel, SAP, Data Analysis, Budgeting & Forecasting",123201,141214,Supply Chain
Operations Manager,Thistledown Operations,"Seattle, WA",Full-time,"Stakeholder Management, Data-Driven Decision Making, Agile Methodology, QuickBooks",111750,136322,Business Operations
Junior Procurement Manager,Granite Vale Enterprises,"Los Angeles, CA",Full-time,"Problem Solving, NetSuite, Procurement, Budgeting & Forecasting, Excel, KPI Development",59288,66841,Supply Chain
Intern Fulfillment Operations Manager,Havencrest Partners,"Austin, TX",Internship,"Excel, KPI Development, Excel Financial Modeling",25306,37648,Supply Chain
Lead Revenue Operations Analyst,Ironwood Systems,"Atlanta, GA",Full-time,"Time Management, P&L Management, Excel Financial Modeling, Data-Driven Decision Making, Business Analysis, KPI Development",128952,146750,Business Operations
Senior Inventory Analyst,Longmoor Logistics Group,"Austin, TX",Internship,"Data Analysis, Excel Financial Modeling, Excel,   Risk Management , Contract Negotiation",102857,120999,Supply Chain
Lead Fulfillment Operations Manager,Millbrook Distribution Group,"Toronto, ON",Full-time,"Budgeting & Forecasting, Vendor Management, Cost-Benefit Analysis, Excel Financial Modeling, Team Leadership, Procurement, NetSuite, Supply Chain Analysis",116469,133738,Supply Chain
Junior Program Manager,Windmere Consulting Group,"Chicago, IL",Internship,"Team Leadership, Jira, Requirements Gathering, Program Management",58678,73889,Project & Program Management
Junior Procurement Manager,Copperfield Ventures,Remote,Full-time,"Vendor Management, SAP, Cross-functional Collaboration, Cost-Benefit Analysis",59833,70481,Supply Chain
Intern Vendor Manager,Duskwood Logistics Partners,"Bangalore, India",Part-time,"Facilitation, Cost-Benefit Analysis, NetSuite, Vendor Management, Contract Negotiation",22051,38587,Supply Chain
Project Manager,Emberline Trading Co,"Austin, TX",Full-time,"Roadmap Planning, Confluence, Budget Management (Projects), Time Management, Kanban, Microsoft Project, Program Management",120417,154092,Project & Program Management
Principal Agile Coach,Foxglove Operations,"Seattle, WA",Full-time,"Jira, Kanban, Risk Assessment (Projects)",145928,171892,Project & Program Management
Lead Vendor Manager,Valemont Distribution,Remote,Full-time,"Risk Management, Data Analysis, sap, Procurement, Agile Methodology, KPI Development, Contract Negotiation, NetSuite",125782,133955,Supply Chain
Junior Procurement Specialist,Pinegrove Freight Co,Remote,Internship,"Excel, Procurement, Cost-Benefit Analysis, SAP, KPI Development",58672,66427,Supply Chain
Junior Project Manager,Havencrest Partners,Remote,Full-time,"Portfolio Management, Milestone Tracking, Microsoft Project, Cross-team Coordination, Retrospective Facilitation, Stakeholder Management, Decision Making, Confluence",62227,72801,Project & Program Management
Intern Technical Program Manager,Pemberton Logistics Group,"Los Angeles, CA",Internship,"Vendor Coordination, Roadmap Planning, Resource Allocation, Budget Management (Projects), Risk Assessment (Projects), Milestone Tracking, Critical Thinking, Portfolio Management",24528,40389,Project & Program Management
Supply Chain Manager,Vertex Cloud Labs,"Austin, TX",Full-time,"NetSuite, Communication, Budgeting & Forecasting, Excel Financial Modeling, Data Analysis",116984,141004,Supply Chain
Senior Sourcing Analyst,Yardley Logistics Co,"Chicago, IL",Contract,"Cost-Benefit Analysis, Budgeting & Forecasting, Git, Contract Negotiation, Vendor Management, Data Analysis, Excel, Risk Management",96250,111873,Supply Chain
Lead PMO Lead,Wellspring Procurement Partners,"New York, NY",Full-time,"Requirements Gathering, Gantt Chart Planning, Stakeholder Management, PRINCE2",115305,140071,Project & Program Management
Intern Director of Operations,Ravensmoor Operations,"Seattle, WA",Internship,"Data-Driven Decision Making, Vendor Management, P&L Management, Excel",23870,28931,Business Operations
Program Manager,Glenridge Procurement Group,Remote,Internship,"Vendor Coordination, Kanban, Stakeholder Management, Gantt Chart Planning",80999,92417,Project & Program Management
Manager Supply Chain Analyst,Millbrook Distribution Group,"Chicago, IL",Part-time,"Procurement, Cost-Benefit Analysis, Excel Financial Modeling, Critical Thinking, SAP, KPI Development",124991,143011,Supply Chain
Director Logistics Manager,Silverton Logistics,"Austin, TX",Full-time,"SAP, Risk Management, Cost-Benefit Analysis, Supply Chain Analysis, KPI Development, Vendor Management, Git, Excel",164074,182962,Supply Chain
Supply Chain Manager,Kettlebrook Enterprises,"Chicago, IL",Contract,"  Budgeting & Forecasting , NetSuite, Data Analysis, Procurement, Contract Negotiation, Vendor Management",79532,98296,Supply Chain
Intern Operations Coordinator,Timberline Sourcing Group,Remote,Internship,"NetSuite, SAP, Process Improvement, Cost-Benefit Analysis, Business Analysis, Time Management",20616,27749,Business Operations
PMO Analyst,Fernbridge Holdings,"Los Angeles, CA",Internship,"Milestone Tracking, Confluence, Stakeholder Management, Presentation Skills, Agile Methodology",78042,91773,Project & Program Management
Lead Category Manager,Pemberton Logistics Group,"New York, NY",Internship,"Budgeting & Forecasting, NetSuite, Data Analysis, KPI Development, Presentation Skills, Excel, SAP, Risk Management",117653,137987,Supply Chain
Manager Procurement Specialist,Northgate Operations Inc,Remote,Full-time,"KPI Development, Vendor Management, Time Management, Cost-Benefit Analysis, Procurement, Excel, Data Analysis",112510,140886,Supply Chain
Senior Strategy & Operations Manager,Saltmarsh Supply Co,Remote,Full-time,"Stakeholder Management, Business Analysis, NetSuite, Vendor Management, Excel, Process Improvement, Cost-Benefit Analysis",102868,122624,Business Operations
Intern Purchasing Coordinator,Hollowbrook Ventures,"Seattle, WA",Internship,"Procurement, Contract Negotiation, Risk Management, NetSuite",21784,29106,Supply Chain
Strategy & Operations Manager,Quarrystone Enterprises,"London, UK",Full-time,"SAP, Process Improvement, Vendor Management, Negotiation, Stakeholder Management, Cross-team Coordination, KPI Development",75615,83054,Business Operations
Intern Operations Associate,Palisade Operations Group,"Boston, MA",Internship,"Vendor Management, Cost-Benefit Analysis, Facilitation, Process Improvement, KPI Development, Cross-team Coordination, Stakeholder Management, Business Analysis",21072,27397,Business Operations
Intern Procurement Specialist,Timberline Sourcing Group,"San Francisco, CA",Internship,"Budgeting & Forecasting, Risk Management, Vendor Management, Critical Thinking",21691,35971,Supply Chain
Senior Operations Manager,Hollowbrook Ventures,"Austin, TX",Contract,"P&L Management, Budgeting & Forecasting, Presentation Skills, Stakeholder Management, NetSuite, Process Improvement",104477,133353,Business Operations
Lead Project Manager,Copperfield Ventures,Remote,Internship,"Trello, Asana, Risk Assessment (Projects), Portfolio Management, Program Management, Kanban, Budget Management (Projects)",123313,139558,Project & Program Management
Intern Logistics Coordinator,Saltmarsh Supply Co,Singapore,Internship,"SAP, Contract Negotiation, Communication, NetSuite, Cost-Benefit Analysis, Budgeting & Forecasting, Excel, Excel Financial Modeling",22459,34927,Supply Chain
Supply Chain Coordinator,Stonewick Supply Chain Co,Remote,Full-time,"Contract Negotiation, Excel, KPI Development, NetSuite, Budgeting & Forecasting, Supply Chain Analysis",82548,93869,Supply Chain
Manager Inventory Analyst,Valemont Distribution,Remote,Full-time,"NetSuite, Agile Methodology, Cost-Benefit Analysis, KPI Development, Excel",125726,155038,Supply Chain
Lead Operations Associate,Timberline Sourcing Group,"Austin, TX",Full-time,"Cross-team Coordination, Vendor Management, QuickBooks",116052,128506,Business Operations
Revenue Operations Analyst,Marlow Bay Group,"Toronto, ON",Internship,"SAP, Cost-Benefit Analysis, KPI Development",82838,100122,Business Operations
Business Operations Manager,Overlook Sourcing Co,"Seattle, WA",Full-time,"Excel, Business Analysis, KPI Development",119216,145119,Business Operations
Senior Logistics Manager,Duskwood Logistics Partners,"Denver, CO",Contract,"Cost-Benefit Analysis, Supply Chain Analysis, Contract Negotiation, KPI Development, Data Analysis",100219,126187,Supply Chain
Lead Procurement Manager,Elmswood Trading Co,"Atlanta, GA",Full-time,"Vendor Management, Procurement, SAP, Data Analysis, Risk Management, Contract Negotiation, Excel",121166,134156,Supply Chain
Senior Fulfillment Operations Manager,Pemberton Logistics Group,Remote,Full-time,"Budgeting & Forecasting, Excel, Excel Financial Modeling, Cost-Benefit Analysis, Procurement, Vendor Management",99784,123462,Supply Chain
Lead Supply Chain Coordinator,Hollowbrook Ventures,"Bangalore, India",Full-time,"Excel, Vendor Management, Budgeting & Forecasting",122946,139756,Supply Chain
Director Supply Chain Manager,Lockwood Trading Partners,"London, UK",Part-time,"Procurement, Problem Solving, KPI Development, Risk Management",153453,184803,Supply Chain
Operations Coordinator,Summit Ledger Partners,Remote,Part-time,"Cross-team Coordination, Business Analysis, Critical Thinking, QuickBooks, Cost-Benefit Analysis",81174,87207,Business Operations
Lead Inventory Analyst,Foxglove Operations,"Seattle, WA",Part-time,"NetSuite, Risk Management, Budgeting & Forecasting, KPI Development",117420,138148,Supply Chain
Junior Supply Chain Coordinator,Onyx Bridge Tech,"Los Angeles, CA",Full-time,"Data Analysis, SAP, Problem Solving, Budgeting & Forecasting, NetSuite",56392,68434,Supply Chain
Lead Technical Program Manager,Wrenfield Sourcing Partners,"San Francisco, CA",Full-time,"Presentation Skills, Microsoft Project, Roadmap Planning, Portfolio Management",128894,150865,Project & Program Management
Manager Operations Coordinator,Glenridge Procurement Group,Remote,Contract,"Cross-team Coordination, Cost-Benefit Analysis, Excel, Data-Driven Decision Making",110235,129952,Business Operations
Senior Operations Associate,Amberfield Logistics,"Austin, TX",Contract,"SAP, NetSuite, Facilitation, Cost-Benefit Analysis, QuickBooks, Budgeting & Forecasting",103236,120583,Business Operations
Vendor Manager,Larkspur Freight Partners,"Boston, MA",Full-time,"Excel, Procurement, Cost-Benefit Analysis, Budgeting & Forecasting, Vendor Management, Contract Negotiation, Risk Management",115374,151621,Supply Chain
Principal Strategy & Operations Manager,Rosewood Freight Partners,Remote,Part-time,"NetSuite, Vendor Management, kpi development, kpi development",138618,149210,Business Operations
Principal Agile Coach,Amberfield Logistics,"Seattle, WA",Full-time,"Program Management, Cross-functional Collaboration, Change Management, Risk Assessment (Projects), Roadmap Planning, Vendor Coordination, Portfolio Management",140759,152183,Project & Program Management
Manager Logistics Coordinator,Onyx Bridge Tech,"Boston, MA",Internship,"Risk Management, Presentation Skills, Procurement, Excel",112478,128068,Supply Chain
Supply Chain Manager,Yardley Logistics Co,"Seattle, WA",Full-time,"Excel Financial Modeling, Data Analysis, Risk Management, Contract Negotiation, Negotiation, Excel, Vendor Management",126439,137856,Supply Chain
Intern Project Coordinator,Valemont Distribution,"New York, NY",Internship,"Program Management, Retrospective Facilitation, Asana",20216,34316,Project & Program Management
Senior Director of Operations,Ashgrove Consulting,"Boston, MA",Part-time,"P&L Management, Cost-Benefit Analysis, Process Improvement, Presentation Skills, Data-Driven Decision Making",96082,108656,Business Operations
Senior Procurement Manager,Kettlebrook Enterprises,"Toronto, ON",Full-time,"KPI Development, Procurement, Contract Negotiation, NetSuite, Excel",105590,124480,Supply Chain
Junior Vendor Manager,Valemont Distribution,"Boston, MA",Full-time,"Risk Management, Vendor Management, Cost-Benefit Analysis, Data Analysis, KPI Development, NetSuite",57385,73815,Supply Chain
Manager Procurement Specialist,Ashwater Consulting,"Boston, MA",Full-time,"NetSuite, Vendor Management, KPI Development",113613,136297,Supply Chain
Manager Supply Chain Coordinator,Lockwood Trading Partners,Remote,Internship,"Excel, Supply Chain Analysis, NetSuite, Risk Management, KPI Development",110959,123161,Supply Chain
Program Manager,Hollowbrook Ventures,"Dublin, Ireland",Part-time,"Problem Solving, Monday.com, Program Management, Milestone Tracking, Scrum, Sprint Planning, Gantt Chart Planning",115810,131694,Project & Program Management
Staff Technical Program Manager,Hollowbrook Ventures,"Boston, MA",Full-time,"Microsoft Project, Risk Assessment (Projects), Trello",129901,155790,Project & Program Management
Lead Category Manager,Mistwood Distribution Partners,"Vancouver, BC",Full-time,"Risk Management, KPI Development, NetSuite, Excel, Vendor Management",129897,158127,Supply Chain
Lead Purchasing Coordinator,Cedarpine Logistics,"London, UK",Full-time,"Procurement, Vendor Management, NetSuite, SAP, Contract Negotiation",118009,141134,Supply Chain
Lead Procurement Manager,Marlow Bay Group,"Los Angeles, CA",Contract,"Cost-Benefit Analysis, BUDGETING & FORECASTING, Excel, Facilitation, KPI Development, Contract Negotiation, BUDGETING & FORECASTING",121208,145982,Supply Chain
Lead Category Manager,Greystone Freight Solutions,Remote,Internship,"Risk Management, Facilitation, Cost-Benefit Analysis, SAP, Procurement, Contract Negotiation",116630,134820,Supply Chain
Director Demand Planner,Oakhaven Supply Solutions,"Atlanta, GA",Full-time,"Data Analysis, NetSuite, Excel Financial Modeling, Supply Chain Analysis, Cost-Benefit Analysis, Agile Methodology",147924,162256,Supply Chain
Lead Purchasing Coordinator,Windmere Consulting Group,"Seattle, WA",Full-time,"Vendor Management, Cost-Benefit Analysis, Contract Negotiation, Risk Management, NetSuite, KPI Development, Budgeting & Forecasting",118513,133250,Supply Chain
Lead Supply Chain Analyst,Stonewick Supply Chain Co,Remote,Full-time,"Cost-Benefit Analysis, Contract Negotiation, KPI Development, Risk Management, Budgeting & Forecasting, NetSuite, Vendor Management",129678,139999,Supply Chain
Category Manager,Rosewood Freight Partners,"Austin, TX",Full-time,"Data Analysis, KPI Development, Budgeting & Forecasting, Cost-Benefit Analysis, Excel, SAP, Vendor Management",77930,85930,Supply Chain
Intern Program Manager,Pinegrove Freight Co,Remote,Internship,"Resource Allocation, Asana, SAFe (Scaled Agile Framework)",27763,35975,Project & Program Management
Director Supply Chain Analyst,Kettlebrook Enterprises,"Chicago, IL",Internship,"Supply Chain Analysis, Budgeting & Forecasting, NetSuite, Cost-Benefit Analysis, CROSS-FUNCTIONAL COLLABORATION, Procurement, KPI Development",145343,178362,Supply Chain
Inventory Analyst,Coldharbor Ventures,Remote,Full-time,"Excel, Time Management, Contract Negotiation, Budgeting & Forecasting",77833,94147,Supply Chain
Operations Coordinator,Oldbridge Supply Solutions,Remote,Internship,"P&L Management, Excel, Stakeholder Management, Process Improvement, NetSuite, QuickBooks, SAP",79201,93418,Business Operations
PMO Analyst,Ironhollow Freight Co,Remote,Part-time,"Roadmap Planning, Budget Management (Projects), Cross-team Coordination, Sprint Planning",82536,100421,Project & Program Management
Senior Inventory Analyst,Hartsfield Supply Chain Partners,"Toronto, ON",Full-time,"Cost-Benefit Analysis, Contract Negotiation, Vendor Management",103332,120239,Supply Chain
Lead Purchasing Coordinator,Crestline Digital,"Boston, MA",Full-time,"Contract Negotiation, Cost-Benefit Analysis, Excel, KPI Development",122235,144357,Supply Chain
Intern Revenue Operations Analyst,Glenridge Procurement Group,"Toronto, ON",Full-time,"QuickBooks, P&L Management, Communication, NetSuite, Excel, SAP, Process Improvement, Excel Financial Modeling",27921,43036,Business Operations
Lead Purchasing Coordinator,Larkspur Freight Partners,"Denver, CO",Contract,"Cost-Benefit Analysis, Excel, SAP",115526,133108,Supply Chain
Manager PMO Lead,Thistledown Operations,"Chicago, IL",Full-time,"Cross-team Coordination, Kanban, PMP Certification, Change Management",114987,135205,Project & Program Management
Principal Business Operations Manager,Cobalt Harbor Group,Remote,Part-time,"Process Improvement, QuickBooks, KPI Development",151413,163777,Business Operations
Intern Purchasing Coordinator,Palisade Operations Group,"Austin, TX",Internship,"Budgeting & Forecasting, KPI Development, Facilitation, Data Analysis, Excel",20882,32692,Supply Chain
Staff Technical Program Manager,Norwich Point Consulting,Remote,Full-time,"Program Management, Retrospective Facilitation, Team Leadership, Cross-team Coordination",128288,145904,Project & Program Management
Lead Inventory Analyst,Pinecrest Digital,Remote,Internship,"Data Analysis, Excel Financial Modeling, Vendor Management",116313,127793,Supply Chain
Manager Scrum Master,Foxglove Operations,Remote,Internship,"Requirements Gathering, Agile Methodology, Microsoft Project",117648,145299,Project & Program Management
Intern Sourcing Analyst,Kettlebrook Enterprises,"Chicago, IL",Internship,"Excel, Vendor Management, Budgeting & Forecasting, Procurement, Cost-Benefit Analysis, KPI Development, Git, Risk Management",27667,33968,Supply Chain
Logistics Manager,Havencrest Partners,"Los Angeles, CA",Part-time,"Excel Financial Modeling, Excel, Cost-Benefit Analysis, Data Analysis, Risk Management, Supply Chain Analysis",119776,138879,Supply Chain
Manager Logistics Coordinator,Copperfield Ventures,Remote,Contract,"Data Analysis, Supply Chain Analysis, Contract Negotiation",128732,145437,Supply Chain
Manager Director of Operations,Kestrel Point Enterprises,Remote,Full-time,"Cost-Benefit Analysis, Cross-team Coordination, Budgeting & Forecasting, Business Analysis, Excel Financial Modeling",111451,131393,Business Operations
Lead Supply Chain Analyst,Moorland Distribution,"Chicago, IL",Contract,"Procurement, Vendor Management, Excel Financial Modeling",127095,135524,Supply Chain
Senior Demand Planner,Ironwood Systems,"San Francisco, CA",Full-time,"Vendor Management, Budgeting & Forecasting, Supply Chain Analysis, Cost-Benefit Analysis, KPI Development, SAP",102325,122769,Supply Chain
Lead Scrum Master,Mistwood Distribution Partners,"Seattle, WA",Full-time,"Change Management, Resource Allocation, Milestone Tracking, Roadmap Planning",115632,140914,Project & Program Management
Senior Logistics Manager,Cobalt Harbor Group,Remote,Internship,"KPI Development, SAP, Team Leadership, Procurement",109405,121237,Supply Chain
Manager Procurement Specialist,Palisade Operations Group,Remote,Full-time,"Contract Negotiation, Risk Management, Git, Vendor Management, Cost-Benefit Analysis, Excel, SAP",129536,144120,Supply Chain
Intern PMO Analyst,Brightwave Supply Co,Singapore,Internship,"Change Management, Cross-team Coordination, Gantt Chart Planning, Trello",25199,30059,Project & Program Management
Intern Revenue Operations Analyst,Rosewood Freight Partners,"Austin, TX",Internship,"P&L Management, Business Analysis, Communication, Excel Financial Modeling",26449,32005,Business Operations
Senior Purchasing Coordinator,Redwood Data Systems,Remote,Contract,"Risk Management, Communication, KPI Development, SAP, NetSuite, Cost-Benefit Analysis",103492,116630,Supply Chain
Lead Fulfillment Operations Manager,Hartsfield Supply Chain Partners,Remote,Internship,"Budgeting & Forecasting, Excel Financial Modeling, NetSuite, Contract Negotiation",129813,147322,Supply Chain
Lead Technical Program Manager,Wellspring Procurement Partners,"Boston, MA",Internship,"Gantt Chart Planning, Milestone Tracking, Monday.com, PMP Certification, Git, Stakeholder Management, Jira, Roadmap Planning",124259,141466,Project & Program Management
Junior Supply Chain Coordinator,Thistledown Operations,"Atlanta, GA",Full-time,"Budgeting & Forecasting, SAP, Excel, Cross-functional Collaboration",60887,66088,Supply Chain
Vendor Manager,Juniper Ridge Partners,"San Francisco, CA",Full-time,"Time Management, Budgeting & Forecasting, Vendor Management, Procurement, Contract Negotiation",124912,149997,Supply Chain
Senior Procurement Specialist,Ivyholt Consulting Group,"Boston, MA",Full-time,"NetSuite, Procurement, Data Analysis, Risk Management",96066,108823,Supply Chain
Procurement Manager,Nova Field Labs,"New York, NY",Part-time,"NetSuite, Procurement, Data Analysis, Vendor Management, SAP, Contract Negotiation",128138,156161,Supply Chain
Logistics Coordinator,Pinecrest Digital,"San Francisco, CA",Full-time,"Excel, SAP, Excel Financial Modeling, Vendor Management, Negotiation, Data Analysis, Risk Management",80261,89933,Supply Chain
Senior Agile Coach,Foxglove Operations,"Seattle, WA",Contract,"Gantt Chart Planning, Retrospective Facilitation, Cross-team Coordination, Communication, Change Management",98067,107995,Project & Program Management
Principal Operations Analyst,Pinegrove Freight Co,"Austin, TX",Full-time,"Cross-team Coordination, Budgeting & Forecasting, Facilitation, Vendor Management, Data-Driven Decision Making, Business Analysis",139291,165151,Business Operations
Junior Purchasing Coordinator,Yardley Logistics Co,Remote,Full-time,"Data Analysis, NetSuite, Cost-Benefit Analysis, Negotiation, Vendor Management, Procurement",60204,73635,Supply Chain
Intern Technical Program Manager,Farrowdale Operations Group,"Austin, TX",Full-time,"Trello, Monday.com, Resource Allocation, Budget Management (Projects), Sprint Planning",20866,36164,Project & Program Management
Junior Revenue Operations Analyst,Thistledown Operations,"Toronto, ON",Full-time,"Budgeting & Forecasting, Presentation Skills, SAP, Business Analysis, Stakeholder Management, P&L Management",62519,67258,Business Operations
Intern Vendor Manager,Pinegrove Freight Co,Remote,Internship,"Risk Management, KPI Development, Vendor Management, Data Analysis, Cost-Benefit Analysis",26340,42502,Supply Chain
Inventory Analyst,Granite Vale Enterprises,Remote,Part-time,"Supply Chain Analysis, NetSuite, Negotiation, SAP, KPI Development, Risk Management",77900,86083,Supply Chain
Intern Supply Chain Coordinator,Duskwood Logistics Partners,"Toronto, ON",Internship,"NetSuite, Excel, KPI Development, Procurement, SAP",27314,35190,Supply Chain
Lead Agile Coach,Underhill Ventures Group,"Austin, TX",Internship,"Roadmap Planning, Trello, Change Management",126522,141897,Project & Program Management
Senior Fulfillment Operations Manager,Windmere Consulting Group,Remote,Internship,"Data Analysis,   Cost-Benefit Analysis , Budgeting & Forecasting",95929,123843,Supply Chain
Junior Technical Program Manager,Oldbridge Supply Solutions,"Berlin, Germany",Full-time,"Scrum, Budget Management (Projects), Microsoft Project, Program Management",62603,76432,Project & Program Management
Intern Category Manager,Kettlebrook Enterprises,"Chicago, IL",Internship,"DECISION MAKING, Cost-Benefit Analysis, Budgeting & Forecasting, Vendor Management, KPI Development, Procurement, DECISION MAKING",25653,37578,Supply Chain
Vendor Manager,Ashgrove Consulting,"London, UK",Contract,"Risk Management, Procurement, Problem Solving, Cost-Benefit Analysis",78052,94422,Supply Chain
Intern Purchasing Coordinator,Nettlefield Ventures,"Seattle, WA",Internship,"Presentation Skills, Excel, SAP, Cost-Benefit Analysis, Risk Management",21827,28977,Supply Chain
Principal Director of Operations,Justwell Sourcing Co,"Berlin, Germany",Internship,"Vendor Management, SAP, Data-Driven Decision Making, QuickBooks, Cost-Benefit Analysis, Cross-team Coordination",137841,161074,Business Operations
Manager PMO Lead,Kingsford Supply Group,Remote,Full-time,"Agile Methodology, Monday.com, Cross-team Coordination, Team Leadership, Gantt Chart Planning, Milestone Tracking, SAFe (Scaled Agile Framework)",111677,139433,Project & Program Management
Lead Project Coordinator,Ravensmoor Operations,"Berlin, Germany",Full-time,"PRINCE2, Git, Resource Allocation, Risk Assessment (Projects)",121077,134824,Project & Program Management
Junior Purchasing Coordinator,Silverton Logistics,"Boston, MA",Internship,"Vendor Management, Budgeting & Forecasting, Decision Making, Data Analysis, SAP",56744,71172,Supply Chain
Senior Sourcing Analyst,Windmere Consulting Group,Remote,Contract,"Procurement, Contract Negotiation, SAP, Presentation Skills, Data Analysis",108506,130365,Supply Chain
Lead Logistics Coordinator,Cedarpine Logistics,"Seattle, WA",Full-time,"SAP, Contract Negotiation, Excel, KPI Development, Procurement, Cost-Benefit Analysis, Presentation Skills",121063,134009,Supply Chain
Lead Operations Manager,Coldharbor Ventures,"Seattle, WA",Full-time,"P&L Management,   Business Analysis , Git, Budgeting & Forecasting, Vendor Management",120079,145762,Business Operations
Program Manager,Emberline Trading Co,"Chicago, IL",Full-time,"Critical Thinking, Cross-team Coordination, Sprint Planning, Program Management, Change Management",116407,147917,Project & Program Management
Lead Supply Chain Analyst,Onyx Bridge Tech,"Vancouver, BC",Part-time,"Excel Financial Modeling, Data Analysis, Budgeting & Forecasting, KPI Development, Risk Management",125082,138724,Supply Chain
Category Manager,Brightwave Supply Co,"New York, NY",Contract,"Budgeting & Forecasting, Excel, Cost-Benefit Analysis, SAP, Presentation Skills, Risk Management, NetSuite",113989,141664,Supply Chain
Intern Project Manager,Pinegrove Freight Co,Remote,Internship,"PRINCE2, SAFe (Scaled Agile Framework), Milestone Tracking",20690,24821,Project & Program Management
Logistics Manager,Longmoor Logistics Group,"Berlin, Germany",Full-time,"Risk Management, Data Analysis, Excel Financial Modeling, Supply Chain Analysis",118522,139475,Supply Chain
Logistics Manager,Mistwood Distribution Partners,Remote,Full-time,"Negotiation, Supply Chain Analysis, Risk Management, Budgeting & Forecasting, KPI Development, Cost-Benefit Analysis, Procurement, Contract Negotiation",129208,160422,Supply Chain
Senior Technical Program Manager,Larkspur Freight Partners,"Dublin, Ireland",Full-time,"Problem Solving, Milestone Tracking, Requirements Gathering, Roadmap Planning, Sprint Planning, Microsoft Project, Confluence, PRINCE2",108528,122375,Project & Program Management
Senior PMO Analyst,Foxglove Operations,"San Francisco, CA",Full-time,"Problem Solving, Gantt Chart Planning, Change Management, Portfolio Management, Stakeholder Management",108360,117916,Project & Program Management
Lead Sourcing Analyst,Mistwood Distribution Partners,"Boston, MA",Full-time,"NetSuite, SAP, Cost-Benefit Analysis, Cross-functional Collaboration",115841,143724,Supply Chain
Lead Sourcing Analyst,Palisade Operations Group,Remote,Internship,"NetSuite, Budgeting & Forecasting, Cost-Benefit Analysis, SAP, Risk Management, Data Analysis, Excel",127624,141000,Supply Chain
Senior Scrum Master,Ashgrove Consulting,Remote,Full-time,"Microsoft Project, Problem Solving, Risk Assessment (Projects), PRINCE2, Program Management, Trello, Agile Methodology",95095,123444,Project & Program Management
Lead Procurement Specialist,Crestline Digital,"London, UK",Full-time,"Vendor Management, NetSuite, Contract Negotiation, KPI Development",117481,126798,Supply Chain
Supply Chain Manager,Larkspur Freight Partners,Remote,Full-time,"NetSuite, Cross-functional Collaboration, Risk Management, Excel Financial Modeling, Budgeting & Forecasting, KPI Development, Contract Negotiation",127732,147538,Supply Chain
Junior Supply Chain Analyst,Glenridge Procurement Group,"Los Angeles, CA",Part-time,"Excel Financial Modeling, Vendor Management, SAP, Supply Chain Analysis, Risk Management, Facilitation, KPI Development",62079,76658,Supply Chain
Lead Agile Coach,Cascade Freight Systems,"San Francisco, CA",Full-time,"Sprint Planning, Asana, Confluence",121465,140898,Project & Program Management
Intern Operations Associate,Ridgemont Sourcing Solutions,Remote,Internship,"SAP, Excel Financial Modeling, Decision Making, P&L Management, KPI Development, Business Analysis",23638,27900,Business Operations
Director Logistics Manager,Silverton Logistics,Remote,Full-time,"Procurement, Data Analysis, Contract Negotiation, Excel Financial Modeling, Supply Chain Analysis, Excel, Vendor Management",158324,182802,Supply Chain
Intern Project Manager,Ivyholt Consulting Group,Singapore,Internship,"Vendor Coordination, PRINCE2, Cross-team Coordination, Critical Thinking",22192,32749,Project & Program Management
Junior Operations Analyst,Summit Ledger Partners,"New York, NY",Internship,"Process Improvement, P&L Management, Cost-Benefit Analysis, Budgeting & Forecasting, KPI Development, Vendor Management, Time Management, SAP",61103,66089,Business Operations
Procurement Manager,Briarcliff Supply Group,"Seattle, WA",Full-time,"Vendor Management, Facilitation, NetSuite, Data Analysis",120776,149222,Supply Chain
Lead Supply Chain Manager,Pinecrest Digital,"San Francisco, CA",Part-time,"Contract Negotiation, Vendor Management, KPI Development, Risk Management, Supply Chain Analysis, Excel Financial Modeling, Agile Methodology",128499,145663,Supply Chain
Junior Procurement Manager,Ashwater Consulting,"Seattle, WA",Internship,"Vendor Management, SAP, Procurement, Contract Negotiation, Time Management",61956,71758,Supply Chain
Supply Chain Manager,Fernbridge Holdings,Remote,Contract,"Budgeting & Forecasting, KPI Development, Contract Negotiation, Excel, data analysis, Excel Financial Modeling, Risk Management, data analysis",122697,159709,Supply Chain
Junior Operations Coordinator,Kestrel Point Enterprises,"London, UK",Contract,"Cross-team Coordination, Team Leadership, Business Analysis, SAP, Vendor Management, Process Improvement, Stakeholder Management, Excel Financial Modeling",56137,72496,Business Operations
Lead Scrum Master,Moorland Distribution,Remote,Full-time,"Resource Allocation, Stakeholder Management, Risk Assessment (Projects), Roadmap Planning, Jira, Presentation Skills",115032,132735,Project & Program Management
Senior Purchasing Coordinator,Summit Ledger Partners,"Chicago, IL",Part-time,"Procurement, NetSuite, Contract Negotiation, Budgeting & Forecasting, SAP, Risk Management, Cost-Benefit Analysis",109674,123002,Supply Chain
Junior Operations Coordinator,Lockwood Trading Partners,Remote,Full-time,"QuickBooks, Excel Financial Modeling, Excel, Git, KPI Development, Budgeting & Forecasting",55460,66646,Business Operations
Senior Operations Manager,Kingsford Supply Group,Remote,Full-time,"QuickBooks, Data-Driven Decision Making, Business Analysis, KPI Development, Vendor Management",110451,121315,Business Operations
Junior Procurement Specialist,Thistledown Operations,"Boston, MA",Full-time,"Budgeting & Forecasting, Data Analysis, Risk Management, NetSuite, Excel, SAP, Procurement, Communication",57338,62847,Supply Chain
