title,company,location,type,skills_required,salary_min,salary_max,category
Junior Clinical Data Analyst,Bluepeak HealthTech,"Dublin, Ireland",Part-time,"FHIR Standards, Cerner, Power BI, Python, Tableau, communication, PYTHON",74549,79704,Health Data & Bioinformatics
Lead Clinical Data Management Lead,Cortex Diagnostics,"Chicago, IL",Internship,"Health Informatics, Cerner, Electronic Health Records (EHR), Power BI, Project Management",139042,156528,Health Data & Bioinformatics
Senior Medical Coding Data Specialist,Cortex Diagnostics,Singapore,Full-time,"Telehealth Systems, HIPAA Compliance, Medical Coding (ICD-10), FHIR Standards, Electronic Health Records (EHR), Pandas, Confluence",121195,126445,Health Data & Bioinformatics
Director of Health Informatics,Clearwater Digital,Remote,Full-time,"Population Health Analytics, Health Informatics, Data Analysis, TensorFlow, Data Visualization",150805,158600,Health Data & Bioinformatics
Mid-level Health IT Project Manager,Brightwell Bio Systems,Remote,Full-time,"Healthcare Interoperability, Medical Coding (ICD-10), Confluence, Git",95571,106926,Health Data & Bioinformatics
Staff HIPAA Compliance Engineer,Brookfield Precision Health,"Toronto, Canada",Full-time,"Population Health Analytics, Health Informatics, Telehealth Systems, Clinical Data Management, Healthcare Interoperability, Java, PostgreSQL, MySQL",176291,181244,Health Data & Bioinformatics
Senior EHR Systems Analyst,Lumen Medical Systems,"Boston, MA",Full-time,"FHIR Standards, Health Informatics, System Design",105123,124501,Health Data & Bioinformatics
Senior Telehealth Platform Engineer,Cobalt Cloud Labs,"Sydney, Australia",Full-time,"FHIR Standards, Clinical Data Management, REST API Design, Amazon Web Services, Team Leadership",135768,147044,Health Data & Bioinformatics
Senior Healthcare Interoperability Engineer,Medix Health Networks,"San Diego, CA",Full-time,"Healthcare Interoperability, HIPAA Compliance, HL7, Health Informatics, Telehealth Systems, Docker, Amazon Web Services, Java",116451,125141,Health Data & Bioinformatics
Mid-level Health Data Scientist,Beacon Life Sciences,"Dublin, Ireland",Full-time,"Data Visualization, Data Warehousing, Cerner, HIPAA Security Rule, Agile Methodology",103971,110474,Health Data & Bioinformatics
Director of Health Informatics,Lucid Genomics,"London, UK",Internship,"Healthcare Interoperability, Electronic Health Records (EHR), SQL",159733,166220,Health Data & Bioinformatics
Intern Genomics Data Analyst,Brightwell Bio Systems,"Raleigh, NC",Contract,"Apache Spark, A/B Testing, Epic Systems, Clinical Data Management, Project Management",20113,31730,Health Data & Bioinformatics
Senior Clinical Systems Engineer,Meridian Informatics,"Denver, CO",Full-time,"Telehealth Systems, FHIR Standards, Medical Coding (ICD-10), Clinical Data Management, HIPAA Security Rule, System Design, REST API Design, C#",131657,149940,Health Data & Bioinformatics
Mid-level Medical Coding Data Specialist,Genoma Health Solutions,"Bengaluru, India",Full-time,"HIPAA Security Rule, Healthcare Interoperability, TensorFlow, Deep Learning",105182,109506,Health Data & Bioinformatics
Lead EHR Integration Engineer,Foxglove Wellness Systems,Remote,Full-time,"Electronic Health Records (EHR), FHIR Standards, Healthcare Interoperability, Population Health Analytics, HIPAA Security Rule, C#, REST API Design, Jira",141296,168439,Health Data & Bioinformatics
Intern Genomics Data Analyst,Kernel Care Technologies,"Seattle, WA",Full-time,"Data Warehousing, Python, A/B Testing, Population Health Analytics",32053,35814,Health Data & Bioinformatics
Lead Clinical Data Management Lead,Aequus Health Solutions,"Pittsburgh, PA",Full-time,"Telehealth Systems, Population Health Analytics, R, Natural Language Processing",141463,165790,Health Data & Bioinformatics
Staff Health Data Scientist,Cortex Clinical Data,"Pittsburgh, PA",Full-time,"Power BI, A/B Testing, PyTorch, ETL Pipelines, Tableau, Medical Coding (ICD-10), Team Leadership",146214,156371,Health Data & Bioinformatics
Junior Bioinformatics Scientist,Granite Care Technologies,"Chicago, IL",Full-time,"Data Analysis, A/B Testing, Deep Learning, Healthcare Interoperability",65368,70480,Health Data & Bioinformatics
Junior Telehealth Platform Engineer,Copperline Care Analytics,Remote,Full-time,"HIPAA Compliance, FHIR Standards, Cerner, Clinical Data Management, C#, PostgreSQL",73298,77885,Health Data & Bioinformatics
Staff Telehealth Platform Engineer,Palisade Precision Health,"London, UK",Full-time,"HIPAA Compliance, FHIR Standards, Telehealth Systems, Cerner, Kubernetes, MySQL",146103,163941,Health Data & Bioinformatics
Junior Healthcare Software Engineer,Redwood Health Analytics,"Minneapolis, MN",Full-time,"MongoDB, Docker, C#, Amazon Web Services, Microservices Architecture, Telehealth Systems, Confluence",74925,79152,Health Data & Bioinformatics
Intern Population Health Analyst,Novantia HealthTech,"Dublin, Ireland",Full-time,"Epic Systems, Electronic Health Records (EHR), Healthcare Interoperability, FHIR Standards, HL7, Pandas, Data Warehousing, ETL Pipelines",24658,36751,Health Data & Bioinformatics
Lead HIPAA Compliance Engineer,Everstone Wellness Systems,Remote,Contract,"HL7, HIPAA Compliance, Electronic Health Records (EHR), C#, Kubernetes, Amazon Web Services, Project Management",147431,160971,Health Data & Bioinformatics
Lead Clinical Data Analyst,Sable Life Sciences,"Toronto, Canada",Full-time,"Epic Systems, Health Informatics, Electronic Health Records (EHR), HIPAA Security Rule, Natural Language Processing, Confluence",161209,176404,Health Data & Bioinformatics
Mid-level Health IT Project Manager,Everstone Wellness Systems,"Sydney, Australia",Contract,"Healthcare Interoperability, HIPAA Security Rule, HIPAA Compliance, Telehealth Systems, Population Health Analytics, Jira, Team Leadership, Agile Methodology",83113,106188,Health Data & Bioinformatics
Principal Health Data Scientist,Basecamp Genomics,"London, UK",Full-time,"Apache Spark, Data Warehousing, Population Health Analytics, FHIR Standards, Agile Methodology",152992,179740,Health Data & Bioinformatics
Senior Medical Coding Data Specialist,Kernel Precision Health,"Chicago, IL",Full-time,"Health Informatics, HIPAA Compliance, FHIR Standards, Clinical Data Management, R, Agile Methodology",117098,121803,Health Data & Bioinformatics
Mid-level Health Informatics Analyst,Meridian Health Networks,"Berlin, Germany",Full-time,"HIPAA Compliance, Medical Coding (ICD-10), A/B Testing, PyTorch, Agile Methodology",100838,108905,Health Data & Bioinformatics
Junior Medical Coding Data Specialist,Cascadia Medical Systems,Remote,Full-time,"Epic Systems, Clinical Data Management, Data Visualization, R",64429,75822,Health Data & Bioinformatics
Director of Health Informatics,Auralis Systems,Remote,Full-time,"HIPAA Compliance, Healthcare Interoperability, Cerner, Apache Spark, Natural Language Processing, Scikit-learn, Confluence",152481,169093,Health Data & Bioinformatics
Junior Population Health Analyst,Everstone Wellness Systems,"New York, NY",Full-time,"HIPAA Compliance, Cerner, Data Analysis, Jira",65838,77485,Health Data & Bioinformatics
Senior Healthcare Software Engineer,Nightingale Systems,"Berlin, Germany",Full-time,"MySQL, REST API Design, Java, Docker, FHIR Standards, Jira",112981,146336,Health Data & Bioinformatics
Senior EHR Integration Engineer,Granite Precision Health,"San Francisco, CA",Contract,"Electronic Health Records (EHR), Health Informatics, System Design, Team Leadership",109082,146960,Health Data & Bioinformatics
Intern Health Informatics Analyst,Juno Care Analytics,Remote,Full-time,"Medical Coding (ICD-10), Electronic Health Records (EHR), PyTorch, Project Management",23358,36649,Health Data & Bioinformatics
Mid-level EHR Integration Engineer,Optum Bio Systems,"Minneapolis, MN",Full-time,"Health Informatics, Electronic Health Records (EHR), REST API Design, MongoDB, Confluence",96079,110205,Health Data & Bioinformatics
Junior Genomics Data Analyst,Ridgeline Bridge Tech,"New York, NY",Full-time,"Python, NumPy, A/B Testing, Scikit-learn, Data Analysis, FHIR Standards",67087,76765,Health Data & Bioinformatics
Staff Bioinformatics Scientist,Iris Informatics,Remote,Full-time,"NumPy, ETL Pipelines, Scikit-learn, Tableau, Python, Telehealth Systems, Electronic Health Records (EHR)",171489,178399,Health Data & Bioinformatics
Senior Telehealth Platform Engineer,Redwood Bio Systems,"Seattle, WA",Internship,"Electronic Health Records (EHR), HIPAA Security Rule, Java",106806,123043,Health Data & Bioinformatics
Junior EHR Systems Analyst,Auralis Systems,"Seattle, WA",Full-time,"HL7, HIPAA Compliance, Telehealth Systems, Population Health Analytics, C#, MongoDB",73605,77621,Health Data & Bioinformatics
Lead Health Data Engineer,Redwood Health Analytics,"Denver, CO",Full-time,"Apache Spark, TensorFlow, Docker, REST API Design, Microservices Architecture, Project Management",154418,169094,Health Data & Bioinformatics
Mid-level HIPAA Compliance Engineer,Brightwell Bio Systems,"Atlanta, GA",Internship,"Population Health Analytics, FHIR Standards, Healthcare Interoperability, C#",105135,110968,Health Data & Bioinformatics
Lead Healthcare Software Engineer,Beacon Health Analytics,Remote,Full-time,"Amazon Web Services, PostgreSQL, Population Health Analytics, HIPAA Compliance, Communication",169219,174060,Health Data & Bioinformatics
Lead Healthcare Software Engineer,Palisade Precision Health,Remote,Full-time,"C#, REST API Design, PostgreSQL, HIPAA Compliance, FHIR Standards, Team Leadership",160216,175583,Health Data & Bioinformatics
Health Analytics Manager,Amberfield Systems,"Sydney, Australia",Full-time,"Deep Learning, Natural Language Processing, TensorFlow, PyTorch, Electronic Health Records (EHR), Agile Methodology",134936,168632,Health Data & Bioinformatics
Senior EHR Systems Analyst,Kernel Care Technologies,"Denver, CO",Full-time,"Electronic Health Records (EHR), HL7, System Design,  Docker , Microservices Architecture, MICROSERVICES ARCHITECTURE",136271,139353,Health Data & Bioinformatics
Lead HIPAA Compliance Engineer,Nightingale Informatics,"Nashville, TN",Full-time,"Medical Coding (ICD-10), Clinical Data Management, HIPAA Security Rule, Health Informatics, Cerner, System Design, REST API Design",144492,151180,Health Data & Bioinformatics
Senior EHR Systems Analyst,Silversage Life Sciences,Remote,Full-time,"HL7, Medical Coding (ICD-10), FHIR Standards, Health Informatics, Docker, Microservices Architecture",135134,145992,Health Data & Bioinformatics
Mid-level Healthcare Interoperability Engineer,Brightwell Bio Systems,Remote,Full-time,"Health Informatics, Population Health Analytics, Java, Communication",98312,106972,Health Data & Bioinformatics
Mid-level Bioinformatics Engineer,Cascadia Health Networks,"Austin, TX",Full-time,"ETL Pipelines, Scikit-learn, Deep Learning, Microservices Architecture, System Design, C#, Git",94544,106711,Health Data & Bioinformatics
Lead Health Analytics Manager,Amberfield Systems,"Berlin, Germany",Full-time,"PyTorch, Data Warehousing, Cerner, Epic Systems, Communication",170849,174943,Health Data & Bioinformatics
Staff EHR Integration Engineer,Granite Precision Health,"Bengaluru, India",Full-time,"Epic Systems, Clinical Data Management, Cerner, Telehealth Systems, System Design, MySQL, Kubernetes, Communication",166367,174170,Health Data & Bioinformatics
Senior EHR Systems Analyst,Redwood Bio Systems,"New York, NY",Full-time,"Population Health Analytics, Clinical Data Management, Epic Systems, REST API Design, PostgreSQL, Project Management",132023,144996,Health Data & Bioinformatics
Mid-level EHR Integration Engineer,Meridian Health Networks,Remote,Full-time,"Clinical Data Management, HIPAA Compliance, Health Informatics, HL7, Java, MySQL, Docker, Communication",93406,100835,Health Data & Bioinformatics
Intern Genomics Data Analyst,Pinecrest Data Health,"Austin, TX",Internship,"ETL Pipelines, PyTorch, Statistics, SQL, Data Analysis, Cerner, Clinical Data Management, Jira",31716,35545,Health Data & Bioinformatics
Principal Director of Health Informatics,Ashgrove Diagnostics,"Toronto, Canada",Full-time,"HL7, Healthcare Interoperability, Electronic Health Records (EHR), Health Informatics, PyTorch",163461,172270,Health Data & Bioinformatics
Senior Genomics Data Analyst,Sable Life Sciences,"Denver, CO",Full-time,"Pandas, PyTorch, HIPAA Security Rule, Clinical Data Management",145794,149772,Health Data & Bioinformatics
Mid-level HIPAA Compliance Engineer,Crestline HealthTech,"San Francisco, CA",Full-time,"HIPAA Security Rule, Epic Systems, Microservices Architecture, Communication",104052,108481,Health Data & Bioinformatics
Mid-level Health Data Engineer,Cobalt Cloud Labs,Remote,Contract,"Data Warehousing, Statistics, PyTorch, REST API Design, MongoDB, C#, Project Management",82934,100455,Health Data & Bioinformatics
Lead EHR Integration Engineer,Ridgeline Bridge Tech,Remote,Full-time,"Cerner, Healthcare Interoperability, Health Informatics, Java, C#, Docker, Confluence",146444,155423,Health Data & Bioinformatics
Mid-level Clinical Data Analyst,Bluepeak HealthTech,"Bengaluru, India",Full-time,"Population Health Analytics, Epic Systems, Cerner, HIPAA Security Rule, Healthcare Interoperability, TensorFlow, Data Warehousing, Communication",84452,100447,Health Data & Bioinformatics
Health Analytics Manager,Windmere Bridge Tech,Remote,Full-time,"Tableau, ETL Pipelines, Epic Systems, FHIR Standards, HL7",118319,148190,Health Data & Bioinformatics
Intern Genomics Data Analyst,Medix Health Networks,"Sydney, Australia",Full-time,"NumPy, Python, Healthcare Interoperability, Confluence",25219,39570,Health Data & Bioinformatics
Mid-level Health Data Scientist,Crestline HealthTech,"Boston, MA",Full-time,"Natural Language Processing, Data Warehousing, HL7, Healthcare Interoperability, Agile Methodology",99478,106990,Health Data & Bioinformatics
Mid-level Bioinformatics Engineer,Pinecrest Data Health,"Chicago, IL",Internship,"Python, SQL, Scikit-learn, NumPy,  Tableau , MySQL, REST API Design, Agile Methodology",78478,110108,Health Data & Bioinformatics
Intern Genomics Data Analyst,Cascadia Medical Systems,Remote,Full-time,"NumPy, Data Warehousing, ETL Pipelines, Machine Learning, Data Visualization, FHIR Standards, Medical Coding (ICD-10), Agile Methodology",28921,35637,Health Data & Bioinformatics
Senior Health Analytics Manager,Solace Health Solutions,"Berlin, Germany",Full-time,"Natural Language Processing, Machine Learning, ETL Pipelines, Python, Health Informatics, Cerner",146921,150079,Health Data & Bioinformatics
Mid-level Medical Coding Data Specialist,Ironwood Care Technologies,"Pittsburgh, PA",Full-time,"Electronic Health Records (EHR), Population Health Analytics, Data Visualization, Statistics",106279,109522,Health Data & Bioinformatics
Senior Health Analytics Manager,Ridgeline Bridge Tech,"Philadelphia, PA",Internship,"TensorFlow, PyTorch, Health Informatics, Medical Coding (ICD-10)",144370,150629,Health Data & Bioinformatics
Senior HIPAA Compliance Engineer,Lumen Health Networks,"San Francisco, CA",Part-time,"Population Health Analytics, HL7, Clinical Data Management, FHIR Standards, Medical Coding (ICD-10), System Design, MySQL, PostgreSQL",110061,143983,Health Data & Bioinformatics
Mid-level Clinical Data Analyst,Sable Data Health,"San Diego, CA",Full-time,"Population Health Analytics, FHIR Standards, Health Informatics, HIPAA Compliance, CERNER, R, PyTorch, Deep Learning",88294,96080,Health Data & Bioinformatics
Senior Health IT Project Manager,Ashgrove Clinical Data,"Atlanta, GA",Full-time,"HIPAA Compliance, Clinical Data Management, FHIR Standards, Healthcare Interoperability, Git, Agile Methodology, Project Management",116177,133013,Health Data & Bioinformatics
Lead EHR Integration Engineer,Ridgeline Bridge Tech,"Sydney, Australia",Full-time,"Medical Coding (ICD-10), Electronic Health Records (EHR), HIPAA Compliance, REST API Design, Communication",148040,166482,Health Data & Bioinformatics
Mid-level EHR Systems Analyst,Brightwell Bio Systems,"Minneapolis, MN",Internship,"Population Health Analytics, HL7, Amazon Web Services, Team Leadership",85288,109773,Health Data & Bioinformatics
Staff Bioinformatics Scientist,Pinecrest Data Health,"San Francisco, CA",Full-time,"Natural Language Processing, NumPy, ETL Pipelines, Data Warehousing, Population Health Analytics, FHIR Standards, HIPAA Security Rule",138307,154263,Health Data & Bioinformatics
Senior Health Analytics Manager,Larkspur Health Networks,Singapore,Full-time,"A/B Testing, Data Warehousing, Data Analysis, Apache Spark, R, Population Health Analytics",119416,134579,Health Data & Bioinformatics
Director of Health Informatics,Windmere Bridge Tech,"Boston, MA",Full-time,"Medical Coding (ICD-10), FHIR Standards, Natural Language Processing, NumPy",132210,160259,Health Data & Bioinformatics
Senior Health Data Engineer,Vertex Systems,"San Francisco, CA",Full-time,"Data Warehousing, TensorFlow, Natural Language Processing, Docker, MySQL, C#, Git",134698,137784,Health Data & Bioinformatics
Lead Director of Health Informatics,Clearwater Digital,Remote,Contract,"Health Informatics, FHIR Standards, Scikit-learn, Pandas",140890,175338,Health Data & Bioinformatics
Mid-level EHR Integration Engineer,Cobalt Cloud Labs,"Bengaluru, India",Internship,"HL7, Health Informatics, MongoDB, Java, Team Leadership",101423,111255,Health Data & Bioinformatics
Principal Health Data Scientist,Silversage Life Sciences,"Toronto, Canada",Internship,"Python, Deep Learning, HIPAA Compliance, Healthcare Interoperability",167306,182057,Health Data & Bioinformatics
Director of Health Informatics,Nightingale Informatics,Remote,Full-time,"Electronic Health Records (EHR), Medical Coding (ICD-10), Epic Systems, SQL, Team Leadership",147115,158901,Health Data & Bioinformatics
Intern Genomics Data Analyst,Nightingale Systems,"Philadelphia, PA",Contract,"Data Visualization, PyTorch, Natural Language Processing, Population Health Analytics, HIPAA Compliance, Health Informatics, Communication",23123,30880,Health Data & Bioinformatics
Principal Director of Health Informatics,Ridgeline Cloud Labs,"Philadelphia, PA",Internship,"Medical Coding (ICD-10), Clinical Data Management, Epic Systems, Telehealth Systems, SQL, A/B Testing, Natural Language Processing",162070,169638,Health Data & Bioinformatics
Senior Health Data Scientist,Pinecrest Data Health,Singapore,Part-time,"A/B Testing, Apache Spark, Machine Learning, Scikit-learn, Data Warehousing, FHIR Standards, Project Management",127619,131813,Health Data & Bioinformatics
Senior Health Analytics Manager,Everstone Wellness Systems,Remote,Full-time,"Tableau, TensorFlow, HIPAA Compliance, Telehealth Systems, Epic Systems",111534,121195,Health Data & Bioinformatics
Lead HIPAA Compliance Engineer,Nightingale Systems,"Washington, DC",Contract,"Clinical Data Management, HL7, Healthcare Interoperability, HIPAA Security Rule, PostgreSQL, C#, Java, Project Management",156147,176427,Health Data & Bioinformatics
Director of Health Informatics,Quill Data Health,Remote,Full-time,"HIPAA Security Rule, Population Health Analytics, FHIR Standards, HIPAA Compliance, Cerner, Data Analysis, SQL, R",131309,167241,Health Data & Bioinformatics
Mid-level Medical Coding Data Specialist,Aequus Health Solutions,Singapore,Full-time,"Cerner, Medical Coding (ICD-10), HIPAA Compliance, HIPAA Security Rule, Health Informatics, Scikit-learn",99711,111315,Health Data & Bioinformatics
Senior EHR Integration Engineer,Harborlight Wellness Systems,"Seattle, WA",Internship,"Epic Systems, HIPAA Security Rule, Population Health Analytics, Health Informatics, HIPAA Compliance, System Design, MongoDB, Kubernetes",130154,136122,Health Data & Bioinformatics
Principal Director of Health Informatics,Amberfield Digital,"Denver, CO",Contract,"Electronic Health Records (EHR), HIPAA Security Rule, PyTorch",185159,188973,Health Data & Bioinformatics
Junior Health Data Scientist,Redwood Health Analytics,Remote,Full-time,"Scikit-learn, Data Analysis, TensorFlow, ETL Pipelines, Health Informatics, Population Health Analytics, HIPAA Compliance",66010,76451,Health Data & Bioinformatics
Senior Health Data Engineer,Nightingale Informatics,Remote,Contract,"Power BI, Data Analysis, Tableau, Statistics, SQL, Docker",109392,150581,Health Data & Bioinformatics
Health IT Project Manager,Beacon Life Sciences,Remote,Internship,"Electronic Health Records (EHR), Epic Systems, Telehealth Systems, Jira",162626,168437,Health Data & Bioinformatics
Lead Healthcare Interoperability Engineer,Bluepeak HealthTech,"Raleigh, NC",Part-time,"Healthcare Interoperability, HIPAA Security Rule, Telehealth Systems, Epic Systems, Clinical Data Management, Kubernetes, Amazon Web Services, Java",167296,175673,Health Data & Bioinformatics
Lead EHR Integration Engineer,Kernel Precision Health,Remote,Full-time,"Medical Coding (ICD-10), Telehealth Systems, HIPAA Security Rule, HIPAA Compliance, Docker, Amazon Web Services, MySQL, Git",152903,165425,Health Data & Bioinformatics
Junior EHR Systems Analyst,Sable Life Sciences,"Washington, DC",Full-time,"Medical Coding (ICD-10), Healthcare Interoperability, MySQL, Git",65481,69384,Health Data & Bioinformatics
Senior Healthcare Interoperability Engineer,Palisade Precision Health,"Philadelphia, PA",Full-time,"Clinical Data Management, Electronic Health Records (EHR), Healthcare Interoperability, HIPAA Security Rule, Microservices Architecture, Amazon Web Services",108476,144447,Health Data & Bioinformatics
Mid-level EHR Systems Analyst,Foxglove Medical Systems,"Bengaluru, India",Full-time,"HIPAA Compliance, Population Health Analytics, HIPAA Security Rule, Cerner, Medical Coding (ICD-10), Microservices Architecture, System Design, Amazon Web Services",91970,109196,Health Data & Bioinformatics
Staff HIPAA Compliance Engineer,Redwood Health Analytics,"Chicago, IL",Internship,"HIPAA Security Rule, Cerner, Clinical Data Management, Electronic Health Records (EHR), Medical Coding (ICD-10), Kubernetes, Microservices Architecture, Java",149715,177644,Health Data & Bioinformatics
Mid-level Bioinformatics Engineer,Harborlight Wellness Systems,"Toronto, Canada",Full-time,"Deep Learning, Pandas, Power BI, SQL, MySQL, PostgreSQL",103068,109224,Health Data & Bioinformatics
Staff Healthcare Interoperability Engineer,Novantia HealthTech,"Seattle, WA",Full-time,"HIPAA Compliance, HIPAA Security Rule, Kubernetes, System Design, Amazon Web Services",151293,169066,Health Data & Bioinformatics
Mid-level EHR Systems Analyst,Vitalis Digital,"Denver, CO",Full-time,"Population Health Analytics, HIPAA Compliance, Healthcare Interoperability, Telehealth Systems, Medical Coding (ICD-10), Microservices Architecture, MySQL, PostgreSQL",92643,98796,Health Data & Bioinformatics
Staff Healthcare Software Engineer,Wavecrest Bio Systems,"Pittsburgh, PA",Full-time,"C#, REST API Design, Amazon Web Services, FHIR Standards, Health Informatics, Project Management",163206,167759,Health Data & Bioinformatics
Junior Health Informatics Analyst,Ashgrove Clinical Data,"Chicago, IL",Full-time,"HL7, Health Informatics, Clinical Data Management, Tableau, Confluence",70549,76391,Health Data & Bioinformatics
Senior Health Data Scientist,Solace Health Solutions,"Austin, TX",Contract,"A/B Testing, Apache Spark, Healthcare Interoperability",131818,142422,Health Data & Bioinformatics
Senior Bioinformatics Scientist,Meridian Health Networks,"Berlin, Germany",Full-time,"PyTorch, Tableau, Pandas, TensorFlow, HIPAA Compliance, Confluence",129818,150313,Health Data & Bioinformatics
Lead EHR Integration Engineer,Foxglove Wellness Systems,"Toronto, Canada",Internship,"Electronic Health Records (EHR), Cerner, FHIR Standards, HIPAA Compliance, Microservices Architecture, Kubernetes, Team Leadership",162913,176518,Health Data & Bioinformatics
Mid-level Telehealth Platform Engineer,Medix Health Networks,"Washington, DC",Internship,"FHIR Standards, Electronic Health Records (EHR), Microservices Architecture, C#, Docker",102404,107743,Health Data & Bioinformatics
Principal Bioinformatics Scientist,Wavecrest Bio Systems,"Dublin, Ireland",Full-time,"Python, Data Analysis, Cerner, Population Health Analytics",165725,185505,Health Data & Bioinformatics
Lead HIPAA Compliance Engineer,Kernel Care Technologies,Remote,Contract,"Cerner, Health Informatics, Healthcare Interoperability, PostgreSQL, Java, Confluence",165025,174450,Health Data & Bioinformatics
Senior Health Analytics Manager,Crestline HealthTech,"San Diego, CA",Full-time,"Statistics, Apache Spark, Data Visualization, TensorFlow, Medical Coding (ICD-10), Telehealth Systems, Jira",125151,129329,Health Data & Bioinformatics
Lead Health Analytics Manager,Quill Life Sciences,"London, UK",Full-time,"Data Visualization, Pandas, SQL, Scikit-learn, Power BI, Population Health Analytics, Project Management",153243,173483,Health Data & Bioinformatics
Senior Health Analytics Manager,Marrow Bridge Tech,"Chicago, IL",Full-time,"Machine Learning, Tableau, Data Analysis, ETL Pipelines, Pandas, Population Health Analytics, Healthcare Interoperability, FHIR Standards",136009,147463,Health Data & Bioinformatics
Senior Health Data Engineer,Aequus Health Solutions,Remote,Full-time,"Natural Language Processing, ETL Pipelines, Statistics, Machine Learning, Data Visualization, MySQL, Java, Project Management",142899,146755,Health Data & Bioinformatics
Principal Healthcare Interoperability Engineer,Juno Genomics,"Berlin, Germany",Contract,"FHIR Standards, Health Informatics, Clinical Data Management, HIPAA Compliance, Java, Amazon Web Services, Jira",162936,184065,Health Data & Bioinformatics
Senior Clinical Data Management Lead,Everstone Wellness Systems,"Bengaluru, India",Full-time,"Clinical Data Management, HL7, Medical Coding (ICD-10), Electronic Health Records (EHR), SQL, Apache Spark, PyTorch, Agile Methodology",126013,140403,Health Data & Bioinformatics
Mid-level Medical Coding Data Specialist,Brookfield Precision Health,"New York, NY",Full-time,"HL7, Healthcare Interoperability, HIPAA Compliance, Population Health Analytics, Telehealth Systems, Pandas, Machine Learning, PyTorch",96410,103404,Health Data & Bioinformatics
Lead Healthcare Software Engineer,Northgate Wellness Systems,"Berlin, Germany",Full-time,"Java, Amazon Web Services, PostgreSQL, Clinical Data Management, Cerner, HIPAA Security Rule",155961,171692,Health Data & Bioinformatics
Lead Bioinformatics Engineer,Halcyon Bridge Tech,"San Francisco, CA",Full-time,"Data Visualization, Deep Learning, Pandas, System Design, Microservices Architecture",150014,163208,Health Data & Bioinformatics
Junior Genomics Data Analyst,Marrow Bridge Tech,Remote,Internship,"Pandas, SQL, Python, Epic Systems, Medical Coding (ICD-10), Population Health Analytics",65820,79280,Health Data & Bioinformatics
Director of Health Informatics,Solace Health Solutions,Singapore,Full-time,"Electronic Health Records (EHR), Health Informatics, Clinical Data Management, A/B Testing",134814,156482,Health Data & Bioinformatics
Director of Health Informatics,Beacon Health Analytics,"Sydney, Australia",Part-time,"Cerner, Population Health Analytics, HIPAA Security Rule, Python, Deep Learning, Project Management",136864,146579,Health Data & Bioinformatics
Junior Health Data Scientist,Meridian Health Networks,"Pittsburgh, PA",Full-time,"Scikit-learn, TensorFlow, Python, Natural Language Processing, NumPy, Health Informatics, FHIR Standards, Epic Systems",70840,78614,Health Data & Bioinformatics
Lead Clinical Data Analyst,Clearwater Digital,Singapore,Full-time,"Cerner, Clinical Data Management, Epic Systems, A/B Testing, Apache Spark, SQL",168691,174509,Health Data & Bioinformatics
Mid-level Healthcare Interoperability Engineer,Aequus Cloud Labs,"San Francisco, CA",Full-time,"Electronic Health Records (EHR), HIPAA Security Rule, Healthcare Interoperability, HIPAA Compliance, Amazon Web Services, PostgreSQL, System Design, Project Management",101793,111633,Health Data & Bioinformatics
Principal Director of Health Informatics,Ridgeline Cloud Labs,"Chicago, IL",Full-time,"Healthcare Interoperability, Medical Coding (ICD-10), FHIR Standards, Electronic Health Records (EHR), HIPAA Compliance, Deep Learning, Statistics, Project Management",151824,189640,Health Data & Bioinformatics
Mid-level Health IT Project Manager,Lumen Health Networks,Singapore,Full-time,"Telehealth Systems, Cerner, HL7, Epic Systems, Jira, Project Management",89194,99263,Health Data & Bioinformatics
Junior Population Health Analyst,Nightingale Informatics,"Dublin, Ireland",Internship,"Epic Systems, Cerner, TensorFlow, Data Warehousing, Machine Learning",66332,76822,Health Data & Bioinformatics
Staff Bioinformatics Engineer,Optum Bio Systems,Remote,Full-time,"PyTorch, TensorFlow, MongoDB, Communication",138163,166511,Health Data & Bioinformatics
Senior EHR Systems Analyst,Amberfield Digital,"Washington, DC",Full-time,"Electronic Health Records (EHR), HIPAA Compliance, Telehealth Systems, HIPAA Security Rule, Amazon Web Services, Agile Methodology",130645,141436,Health Data & Bioinformatics
Mid-level Medical Coding Data Specialist,Solace Precision Health,"Nashville, TN",Contract,"Cerner, HIPAA Compliance, Healthcare Interoperability, TensorFlow, Tableau, Team Leadership",100321,104289,Health Data & Bioinformatics
Intern Genomics Data Analyst,Redwood Health Analytics,Remote,Full-time,"Data Analysis, ETL Pipelines, Python, Cerner",21132,27433,Health Data & Bioinformatics
Senior Health Analytics Manager,Lumen Medical Systems,Remote,Full-time,"NumPy, Deep Learning, Natural Language Processing, TensorFlow, SQL, Epic Systems, Project Management",131562,135808,Health Data & Bioinformatics
Senior Population Health Analyst,Foxglove Wellness Systems,Singapore,Full-time,"HL7, Telehealth Systems, Healthcare Interoperability, Clinical Data Management, Cerner, Python, Power BI, Natural Language Processing",141233,145949,Health Data & Bioinformatics
Senior Clinical Data Analyst,Vitalis Digital,"Philadelphia, PA",Contract,"FHIR Standards, Epic Systems, HL7, Population Health Analytics, TensorFlow, Communication",125190,131151,Health Data & Bioinformatics
Junior Health Data Engineer,Halcyon Bridge Tech,"Dublin, Ireland",Full-time,"ETL Pipelines, Tableau, Data Analysis, Java, Team Leadership",67468,71291,Health Data & Bioinformatics
Mid-level Bioinformatics Engineer,Harborlight Wellness Systems,"Raleigh, NC",Full-time,"Power BI, R, REST API Design",80933,97933,Health Data & Bioinformatics
Lead Health Data Engineer,Cortex Clinical Data,"Atlanta, GA",Internship,"Data Analysis, TensorFlow, NumPy, ETL Pipelines, Microservices Architecture, Git",136306,176393,Health Data & Bioinformatics
Lead Healthcare Interoperability Engineer,Medix Health Networks,"Washington, DC",Full-time,"Cerner, FHIR Standards, Clinical Data Management, PostgreSQL, Java, Team Leadership",142680,167891,Health Data & Bioinformatics
Staff Health Data Engineer,Kernel Precision Health,"Austin, TX",Internship,"TensorFlow, Deep Learning, PostgreSQL, MySQL,  Amazon Web Services , POSTGRESQL",145518,152687,Health Data & Bioinformatics
Senior EHR Systems Analyst,Cobalt Cloud Labs,Remote,Full-time,"Cerner, Population Health Analytics, Health Informatics, Telehealth Systems, FHIR Standards, MySQL, MongoDB, Jira",142336,145852,Health Data & Bioinformatics
Lead Health Analytics Manager,Granite Precision Health,"Chicago, IL",Full-time,"Data Visualization, Pandas, Natural Language Processing, PyTorch, Clinical Data Management, Epic Systems",145434,148615,Health Data & Bioinformatics
Senior Population Health Analyst,Iris Informatics,"Minneapolis, MN",Full-time,"Cerner, Healthcare Interoperability, HIPAA Compliance, PyTorch, ETL Pipelines",146355,150711,Health Data & Bioinformatics
Principal Healthcare Interoperability Engineer,Palisade Precision Health,"Berlin, Germany",Internship,"HL7, Epic Systems, PostgreSQL, Communication",168819,178203,Health Data & Bioinformatics
Senior Healthcare Interoperability Engineer,Cascadia Health Networks,"Washington, DC",Full-time,"HL7, Healthcare Interoperability, Telehealth Systems, MySQL, System Design, Project Management",108697,129677,Health Data & Bioinformatics
Mid-level EHR Integration Engineer,Cascadia Medical Systems,"Berlin, Germany",Internship,"HIPAA Compliance, Health Informatics, MySQL, PostgreSQL",104104,108841,Health Data & Bioinformatics
Junior Telehealth Platform Engineer,Crestline Bio Systems,"Bengaluru, India",Full-time,"HIPAA Compliance, Health Informatics, Docker, MongoDB, Jira",70130,73534,Health Data & Bioinformatics
Lead Clinical Data Analyst,Cascadia Health Networks,"Chicago, IL",Full-time,"Epic Systems, HIPAA Compliance, Population Health Analytics, Clinical Data Management, Cerner, Tableau, Data Warehousing",159219,168921,Health Data & Bioinformatics
Mid-level Healthcare Interoperability Engineer,Ashgrove Clinical Data,"Bengaluru, India",Part-time,"HL7, Cerner,  PostgreSQL , Project Management",87191,92804,Health Data & Bioinformatics
Intern Health Informatics Analyst,Meridian Informatics,"San Diego, CA",Internship,"HL7, Telehealth Systems, Clinical Data Management, Cerner, Health Informatics, SQL, Statistics, Communication",22009,27395,Health Data & Bioinformatics
Junior EHR Systems Analyst,Halcyon Bridge Tech,"Nashville, TN",Part-time,"Cerner, Population Health Analytics, Microservices Architecture, Java, C#, Communication",58798,79921,Health Data & Bioinformatics
Mid-level Health Data Engineer,Auralis Systems,"Philadelphia, PA",Contract,"Statistics, Scikit-learn, R, Data Visualization, Java, PostgreSQL, REST API Design, Git",93535,110461,Health Data & Bioinformatics
Mid-level Health Data Scientist,Nightingale Informatics,"Nashville, TN",Internship,"Data Warehousing, Natural Language Processing, TensorFlow, Medical Coding (ICD-10), HIPAA Compliance",98580,106601,Health Data & Bioinformatics
Mid-level Telehealth Platform Engineer,Everstone Wellness Systems,"Seattle, WA",Full-time,"Cerner, Epic Systems, HIPAA Security Rule, Amazon Web Services",81665,87370,Health Data & Bioinformatics
Principal Director of Health Informatics,Genoma Health Solutions,"Sydney, Australia",Full-time,"FHIR Standards, Health Informatics, Healthcare Interoperability, HIPAA Security Rule, HL7, Data Visualization, SQL",154038,187177,Health Data & Bioinformatics
Senior Telehealth Platform Engineer,Cascadia Medical Systems,Remote,Full-time,"Cerner, Population Health Analytics, Epic Systems, FHIR Standards, Amazon Web Services",130776,136493,Health Data & Bioinformatics
Lead Clinical Data Management Lead,Auralis Digital,"Bengaluru, India",Full-time,"Electronic Health Records (EHR), HIPAA Compliance, Telehealth Systems, Healthcare Interoperability, Tableau, Data Warehousing, Machine Learning",139711,154200,Health Data & Bioinformatics
Staff Clinical Systems Engineer,Auralis Digital,Remote,Full-time,"Telehealth Systems, Health Informatics, HIPAA Compliance, Kubernetes, Project Management",171709,174743,Health Data & Bioinformatics
Senior Health Data Scientist,Cascadia Health Networks,Remote,Full-time,"Machine Learning, Scikit-learn, TensorFlow, NumPy, ETL Pipelines, HIPAA Security Rule, HL7, Electronic Health Records (EHR)",133347,145471,Health Data & Bioinformatics
Junior Clinical Data Analyst,Bluepeak Diagnostics,Remote,Part-time,"HIPAA Security Rule, Medical Coding (ICD-10), Epic Systems, FHIR Standards, Health Informatics, Tableau, Deep Learning",66565,79966,Health Data & Bioinformatics
Lead HIPAA Compliance Engineer,Meridian Informatics,"Nashville, TN",Full-time,"Electronic Health Records (EHR), HIPAA Compliance, Epic Systems, Cerner, Java, Kubernetes, Microservices Architecture",144017,169358,Health Data & Bioinformatics
Junior Population Health Analyst,Windmere Bridge Tech,"Pittsburgh, PA",Full-time,"Epic Systems, Population Health Analytics, HL7, TensorFlow, Communication",65442,69215,Health Data & Bioinformatics
Senior Healthcare Interoperability Engineer,Redwood Health Analytics,"Berlin, Germany",Full-time,"Population Health Analytics, Medical Coding (ICD-10), Health Informatics, MySQL, REST API Design, Amazon Web Services, Team Leadership",143636,150758,Health Data & Bioinformatics
Senior EHR Integration Engineer,Lucid Clinical Data,"Chicago, IL",Full-time,"FHIR Standards, Medical Coding (ICD-10), MongoDB, MySQL, Microservices Architecture, Confluence",122566,151564,Health Data & Bioinformatics
Principal Health Data Scientist,Meridian Informatics,"New York, NY",Full-time,"Power BI, ETL Pipelines, A/B Testing, Scikit-learn, Natural Language Processing, Cerner, Confluence",176425,191020,Health Data & Bioinformatics
Principal Bioinformatics Scientist,Beacon Life Sciences,"Pittsburgh, PA",Part-time,"Pandas, Natural Language Processing, A/B Testing, Clinical Data Management, Health Informatics, Epic Systems",180158,191866,Health Data & Bioinformatics
Mid-level Health Data Scientist,Redwood Bio Systems,"Denver, CO",Contract,"TensorFlow, Deep Learning, Apache Spark, SQL, A/B Testing, Medical Coding (ICD-10), Cerner, Clinical Data Management",81658,98181,Health Data & Bioinformatics
Junior Health Informatics Analyst,Meridian Health Networks,"Chicago, IL",Contract,"Health Informatics, HL7, Epic Systems, R",71925,78403,Health Data & Bioinformatics
Senior Medical Coding Data Specialist,Silversage Life Sciences,"Bengaluru, India",Full-time,"Healthcare Interoperability, Medical Coding (ICD-10), FHIR Standards, Population Health Analytics, HIPAA Security Rule, Machine Learning, Git",146989,150235,Health Data & Bioinformatics
Senior Population Health Analyst,Quill Data Health,"Minneapolis, MN",Full-time,"Cerner, Health Informatics, Telehealth Systems, A/B Testing, TensorFlow",113519,120916,Health Data & Bioinformatics
Senior Telehealth Platform Engineer,Cobalt Cloud Labs,"Bengaluru, India",Part-time,"FHIR Standards, Medical Coding (ICD-10), Epic Systems, Electronic Health Records (EHR), HIPAA Security Rule, Amazon Web Services, MySQL, Agile Methodology",115665,144608,Health Data & Bioinformatics
Junior Medical Coding Data Specialist,Redwood Health Analytics,"Berlin, Germany",Part-time,"HL7, Electronic Health Records (EHR), Clinical Data Management, HIPAA Compliance, TensorFlow, Scikit-learn, Data Analysis",73781,78042,Health Data & Bioinformatics
Senior Medical Coding Data Specialist,Meridian Informatics,Remote,Internship,"HIPAA Compliance, HL7, Population Health Analytics, Data Visualization, Tableau, Project Management",135422,141515,Health Data & Bioinformatics
Staff Clinical Systems Engineer,Larkspur Health Networks,"Seattle, WA",Full-time,"HIPAA Security Rule, Epic Systems, Population Health Analytics, Docker, Agile Methodology",165016,176210,Health Data & Bioinformatics
Senior Healthcare Software Engineer,Palisade Health Solutions,Remote,Full-time,"Kubernetes, MySQL, MongoDB, Medical Coding (ICD-10), Cerner, Electronic Health Records (EHR), Communication",116163,141048,Health Data & Bioinformatics
Lead Health Analytics Manager,Pulseline Genomics,"Raleigh, NC",Part-time,"Deep Learning, ETL Pipelines, Data Warehousing, Apache Spark, HL7, Electronic Health Records (EHR)",147612,165338,Health Data & Bioinformatics
Principal Healthcare Software Engineer,Lumen Health Networks,"Chicago, IL",Internship,"Kubernetes, PostgreSQL, MongoDB, Java, Telehealth Systems, Health Informatics, Team Leadership, KUBERNETES",177363,183031,Health Data & Bioinformatics
Lead Health Data Engineer,Sable Life Sciences,"Philadelphia, PA",Full-time,"Machine Learning, Tableau, Apache Spark, Deep Learning, Natural Language Processing, REST API Design, MongoDB, System Design",135409,174900,Health Data & Bioinformatics
Senior Telehealth Platform Engineer,Redwood Bio Systems,"Boston, MA",Full-time,"FHIR Standards, HL7, Kubernetes, Git",118088,125814,Health Data & Bioinformatics
Senior EHR Integration Engineer,Cardialis Life Sciences,"Bengaluru, India",Full-time,"Population Health Analytics, Clinical Data Management, FHIR Standards, Electronic Health Records (EHR), Java, System Design, Microservices Architecture",129722,134707,Health Data & Bioinformatics
Junior Medical Coding Data Specialist,Pinecrest Data Health,Remote,Full-time,"Population Health Analytics, HIPAA Compliance, Medical Coding (ICD-10), Cerner, Deep Learning",65813,74527,Health Data & Bioinformatics
Mid-level Clinical Systems Engineer,Cortex Clinical Data,"Denver, CO",Full-time,"Medical Coding (ICD-10), HIPAA Security Rule, Clinical Data Management, System Design, Java, PostgreSQL, Team Leadership",105295,108842,Health Data & Bioinformatics
Senior EHR Integration Engineer,Palisade Precision Health,"Austin, TX",Full-time,"Epic Systems, Clinical Data Management, FHIR Standards, Telehealth Systems, Java, Microservices Architecture, REST API Design",132483,136123,Health Data & Bioinformatics
Clinical Data Management Lead Manager,Windmere Bridge Tech,"Atlanta, GA",Full-time,"Electronic Health Records (EHR), Healthcare Interoperability, FHIR Standards, Pandas, Data Analysis, Python, Jira",147964,152574,Health Data & Bioinformatics
Senior Health Data Scientist,Novantia HealthTech,"Berlin, Germany",Full-time,"Statistics, NumPy, R, Tableau, ETL Pipelines, FHIR Standards, Git",144287,149935,Health Data & Bioinformatics
Senior Clinical Data Management Lead,Windmere Cloud Labs,"San Francisco, CA",Full-time,"HIPAA Security Rule, Telehealth Systems, Epic Systems, ETL Pipelines, Natural Language Processing, Project Management",113090,142662,Health Data & Bioinformatics
Junior Clinical Data Analyst,Windmere Bridge Tech,"Minneapolis, MN",Full-time,"Electronic Health Records (EHR), Population Health Analytics, Tableau, Data Analysis, Team Leadership",63209,67767,Health Data & Bioinformatics
Mid-level Healthcare Interoperability Engineer,Solace Health Solutions,"Philadelphia, PA",Contract,"Clinical Data Management, Electronic Health Records (EHR), FHIR Standards, Health Informatics, Microservices Architecture, Kubernetes",100237,108969,Health Data & Bioinformatics
Senior Population Health Analyst,Halcyon Bridge Tech,Remote,Contract,"Clinical Data Management, Electronic Health Records (EHR),  Healthcare Interoperability , Cerner, HL7, TensorFlow, SQL, Scikit-learn",116661,146596,Health Data & Bioinformatics
Junior Telehealth Platform Engineer,Meridian Health Networks,"San Diego, CA",Full-time,"Population Health Analytics, HIPAA Security Rule, Health Informatics, C#, PostgreSQL, Git",73795,79079,Health Data & Bioinformatics
Senior Health Data Scientist,Aequus Health Solutions,"Pittsburgh, PA",Internship,"Pandas, Power BI, Python, ETL Pipelines, Tableau, Population Health Analytics, Clinical Data Management, HIPAA Security Rule",136616,145558,Health Data & Bioinformatics
Lead Bioinformatics Engineer,Auralis Digital,"Bengaluru, India",Contract,"Python, TensorFlow, Pandas, Deep Learning, Microservices Architecture, Communication",147620,155501,Health Data & Bioinformatics
Health IT Project Manager,Windmere Bridge Tech,Remote,Full-time,"HL7, Epic Systems, Git",135763,159245,Health Data & Bioinformatics
Junior Bioinformatics Engineer,Vitalis Digital,"Sydney, Australia",Part-time,"ETL Pipelines, Data Visualization, Java, REST API Design, Amazon Web Services",60960,67535,Health Data & Bioinformatics
Lead Telehealth Platform Engineer,Redwood Health Analytics,"Raleigh, NC",Internship,"Clinical Data Management, Health Informatics, Epic Systems, Cerner, PostgreSQL, Agile Methodology",149445,155894,Health Data & Bioinformatics
Mid-level HIPAA Compliance Engineer,Redwood Health Analytics,Remote,Full-time,"HIPAA Compliance, HL7, Cerner, Clinical Data Management, Telehealth Systems, MySQL, Microservices Architecture",98663,108732,Health Data & Bioinformatics
Junior Population Health Analyst,Basecamp Genomics,"London, UK",Full-time,"FHIR Standards, HIPAA Compliance, HIPAA Security Rule, HL7, Epic Systems, R, NumPy, Team Leadership",68231,76518,Health Data & Bioinformatics
Senior Medical Coding Data Specialist,Optum Bio Systems,Remote,Full-time,"Medical Coding (ICD-10), FHIR Standards, Electronic Health Records (EHR), HIPAA Compliance, HIPAA Security Rule, Tableau, Communication",110768,147682,Health Data & Bioinformatics
Mid-level Clinical Systems Engineer,Cardialis Life Sciences,"Berlin, Germany",Full-time,"Telehealth Systems, hipaa compliance, Cerner, C#, MySQL, REST API Design, Confluence",78974,82389,Health Data & Bioinformatics
Intern Health Informatics Analyst,Cardialis Life Sciences,Remote,Full-time,"Clinical Data Management, Health Informatics, Data Warehousing, Deep Learning",32431,37215,Health Data & Bioinformatics
Mid-level Genomics Data Analyst,Solace Health Solutions,"Pittsburgh, PA",Part-time,"Apache Spark, Statistics, SQL, NumPy, Pandas, Population Health Analytics, Agile Methodology",103983,107553,Health Data & Bioinformatics
Principal Healthcare Interoperability Engineer,Foxglove Medical Systems,"Atlanta, GA",Internship,"Healthcare Interoperability, Clinical Data Management, HIPAA Security Rule, PostgreSQL, C#",151772,172633,Health Data & Bioinformatics
Mid-level Medical Coding Data Specialist,Foxglove Wellness Systems,"Chicago, IL",Contract,"HL7, Healthcare Interoperability, Telehealth Systems, HIPAA Security Rule, Clinical Data Management, Natural Language Processing",81727,88561,Health Data & Bioinformatics
Principal Director of Health Informatics,Medix Health Networks,"San Francisco, CA",Full-time,"Health Informatics, HL7, Data Analysis",153079,164447,Health Data & Bioinformatics
Senior Bioinformatics Engineer,Larkspur Informatics,"San Francisco, CA",Full-time,"Power BI, Data Warehousing, ETL Pipelines, Python, Pandas, PostgreSQL, MongoDB, Amazon Web Services",117153,124354,Health Data & Bioinformatics
Staff Health Data Engineer,Sable Life Sciences,"San Francisco, CA",Full-time,"Natural Language Processing, ETL Pipelines, Power BI, Tableau, A/B Testing, Docker, C#",143494,152770,Health Data & Bioinformatics
Staff Healthcare Software Engineer,Juno Care Analytics,"Bengaluru, India",Contract,"Java, PostgreSQL, C#, MySQL, Epic Systems, FHIR Standards",136979,140841,Health Data & Bioinformatics
Staff Bioinformatics Engineer,Juno Genomics,Remote,Full-time,"TensorFlow, Power BI, Machine Learning, ETL Pipelines, Java, Git",144246,163941,Health Data & Bioinformatics
Lead Clinical Data Analyst,Brookfield Precision Health,"Seattle, WA",Full-time,"Medical Coding (ICD-10), Clinical Data Management, Electronic Health Records (EHR), Data Visualization, Python, Deep Learning, Communication",166503,173254,Health Data & Bioinformatics
Mid-level Health Data Engineer,Halcyon Bridge Tech,"Minneapolis, MN",Full-time,"R, Machine Learning, Data Visualization, Deep Learning, Natural Language Processing, Kubernetes, C#",106066,109565,Health Data & Bioinformatics
Senior EHR Systems Analyst,Beacon Life Sciences,"Washington, DC",Full-time,"HIPAA Security Rule, Health Informatics, Clinical Data Management, FHIR Standards, HL7, Java, Microservices Architecture, Agile Methodology",130988,140670,Health Data & Bioinformatics
Senior EHR Integration Engineer,Ironwood Care Technologies,Remote,Full-time,"Telehealth Systems, Electronic Health Records (EHR), Amazon Web Services, Project Management",117891,130894,Health Data & Bioinformatics
Mid-level Health IT Project Manager,Northgate Wellness Systems,"Washington, DC",Full-time,"Clinical Data Management, Population Health Analytics, Communication, Agile Methodology",82009,94364,Health Data & Bioinformatics
Lead Clinical Data Management Lead,Ironwood Wellness Systems,"Dublin, Ireland",Full-time,"Epic Systems, Population Health Analytics, Cerner, SQL, Tableau, Communication",146101,171573,Health Data & Bioinformatics
Staff Health Data Scientist,Auralis Digital,"New York, NY",Full-time,"Natural Language Processing, TensorFlow, Python, Data Warehousing, Data Visualization, Medical Coding (ICD-10), Population Health Analytics, FHIR Standards",161548,173633,Health Data & Bioinformatics
Health IT Project Manager,Cobalt Cloud Labs,"San Francisco, CA",Contract,"Cerner, Electronic Health Records (EHR), Health Informatics, HIPAA Compliance, Project Management, Jira",159898,170955,Health Data & Bioinformatics
Staff Telehealth Platform Engineer,Basecamp Clinical Data,"Seattle, WA",Full-time,"Population Health Analytics, Clinical Data Management, Docker, Amazon Web Services, Confluence",162670,179480,Health Data & Bioinformatics
Senior Clinical Data Management Lead,Ridgeline Cloud Labs,"San Diego, CA",Full-time,"HL7, FHIR Standards, Python, A/B Testing, TensorFlow, Agile Methodology",120578,128570,Health Data & Bioinformatics
Senior Genomics Data Analyst,Auralis Systems,Remote,Full-time,"Data Analysis, Data Warehousing, PyTorch, ETL Pipelines, Health Informatics",121367,139668,Health Data & Bioinformatics
Lead Health Data Engineer,Palisade Precision Health,"Seattle, WA",Internship,"Natural Language Processing, NumPy, A/B Testing, TensorFlow, Data Warehousing, System Design, MongoDB, Agile Methodology",170593,175468,Health Data & Bioinformatics
Senior Health IT Project Manager,Larkspur Health Networks,Remote,Full-time,"Healthcare Interoperability, HIPAA Compliance, Clinical Data Management, Cerner, Project Management, Team Leadership",105843,110895,Health Data & Bioinformatics
Mid-level Telehealth Platform Engineer,Lumen Medical Systems,"Denver, CO",Full-time,"Cerner, Clinical Data Management, HIPAA Compliance, Kubernetes, Docker",84564,96117,Health Data & Bioinformatics
Senior Clinical Data Management Lead,Foxglove Wellness Systems,"Sydney, Australia",Full-time,"Healthcare Interoperability, Clinical Data Management, Cerner, Telehealth Systems, Health Informatics, Tableau, ETL Pipelines, PyTorch",141920,150198,Health Data & Bioinformatics
Lead Healthcare Interoperability Engineer,Quill Life Sciences,"Pittsburgh, PA",Full-time,"FHIR Standards, Cerner, Population Health Analytics, Electronic Health Records (EHR), Epic Systems, MySQL",147496,166159,Health Data & Bioinformatics
Lead Clinical Data Management Lead,Nightingale Systems,"Dublin, Ireland",Full-time,"HL7, Cerner, Electronic Health Records (EHR), Clinical Data Management, Data Analysis",132642,170094,Health Data & Bioinformatics
Staff HIPAA Compliance Engineer,Pinecrest Bridge Tech,"San Francisco, CA",Full-time,"HIPAA Compliance, FHIR Standards, Cerner, Telehealth Systems, Clinical Data Management, Java, MongoDB, Microservices Architecture",176779,181819,Health Data & Bioinformatics
Junior Population Health Analyst,Crestline HealthTech,"Philadelphia, PA",Full-time,"Electronic Health Records (EHR), HIPAA Compliance, Pandas, Deep Learning, Python",68172,77397,Health Data & Bioinformatics
Lead Clinical Data Analyst,Foxglove Medical Systems,"London, UK",Internship,"Population Health Analytics, HIPAA Compliance, Apache Spark, Deep Learning",172025,177804,Health Data & Bioinformatics
Senior Clinical Systems Engineer,Bluepeak Diagnostics,"Washington, DC",Full-time,"Healthcare Interoperability, Epic Systems, Telehealth Systems, Electronic Health Records (EHR), Microservices Architecture, MongoDB, Amazon Web Services",118324,139154,Health Data & Bioinformatics
Mid-level Medical Coding Data Specialist,Genoma Health Solutions,"Chicago, IL",Full-time,"Clinical Data Management, Telehealth Systems, HIPAA Security Rule, PyTorch, Jira",100042,107202,Health Data & Bioinformatics
Junior Health Informatics Analyst,Northgate Wellness Systems,"Boston, MA",Full-time,"Electronic Health Records (EHR), Population Health Analytics, Data Visualization, Deep Learning, Team Leadership",69277,77512,Health Data & Bioinformatics
Lead Health Data Scientist,Crestline HealthTech,"Bengaluru, India",Part-time,"Power BI, Machine Learning, Natural Language Processing, Deep Learning, Electronic Health Records (EHR), Population Health Analytics, Telehealth Systems",159751,176948,Health Data & Bioinformatics
Mid-level Clinical Data Analyst,Onyx Diagnostics,"Austin, TX",Full-time,"HIPAA Security Rule, Medical Coding (ICD-10), FHIR Standards, DEEP LEARNING, Scikit-learn, Git, MEDICAL CODING (ICD-10)",88330,95411,Health Data & Bioinformatics
Junior Bioinformatics Scientist,Brightwell Bio Systems,"Minneapolis, MN",Full-time,"ETL Pipelines, Tableau, PyTorch, Python, R, HIPAA Security Rule, Medical Coding (ICD-10), Project Management",70512,77163,Health Data & Bioinformatics
Senior Health Data Scientist,Cortex Clinical Data,"Atlanta, GA",Full-time,"Machine Learning, Apache Spark, PyTorch, NumPy, Telehealth Systems, FHIR Standards, Epic Systems, Agile Methodology",137739,142039,Health Data & Bioinformatics
Lead Health Data Engineer,Onyx Diagnostics,Remote,Full-time,"Machine Learning, Natural Language Processing, Data Warehousing, R, MySQL, Kubernetes, Git",149384,162289,Health Data & Bioinformatics
Health Analytics Manager,Bluepeak HealthTech,"Washington, DC",Full-time,"Natural Language Processing, PyTorch, Population Health Analytics, Agile Methodology",163483,171184,Health Data & Bioinformatics
Mid-level EHR Systems Analyst,Amberfield Digital,"Pittsburgh, PA",Full-time,"Epic Systems, HL7, Java, Project Management",79156,104338,Health Data & Bioinformatics
Lead Healthcare Interoperability Engineer,Granite Care Technologies,"Philadelphia, PA",Full-time,"FHIR Standards, HIPAA Compliance, HL7, Population Health Analytics, Healthcare Interoperability, Microservices Architecture",168873,175303,Health Data & Bioinformatics
Staff Healthcare Interoperability Engineer,Palisade Health Solutions,"San Diego, CA",Full-time,"Clinical Data Management, Cerner, MongoDB, Java, Microservices Architecture, Confluence",170507,174164,Health Data & Bioinformatics
Mid-level Clinical Systems Engineer,Palisade Precision Health,"San Diego, CA",Internship,"Population Health Analytics, Electronic Health Records (EHR), Cerner, Health Informatics, Microservices Architecture, Jira",99915,106215,Health Data & Bioinformatics
Health Analytics Manager,Palisade Health Solutions,Remote,Full-time,"R, Pandas, ETL Pipelines, Python, Machine Learning, Population Health Analytics, Epic Systems, HIPAA Security Rule",132733,147055,Health Data & Bioinformatics
Mid-level Clinical Data Analyst,Onyx Diagnostics,"Philadelphia, PA",Full-time,"Clinical Data Management, Electronic Health Records (EHR), Medical Coding (ICD-10), Apache Spark, Confluence",88972,96778,Health Data & Bioinformatics
Mid-level Medical Coding Data Specialist,Nightingale Informatics,"New York, NY",Internship,"Epic Systems, Electronic Health Records (EHR), HIPAA Security Rule, HL7, Population Health Analytics, SQL, Tableau, Jira",85907,106772,Health Data & Bioinformatics
Principal Health Data Scientist,Nightingale Informatics,"Austin, TX",Part-time,"Power BI, NumPy, R, Deep Learning,  HIPAA Security Rule , Epic Systems, HIPAA Compliance, Git",170104,186384,Health Data & Bioinformatics
Senior EHR Integration Engineer,Auralis Digital,Remote,Part-time,"HL7, Telehealth Systems, Epic Systems, HIPAA Compliance, Kubernetes, Team Leadership",110245,119478,Health Data & Bioinformatics
Intern Clinical Data Analyst,Copperline Care Analytics,"San Diego, CA",Contract,"Electronic Health Records (EHR), Epic Systems, Clinical Data Management, FHIR Standards, Medical Coding (ICD-10), TensorFlow, Project Management",29529,38297,Health Data & Bioinformatics
Junior Health Data Scientist,Clearwater Digital,Remote,Full-time,"Machine Learning, NumPy, PyTorch, Python, Telehealth Systems, Jira",71140,79846,Health Data & Bioinformatics
Mid-level Health Data Scientist,Ridgeline Cloud Labs,Remote,Full-time,"Data Visualization, SQL, Cerner, Git",98256,111823,Health Data & Bioinformatics
Senior HIPAA Compliance Engineer,Lumen Medical Systems,"San Diego, CA",Full-time,"FHIR Standards, Telehealth Systems, Electronic Health Records (EHR), Cerner, HL7, System Design, Kubernetes, Amazon Web Services",145314,150226,Health Data & Bioinformatics
Senior Health Analytics Manager,Quill Data Health,"Washington, DC",Full-time,"Statistics, A/B Testing, Data Warehousing, Healthcare Interoperability, HL7, Agile Methodology",128303,144173,Health Data & Bioinformatics
Lead Clinical Data Management Lead,Medix Health Networks,"Washington, DC",Contract,"FHIR Standards, HIPAA Security Rule, Epic Systems, HL7, Data Warehousing, Tableau, ETL Pipelines",140261,151878,Health Data & Bioinformatics
Lead Bioinformatics Engineer,Pulseline Genomics,"Philadelphia, PA",Internship,"Tableau, Pandas, R, MySQL, Team Leadership",134586,157701,Health Data & Bioinformatics
Health IT Project Manager,Sable Life Sciences,"Denver, CO",Full-time,"Health Informatics, Cerner, Population Health Analytics, Medical Coding (ICD-10), HIPAA Security Rule, Confluence, Team Leadership, Agile Methodology",133678,150896,Health Data & Bioinformatics
Health IT Project Manager,Crestline HealthTech,"Denver, CO",Internship,"Clinical Data Management, Electronic Health Records (EHR), Cerner, HL7, Population Health Analytics, Confluence, Project Management, Jira",139193,167781,Health Data & Bioinformatics
Junior Genomics Data Analyst,Auralis Systems,"Atlanta, GA",Part-time,"ETL Pipelines, Data Visualization, Python, TensorFlow, Electronic Health Records (EHR), Telehealth Systems, Project Management",58111,78454,Health Data & Bioinformatics
Senior HIPAA Compliance Engineer,Ironwood Care Technologies,Remote,Full-time,"Health Informatics, Population Health Analytics, Docker, System Design",124214,135760,Health Data & Bioinformatics
Health Analytics Manager,Harborlight Wellness Systems,"Austin, TX",Full-time,"Statistics, Power BI, Pandas, FHIR Standards",156837,163907,Health Data & Bioinformatics
Intern Clinical Data Analyst,Bluepeak Diagnostics,"London, UK",Full-time,"HL7, Medical Coding (ICD-10), Telehealth Systems, Pandas, Deep Learning, NumPy",27654,36252,Health Data & Bioinformatics
Staff Health Data Scientist,Ridgeline Bridge Tech,"Bengaluru, India",Full-time,"Statistics, Tableau, Population Health Analytics, HIPAA Security Rule",147021,178919,Health Data & Bioinformatics
Junior Population Health Analyst,Optum Bio Systems,Remote,Part-time,"Electronic Health Records (EHR), FHIR Standards, Clinical Data Management, Tableau, Power BI",74172,79289,Health Data & Bioinformatics
Mid-level Clinical Systems Engineer,Iris Systems,Remote,Full-time,"Medical Coding (ICD-10), Epic Systems, HIPAA Compliance, MySQL, Kubernetes, Git",78128,111990,Health Data & Bioinformatics
Lead Director of Health Informatics,Lucid Clinical Data,Remote,Full-time,"Medical Coding (ICD-10), Cerner, HIPAA Compliance, Statistics, Data Warehousing, Project Management",172229,176115,Health Data & Bioinformatics
Junior Telehealth Platform Engineer,Granite Precision Health,"Bengaluru, India",Part-time,"Population Health Analytics, FHIR Standards, MongoDB, Microservices Architecture, Amazon Web Services",70145,75681,Health Data & Bioinformatics
Junior Medical Coding Data Specialist,Vertex Systems,"Sydney, Australia",Internship,"Cerner, Epic Systems, Data Analysis, Scikit-learn, Natural Language Processing, Confluence",74269,79047,Health Data & Bioinformatics
Senior Clinical Data Management Lead,Basecamp Genomics,"Bengaluru, India",Full-time,"HL7, Telehealth Systems, Python, SQL, Jira",124385,140849,Health Data & Bioinformatics
Junior Healthcare Software Engineer,Clearwater Digital,"Raleigh, NC",Internship,"Docker, REST API Design, Population Health Analytics, Cerner",61326,65545,Health Data & Bioinformatics
Lead Health Data Engineer,Foxglove Wellness Systems,"Dublin, Ireland",Full-time,"Apache Spark, ETL Pipelines, NumPy, PostgreSQL, Microservices Architecture, Java",172466,175816,Health Data & Bioinformatics
Principal Health Data Scientist,Crestline HealthTech,"Berlin, Germany",Internship,"PyTorch, Statistics, Tableau, Deep Learning, Data Warehousing, Clinical Data Management, Electronic Health Records (EHR), HIPAA Compliance",174274,188777,Health Data & Bioinformatics
Director of Health Informatics,Pulseline Genomics,"Raleigh, NC",Full-time,"Cerner, Population Health Analytics, Electronic Health Records (EHR), Data Warehousing, TensorFlow, Git",153744,167128,Health Data & Bioinformatics
Senior Healthcare Software Engineer,Basecamp Clinical Data,Remote,Contract,"PostgreSQL, REST API Design, Electronic Health Records (EHR), HIPAA Compliance, Git",113123,134924,Health Data & Bioinformatics
Lead Health Analytics Manager,Beacon Health Analytics,Remote,Contract,"A/B Testing, SQL, Natural Language Processing, HIPAA Compliance, Healthcare Interoperability, Health Informatics, Confluence",138915,145360,Health Data & Bioinformatics
Staff HIPAA Compliance Engineer,Medix Health Networks,Singapore,Full-time,"Cerner, Clinical Data Management, Health Informatics, POPULATION HEALTH ANALYTICS, MongoDB, HEALTH INFORMATICS",169782,173665,Health Data & Bioinformatics
Lead Bioinformatics Engineer,Pinecrest Bridge Tech,Remote,Contract,"Data Warehousing, Scikitlearn, SQL, R, Tableau, Java, PostgreSQL, MongoDB",160323,167622,Health Data & Bioinformatics
Junior Telehealth Platform Engineer,Larkspur Informatics,"Philadelphia, PA",Internship,"FHIR Standards, Healthcare Interoperability, PostgreSQL, MongoDB",74268,79650,Health Data & Bioinformatics
Staff Healthcare Software Engineer,Meridian Health Networks,Singapore,Contract,"PostgreSQL, MySQL, System Design, Docker, Medical Coding (ICD-10), Communication",136172,148688,Health Data & Bioinformatics
Senior Clinical Data Management Lead,Juno Genomics,"Berlin, Germany",Internship,"Epic Systems, Telehealth Systems, Medical Coding (ICD-10), Clinical Data Management, Tableau, Power BI, Confluence",140224,145986,Health Data & Bioinformatics
Lead Health Analytics Manager,Basecamp Genomics,"Toronto, Canada",Full-time,"ETL Pipelines, Data Warehousing, Natural Language Processing, Apache Spark, R, Cerner, Healthcare Interoperability, Project Management",151847,177517,Health Data & Bioinformatics
Principal Director of Health Informatics,Sable Life Sciences,Remote,Contract,"Clinical Data Management, HIPAA Security Rule, Data Warehousing, Natural Language Processing, Machine Learning, Jira",174015,188226,Health Data & Bioinformatics
Mid-level Genomics Data Analyst,Onyx Diagnostics,"Washington, DC",Full-time,"NumPy, Data Analysis, Cerner, Medical Coding (ICD-10),  Confluence ",104324,107808,Health Data & Bioinformatics
Senior Population Health Analyst,Northgate Wellness Systems,"Atlanta, GA",Part-time,"Epic Systems, FHIR Standards, Cerner, HIPAA Security Rule, Data Warehousing",110854,121552,Health Data & Bioinformatics
Mid-level EHR Integration Engineer,Juno Genomics,"Boston, MA",Full-time,"Telehealth Systems, Medical Coding (ICD-10), Healthcare Interoperability, Health Informatics, MySQL, Confluence",91391,99380,Health Data & Bioinformatics
Junior Healthcare Software Engineer,Northgate Wellness Systems,"Toronto, Canada",Contract,"Java, REST API Design, Kubernetes, MySQL, C#, HL7, Healthcare Interoperability, Health Informatics",64957,75005,Health Data & Bioinformatics
Senior Genomics Data Analyst,Palisade Health Solutions,Remote,Part-time,"Data Warehousing, Data Visualization, Apache Spark, Cerner, Medical Coding (ICD-10), Jira",135741,149301,Health Data & Bioinformatics
Mid-level Clinical Systems Engineer,Vertex Systems,"Berlin, Germany",Internship,"Cerner, Telehealth Systems, Health Informatics, PostgreSQL, Agile Methodology",83118,99587,Health Data & Bioinformatics
Senior Bioinformatics Scientist,Basecamp Clinical Data,Remote,Internship,"ETL Pipelines, PyTorch, Telehealth Systems, Project Management",108336,120359,Health Data & Bioinformatics
Mid-level Population Health Analyst,Windmere Cloud Labs,Remote,Internship,"HIPAA Compliance, HL7, FHIR Standards, Clinical Data Management, Power BI, R, Tableau, Communication",105280,110852,Health Data & Bioinformatics
Senior Genomics Data Analyst,Pinecrest Bridge Tech,Remote,Full-time,"Python, Machine Learning, Tableau, HL7, Health Informatics",139939,145497,Health Data & Bioinformatics
Junior Genomics Data Analyst,Vertex Systems,"Berlin, Germany",Full-time,"Deep Learning, SQL, Pandas, Tableau, R, Electronic Health Records (EHR)",59546,68571,Health Data & Bioinformatics
Staff EHR Integration Engineer,Bluepeak HealthTech,"Nashville, TN",Full-time,"Population Health Analytics, Clinical Data Management, HL7, HEALTHCARE INTEROPERABILITY, Cerner, Microservices Architecture, Docker, PostgreSQL",161703,176875,Health Data & Bioinformatics
Lead Health Data Engineer,Onyx Diagnostics,Remote,Contract,"R, Data Visualization, PyTorch, Pandas, A/B Testing, PostgreSQL, Jira",165538,176318,Health Data & Bioinformatics
Staff Health Data Engineer,Halcyon Data Health,Remote,Full-time,"PyTorch, Statistics, System Design, Kubernetes, Agile Methodology",136751,167522,Health Data & Bioinformatics
Junior Bioinformatics Scientist,Granite Precision Health,"San Diego, CA",Full-time,"R, A/B Testing, Pandas, Population Health Analytics, Electronic Health Records (EHR), Telehealth Systems",60654,77594,Health Data & Bioinformatics
Principal Director of Health Informatics,Onyx Diagnostics,"London, UK",Full-time,"Population Health Analytics, HIPAA Security Rule, Health Informatics, Machine Learning, Project Management",156548,167462,Health Data & Bioinformatics
Senior Healthcare Interoperability Engineer,Foxglove Medical Systems,Remote,Full-time,"HL7, Electronic Health Records (EHR), Health Informatics, Medical Coding (ICD-10), Population Health Analytics, Kubernetes, System Design, REST API Design",114129,138328,Health Data & Bioinformatics
Director of Health Informatics,Solace Health Solutions,"New York, NY",Full-time,"HIPAA Compliance, Epic Systems, Medical Coding (ICD-10), Pandas",129015,168769,Health Data & Bioinformatics
Director of Health Informatics,Redwood Bio Systems,"Bengaluru, India",Full-time,"Clinical Data Management, Population Health Analytics, Medical Coding (ICD-10), HIPAA Compliance, Data Visualization",145925,162053,Health Data & Bioinformatics
Lead HIPAA Compliance Engineer,Ashgrove Diagnostics,"Denver, CO",Full-time,"HIPAA Compliance, HL7, Health Informatics, Healthcare Interoperability, Electronic Health Records (EHR), Amazon Web Services, REST API Design",151977,156473,Health Data & Bioinformatics
Junior EHR Systems Analyst,Northgate Care Technologies,"Berlin, Germany",Part-time,"Medical Coding (ICD-10), Population Health Analytics, HL7, MySQL, Kubernetes",73800,79287,Health Data & Bioinformatics
Mid-level Telehealth Platform Engineer,Everstone Wellness Systems,"Chicago, IL",Full-time,"FHIR Standards, HIPAA Security Rule, Clinical Data Management, Epic Systems, Health Informatics, MySQL, Kubernetes",88777,100824,Health Data & Bioinformatics
Senior EHR Systems Analyst,Pulseline Genomics,Remote,Contract,"HL7, HIPAA Security Rule, HIPAA Compliance, Electronic Health Records (EHR), Epic Systems, System Design, Microservices Architecture, Amazon Web Services",141653,148881,Health Data & Bioinformatics
Intern Health Informatics Analyst,Larkspur Health Networks,"Washington, DC",Full-time,"Epic Systems, Telehealth Systems, Power BI, Statistics, ETL Pipelines",27409,39593,Health Data & Bioinformatics
Lead Bioinformatics Engineer,Cobalt Cloud Labs,"Toronto, Canada",Full-time,"Pandas, PyTorch, Tableau, Data Visualization, Statistics, Microservices Architecture, System Design",150854,177337,Health Data & Bioinformatics
Principal Director of Health Informatics,Lumen Medical Systems,"Sydney, Australia",Contract,"FHIR Standards, Epic Systems, Population Health Analytics, Data Warehousing, Confluence",157428,181703,Health Data & Bioinformatics
Staff Bioinformatics Scientist,Ironwood Wellness Systems,"Seattle, WA",Full-time,"Machine Learning, TensorFlow, Cerner, Confluence",172020,181755,Health Data & Bioinformatics
Senior EHR Integration Engineer,Granite Care Technologies,"Dublin, Ireland",Full-time,"Epic Systems, HL7, Telehealth Systems, HIPAA Compliance, Population Health Analytics, Amazon Web Services, System Design, Docker",142339,148905,Health Data & Bioinformatics
Health Analytics Manager,Amberfield Digital,"San Diego, CA",Full-time,"TensorFlow, R, Data Analysis, Health Informatics, HL7, Git",127136,162222,Health Data & Bioinformatics
Mid-level HIPAA Compliance Engineer,Onyx Diagnostics,"Berlin, Germany",Full-time,"Healthcare Interoperability, Telehealth Systems, HIPAA Compliance, Population Health Analytics, HIPAA Security Rule, PostgreSQL, MongoDB, Amazon Web Services",84357,96159,Health Data & Bioinformatics
Principal Healthcare Interoperability Engineer,Lucid Clinical Data,"Raleigh, NC",Full-time,"Cerner, Electronic Health Records (EHR), Healthcare Interoperability, Medical Coding (ICD-10), System Design",184447,188330,Health Data & Bioinformatics
Junior Genomics Data Analyst,Aequus Health Solutions,"London, UK",Internship,"Machine Learning, Natural Language Processing, Statistics, Scikit-learn, HIPAA Compliance",64371,75425,Health Data & Bioinformatics
Intern Population Health Analyst,Ridgeline Bridge Tech,"San Francisco, CA",Full-time,"Electronic Health Records (EHR), Population Health Analytics, Epic Systems, HL7, Data Warehousing, Scikit-learn, TensorFlow, Git",30789,37874,Health Data & Bioinformatics
Senior Clinical Data Management Lead,Quill Data Health,"Raleigh, NC",Full-time,"Health Informatics, Clinical Data Management, Power BI",136275,143974,Health Data & Bioinformatics
Staff Clinical Systems Engineer,Redwood Bio Systems,"Bengaluru, India",Internship,"HIPAA Security Rule, Telehealth Systems, Health Informatics, FHIR Standards, C#, Jira",143920,164784,Health Data & Bioinformatics
Principal Bioinformatics Scientist,Sable Life Sciences,"Toronto, Canada",Full-time,"Natural Language Processing, R, Health Informatics, HIPAA Compliance, Population Health Analytics",170913,189074,Health Data & Bioinformatics
Lead Telehealth Platform Engineer,Lumen Medical Systems,"Sydney, Australia",Contract,"Health Informatics, HIPAA Compliance, MySQL, Docker, Confluence",143551,171409,Health Data & Bioinformatics
Senior Bioinformatics Scientist,Pinecrest Data Health,Remote,Full-time,"Data Visualization, TensorFlow, HIPAA Compliance, Telehealth Systems",139763,147562,Health Data & Bioinformatics
Lead Healthcare Interoperability Engineer,Palisade Health Solutions,Remote,Full-time,"Clinical Data Management, FHIR Standards, Medical Coding (ICD-10), Telehealth Systems, System Design, Kubernetes, Docker",157632,161363,Health Data & Bioinformatics
Clinical Data Management Lead Manager,Palisade Precision Health,Remote,Full-time,"Health Informatics, Clinical Data Management, Pandas",135303,167256,Health Data & Bioinformatics
Staff EHR Integration Engineer,Lumen Medical Systems,"Philadelphia, PA",Full-time,"HIPAA Compliance, FHIR Standards, Epic Systems, Clinical Data Management, Population Health Analytics, Microservices Architecture, System Design, Amazon Web Services",152033,161742,Health Data & Bioinformatics
Senior Medical Coding Data Specialist,Pinecrest Data Health,"Boston, MA",Full-time,"Medical Coding (ICD-10), HL7, Electronic Health Records (EHR), Tableau, Scikit-learn, A/B Testing, Git",142222,148868,Health Data & Bioinformatics
Director of Health Informatics,Cortex Clinical Data,"Dublin, Ireland",Internship,"Healthcare Interoperability, Epic Systems, FHIR Standards, Medical Coding (ICD-10), R, TensorFlow, Agile Methodology",138174,155231,Health Data & Bioinformatics
Lead Clinical Data Analyst,Lucid Clinical Data,"Boston, MA",Part-time,"Telehealth Systems, Epic Systems, Pandas, R, Git",145166,157306,Health Data & Bioinformatics
Senior Health Data Scientist,Basecamp Clinical Data,"Pittsburgh, PA",Full-time,"Data Warehousing, Power BI, Cerner, Telehealth Systems",126610,132182,Health Data & Bioinformatics
Principal Bioinformatics Scientist,Meridian Informatics,"Atlanta, GA",Full-time,"Power BI, Scikit-learn, Tableau, R, Pandas, Healthcare Interoperability, HIPAA Security Rule, HIPAA Compliance",186626,191201,Health Data & Bioinformatics
Senior EHR Integration Engineer,Iris Informatics,"Denver, CO",Contract,"FHIR Standards, Epic Systems, MySQL, REST API Design, Agile Methodology",131020,139281,Health Data & Bioinformatics
Mid-level Bioinformatics Engineer,Crestline HealthTech,"Dublin, Ireland",Full-time,"Data Warehousing, ETL Pipelines, Data Analysis, Microservices Architecture, Agile Methodology",105516,111429,Health Data & Bioinformatics
Mid-level EHR Systems Analyst,Meridian Informatics,Remote,Full-time,"Healthcare Interoperability, HL7, HIPAA Security Rule, Telehealth Systems, Clinical Data Management, PostgreSQL, Docker",80631,86038,Health Data & Bioinformatics
Mid-level EHR Systems Analyst,Genoma Health Solutions,"Toronto, Canada",Contract,"Telehealth Systems, HIPAA Compliance, Electronic Health Records (EHR), Epic Systems, Health Informatics, Microservices Architecture, C#, REST API Design",102366,107643,Health Data & Bioinformatics
Lead EHR Integration Engineer,Palisade Precision Health,Remote,Full-time,"FHIR Standards, Telehealth Systems, HL7, Microservices Architecture, C#, MongoDB, Git",160910,167345,Health Data & Bioinformatics
Senior EHR Integration Engineer,Quill Life Sciences,"Raleigh, NC",Contract,"HL7, HIPAA Security Rule, Healthcare Interoperability, HIPAA Compliance, REST API Design, C#, Confluence",132365,149715,Health Data & Bioinformatics
Junior Health Data Scientist,Basecamp Clinical Data,Remote,Full-time,"TensorFlow, Pandas, PyTorch, Power BI, Healthcare Interoperability, HIPAA Compliance, Telehealth Systems, Confluence",58174,68545,Health Data & Bioinformatics
Mid-level EHR Integration Engineer,Ridgeline Bridge Tech,"Denver, CO",Full-time,"HIPAA Compliance, Electronic Health Records (EHR), HIPAA Security Rule, Cerner, Docker",87682,110101,Health Data & Bioinformatics
Lead Telehealth Platform Engineer,Basecamp Clinical Data,"San Diego, CA",Full-time,"Electronic Health Records (EHR), HIPAA Compliance, FHIR Standards, Amazon Web Services, MongoDB, Kubernetes, Project Management",134963,139892,Health Data & Bioinformatics
Senior Health Analytics Manager,Larkspur Health Networks,"Boston, MA",Full-time,"Machine Learning, A/B Testing, Data Visualization, Scikit-learn, TensorFlow, Telehealth Systems, Agile Methodology",130203,139437,Health Data & Bioinformatics
Mid-level Healthcare Interoperability Engineer,Nightingale Systems,"Chicago, IL",Full-time,"HL7, Healthcare Interoperability, HIPAA Compliance, REST API Design",104805,111792,Health Data & Bioinformatics
Mid-level Health Informatics Analyst,Bluepeak Diagnostics,"Berlin, Germany",Full-time,"Clinical Data Management, HIPAA Compliance, Data Warehousing, Project Management",98569,107816,Health Data & Bioinformatics
Junior Telehealth Platform Engineer,Cortex Diagnostics,"Washington, DC",Internship,"HIPAA Compliance, HL7, Health Informatics, PostgreSQL, Java",64127,72291,Health Data & Bioinformatics
Lead Clinical Data Management Lead,Onyx Diagnostics,"Atlanta, GA",Full-time,"HIPAA Security Rule, Epic Systems, Pandas",154890,158885,Health Data & Bioinformatics
Junior Clinical Data Analyst,Solace Precision Health,"Boston, MA",Full-time,"HIPAA Security Rule, HL7, Electronic Health Records (EHR), Statistics, Data Warehousing, Communication",61453,66455,Health Data & Bioinformatics
Mid-level Health IT Project Manager,Ironwood Wellness Systems,"Washington, DC",Internship,"Electronic Health Records (EHR), Medical Coding (ICD-10), Healthcare Interoperability, Communication, Confluence",78431,90002,Health Data & Bioinformatics
Intern Population Health Analyst,Optum Bio Systems,"London, UK",Contract,"Telehealth Systems, Healthcare Interoperability, Clinical Data Management, Population Health Analytics, SQL, Jira",30228,37031,Health Data & Bioinformatics
Lead Health Analytics Manager,Medix Health Networks,"Pittsburgh, PA",Full-time,"PyTorch, A/B Testing, Python, Deep Learning, Population Health Analytics, Cerner, Team Leadership",161817,167117,Health Data & Bioinformatics
Staff Health Data Scientist,Solace Health Solutions,"Toronto, Canada",Full-time,"A/B Testing, R, Python, Scikit-learn, Cerner, Healthcare Interoperability",165840,175730,Health Data & Bioinformatics
Mid-level Medical Coding Data Specialist,Cobalt Cloud Labs,"San Diego, CA",Full-time,"Cerner, HIPAA Security Rule, Health Informatics, Deep Learning, Data Warehousing, Communication",89001,104987,Health Data & Bioinformatics
Senior HIPAA Compliance Engineer,Quill Life Sciences,"Bengaluru, India",Internship,"HIPAA Security Rule, HIPAA Compliance, HL7, Clinical Data Management, Medical Coding (ICD-10), Java, Communication",139278,146569,Health Data & Bioinformatics
Staff Clinical Systems Engineer,Lumen Medical Systems,"Bengaluru, India",Full-time,"Health Informatics, Clinical Data Management, Telehealth Systems, Microservices Architecture, Agile Methodology",164540,180795,Health Data & Bioinformatics
Mid-level Bioinformatics Scientist,Vitalis Care Analytics,"Minneapolis, MN",Full-time,"R, Data Analysis, Health Informatics, Population Health Analytics, Jira",87998,105784,Health Data & Bioinformatics
Staff Healthcare Software Engineer,Everstone Wellness Systems,"San Diego, CA",Full-time,"Docker, Java, Clinical Data Management, HIPAA Compliance, Telehealth Systems",136356,171404,Health Data & Bioinformatics
Lead Health Data Scientist,Quill Data Health,"Atlanta, GA",Full-time,"Python, Scikit-learn, SQL, ETL Pipelines, Apache Spark, HL7",152029,176996,Health Data & Bioinformatics
Principal Healthcare Software Engineer,Larkspur Health Networks,"Sydney, Australia",Full-time,"Microservices Architecture, PostgreSQL, Java, REST API Design, Electronic Health Records (EHR), HIPAA Security Rule, Agile Methodology",177611,183920,Health Data & Bioinformatics
Mid-level Health IT Project Manager,Cascadia Health Networks,"Nashville, TN",Internship,"Electronic Health Records (EHR), Epic Systems, Confluence, Communication, Team Leadership, Git",86470,103779,Health Data & Bioinformatics
Staff Bioinformatics Engineer,Beacon Life Sciences,"Berlin, Germany",Full-time,"Pandas, Scikit-learn, Java, Project Management",162604,168655,Health Data & Bioinformatics
Principal Healthcare Interoperability Engineer,Brightwell Health Analytics,"Sydney, Australia",Contract,"Epic Systems, FHIR Standards, Electronic Health Records (EHR), Population Health Analytics, Clinical Data Management, C#, Java",184656,189080,Health Data & Bioinformatics
Senior Population Health Analyst,Brightwell Health Analytics,"Berlin, Germany",Full-time,"Health Informatics, Epic Systems, Healthcare Interoperability, FHIR Standards, Telehealth Systems, Data Analysis",112345,134334,Health Data & Bioinformatics
Senior Medical Coding Data Specialist,Bluepeak Diagnostics,Singapore,Full-time,"Telehealth Systems, Electronic Health Records (EHR), PyTorch",107520,121741,Health Data & Bioinformatics
Staff Health Data Scientist,Quill Data Health,Remote,Full-time,"ETL Pipelines, Machine Learning, FHIR Standards",147399,178004,Health Data & Bioinformatics
Junior Bioinformatics Scientist,Solace Health Solutions,"Austin, TX",Full-time,"Tableau, Scikit-learn, TensorFlow, R, Telehealth Systems, Project Management",59073,70498,Health Data & Bioinformatics
Mid-level Health Informatics Analyst,Cobalt Cloud Labs,"Boston, MA",Part-time,"Healthcare Interoperability, HIPAA Compliance, Health Informatics, Statistics, A/B Testing, Team Leadership",84889,107997,Health Data & Bioinformatics
Mid-level Health Data Engineer,Redwood Health Analytics,Remote,Full-time,"TensorFlow, Machine Learning, Data Warehousing, Power BI, Microservices Architecture, Java, MySQL",93747,101707,Health Data & Bioinformatics
Health Analytics Manager,Foxglove Medical Systems,"Chicago, IL",Internship,"Statistics, Deep Learning, Data Visualization, Population Health Analytics, Electronic Health Records (EHR), FHIR Standards",121706,157844,Health Data & Bioinformatics
Mid-level Healthcare Software Engineer,Windmere Bridge Tech,"Atlanta, GA",Full-time,"System Design, Amazon Web Services, Cerner, Communication",99837,110009,Health Data & Bioinformatics
Senior Health Data Scientist,Granite Precision Health,Remote,Full-time,"A/B Testing, Power BI, ETL Pipelines, PyTorch, Healthcare Interoperability, Telehealth Systems, Epic Systems, Project Management",136773,144542,Health Data & Bioinformatics
Mid-level Clinical Data Analyst,Halcyon Data Health,Singapore,Full-time,"Epic Systems, Electronic Health Records (EHR), HIPAA Compliance, Clinical Data Management, HL7, Data Visualization, Git",94507,103583,Health Data & Bioinformatics
Staff EHR Integration Engineer,Redwood Health Analytics,"Chicago, IL",Internship,"Medical Coding (ICD-10), Healthcare Interoperability, Epic Systems, Electronic Health Records (EHR), Amazon Web Services, Communication",176083,179364,Health Data & Bioinformatics
Senior HIPAA Compliance Engineer,Redwood Health Analytics,"Nashville, TN",Full-time,"Health Informatics, HIPAA Compliance, HL7, Epic Systems, Kubernetes, Java, REST API Design, Confluence",146335,151541,Health Data & Bioinformatics
Mid-level Medical Coding Data Specialist,Nightingale Informatics,"Bengaluru, India",Internship,"FHIR Standards, Epic Systems, Healthcare Interoperability, Python, Statistics, NumPy, Confluence",97611,105650,Health Data & Bioinformatics
Senior Clinical Systems Engineer,Lucid Clinical Data,Remote,Contract,"Electronic Health Records (EHR), HIPAA Security Rule, Telehealth Systems, Healthcare Interoperability, Cerner, Microservices Architecture",124648,140414,Health Data & Bioinformatics
Staff EHR Integration Engineer,Crestline Bio Systems,Singapore,Full-time,"Cerner, Healthcare Interoperability, HIPAA Security Rule, FHIR Standards, MongoDB, MySQL, System Design, Agile Methodology",153373,175322,Health Data & Bioinformatics
Intern Health Informatics Analyst,Ironwood Wellness Systems,"Nashville, TN",Full-time,"Clinical Data Management, Health Informatics, Data Analysis, ETL Pipelines, Confluence",30176,37230,Health Data & Bioinformatics
Senior Health Data Engineer,Meridian Informatics,"Philadelphia, PA",Full-time,"Statistics, TensorFlow, NumPy, Microservices Architecture, MongoDB, Jira",107406,127873,Health Data & Bioinformatics
Staff Health Data Scientist,Pinecrest Bridge Tech,"Sydney, Australia",Full-time,"Pandas, TensorFlow, Deep Learning, A/B Testing, ETL Pipelines, telehealth systems, Agile Methodology",145372,160885,Health Data & Bioinformatics
Mid-level Health IT Project Manager,Ashgrove Clinical Data,"Pittsburgh, PA",Full-time,"Health Informatics, HL7, Medical Coding (ICD-10), Telehealth Systems, FHIR Standards, Team Leadership, Communication, Jira",104267,108229,Health Data & Bioinformatics
Junior EHR Systems Analyst,Silversage Life Sciences,Remote,Internship,"HL7, Clinical Data Management, Healthcare Interoperability, HIPAA Compliance, PostgreSQL, System Design",73272,78989,Health Data & Bioinformatics
Lead EHR Integration Engineer,Marrow Bridge Tech,"San Francisco, CA",Part-time,"HIPAA Compliance, Cerner, REST API Design, Java, C#",167666,174252,Health Data & Bioinformatics
Senior Healthcare Interoperability Engineer,Ironwood Wellness Systems,Remote,Full-time,"HL7, FHIR Standards, Clinical Data Management, PostgreSQL, MongoDB, Git",144270,148311,Health Data & Bioinformatics
Mid-level Genomics Data Analyst,Kernel Care Technologies,"San Diego, CA",Full-time,"TensorFlow, Statistics, Natural Language Processing, Python, HIPAA Security Rule, Healthcare Interoperability, Agile Methodology",105939,111126,Health Data & Bioinformatics
Staff HIPAA Compliance Engineer,Iris Informatics,Remote,Full-time,"Medical Coding (ICD-10), Telehealth Systems, Health Informatics, HIPAA Security Rule, MongoDB, Amazon Web Services, Git",170032,177879,Health Data & Bioinformatics
Senior Clinical Data Analyst,Quill Data Health,"San Diego, CA",Internship,"Medical Coding (ICD-10), HIPAA Security Rule, Healthcare Interoperability, HIPAA Compliance, Health Informatics, SQL, Jira",135755,150956,Health Data & Bioinformatics
Staff Bioinformatics Engineer,Pinecrest Data Health,"New York, NY",Full-time,"Python, Power BI, Natural Language Processing, Statistics, Amazon Web Services, REST API Design, MongoDB, Git",153452,176793,Health Data & Bioinformatics
Junior Health Data Scientist,Bluepeak HealthTech,"Atlanta, GA",Internship,"Tableau, Data Visualization, Data Warehousing, Electronic Health Records (EHR), Medical Coding (ICD-10), Cerner, Project Management",71215,74647,Health Data & Bioinformatics
Junior Telehealth Platform Engineer,Juno Care Analytics,"San Francisco, CA",Full-time,"Clinical Data Management, Medical Coding (ICD-10), Cerner, Population Health Analytics, Epic Systems, System Design, Amazon Web Services, REST API Design",73528,78626,Health Data & Bioinformatics
Mid-level Healthcare Software Engineer,Sable Data Health,Singapore,Internship,"MongoDB, Microservices Architecture, MySQL, PostgreSQL, Telehealth Systems, Clinical Data Management, Population Health Analytics",103160,108338,Health Data & Bioinformatics
Intern Clinical Data Analyst,Juno Genomics,"Minneapolis, MN",Contract,"Epic Systems, HL7, FHIR Standards, Healthcare Interoperability, Python",31723,39503,Health Data & Bioinformatics
Mid-level Healthcare Software Engineer,Beacon Health Analytics,Remote,Full-time,"System Design, Docker, Amazon Web Services, MySQL, C#, Clinical Data Management, Medical Coding (ICD-10), Agile Methodology",98155,111688,Health Data & Bioinformatics
Intern Health Informatics Analyst,Harborlight Wellness Systems,"Minneapolis, MN",Internship,"Population Health Analytics, Clinical Data Management, Health Informatics, Python, Statistics, Agile Methodology",30584,38218,Health Data & Bioinformatics
Principal Health Data Scientist,Beacon Health Analytics,"Dublin, Ireland",Part-time,"Scikit-learn, Statistics, NumPy, Data Visualization, TensorFlow, Medical Coding (ICD-10)",163624,189244,Health Data & Bioinformatics
Lead HIPAA Compliance Engineer,Quill Data Health,"Austin, TX",Internship,"Telehealth Systems, Medical Coding (ICD-10), Health Informatics, HIPAA Compliance, Electronic Health Records (EHR), REST API Design, MySQL",164725,171231,Health Data & Bioinformatics
Lead Clinical Data Management Lead,Brightwell Bio Systems,"San Diego, CA",Contract,"HIPAA Security Rule, Epic Systems, Medical Coding (ICD-10), Population Health Analytics, PyTorch, Scikit-learn, Apache Spark, Team Leadership",147714,169556,Health Data & Bioinformatics
Lead Telehealth Platform Engineer,Brightwell Bio Systems,"Minneapolis, MN",Full-time,"Population Health Analytics, Health Informatics, Clinical Data Management, Medical Coding (ICD-10), Docker, System Design, MongoDB, Communication",153107,165015,Health Data & Bioinformatics
Senior Clinical Systems Engineer,Everstone Wellness Systems,"San Francisco, CA",Full-time,"Medical Coding (ICD-10), Clinical Data Management, Kubernetes, Microservices Architecture",138016,144024,Health Data & Bioinformatics
Principal Bioinformatics Scientist,Iris Informatics,"San Diego, CA",Full-time,"Deep Learning, Python, HL7, Cerner",178028,187104,Health Data & Bioinformatics
Senior Health Informatics Analyst,Ashgrove Diagnostics,"Minneapolis, MN",Full-time,"Electronic Health Records (EHR), Clinical Data Management, Healthcare Interoperability, HIPAA Compliance, Telehealth Systems, Data Visualization, SQL, A/B Testing",129762,144257,Health Data & Bioinformatics
Junior Health Data Scientist,Amberfield Digital,Remote,Full-time,"Machine Learning, Python, Pandas, TensorFlow, Cerner, HL7, HIPAA Security Rule, Git",58986,71621,Health Data & Bioinformatics
Senior Genomics Data Analyst,Juno Care Analytics,"Austin, TX",Full-time,"PyTorch, Tableau, Statistics, Electronic Health Records (EHR), Health Informatics, Git",129806,148461,Health Data & Bioinformatics
Junior Population Health Analyst,Northgate Wellness Systems,"New York, NY",Full-time,"Telehealth Systems, Healthcare Interoperability, HL7, Population Health Analytics, Pandas",59391,74289,Health Data & Bioinformatics
Mid-level Health Data Engineer,Auralis Digital,"Pittsburgh, PA",Full-time,"Deep Learning, Machine Learning, Scikit-learn, Tableau, Amazon Web Services, PostgreSQL, Confluence",88068,98532,Health Data & Bioinformatics
Mid-level Medical Coding Data Specialist,Granite Precision Health,"New York, NY",Full-time,"HIPAA Compliance, Epic Systems, HL7, Statistics, Jira",92656,100349,Health Data & Bioinformatics
Lead EHR Integration Engineer,Quill Data Health,"New York, NY",Full-time,"Electronic Health Records (EHR), Health Informatics, Healthcare Interoperability, HIPAA Compliance, Java",158731,172795,Health Data & Bioinformatics
Staff Bioinformatics Engineer,Copperline Care Analytics,"San Diego, CA",Internship,"Pandas, Statistics, Kubernetes, C#",143794,165648,Health Data & Bioinformatics
Intern Clinical Data Analyst,Ashgrove Diagnostics,"Boston, MA",Full-time,"Population Health Analytics, Clinical Data Management, Python, Pandas, Machine Learning",23123,33168,Health Data & Bioinformatics
Senior Health Data Engineer,Pinecrest Bridge Tech,"Pittsburgh, PA",Full-time,"SQL, Data Visualization, Kubernetes, Microservices Architecture",128703,143267,Health Data & Bioinformatics
Senior Health IT Project Manager,Quill Life Sciences,"Austin, TX",Internship,"Population Health Analytics, Health Informatics, Healthcare Interoperability, Medical Coding (ICD-10), HIPAA Security Rule, Confluence, Communication",132560,142999,Health Data & Bioinformatics
Lead HIPAA Compliance Engineer,Cascadia Health Networks,"London, UK",Full-time,"HL7, Clinical Data Management, HIPAA Compliance, Health Informatics, Amazon Web Services",163692,174155,Health Data & Bioinformatics
Staff Healthcare Software Engineer,Solace Precision Health,"New York, NY",Part-time,"Microservices Architecture, REST API Design, MongoDB, Docker, HIPAA Security Rule",160911,179422,Health Data & Bioinformatics
Junior Health Informatics Analyst,Beacon Health Analytics,"Toronto, Canada",Full-time,"Electronic Health Records (EHR), Telehealth Systems, HL7, SQL, Deep Learning, PyTorch, Jira",73251,79099,Health Data & Bioinformatics
Senior Bioinformatics Engineer,Pulseline Genomics,"San Francisco, CA",Full-time,"TensorFlow, Python, Apache Spark, Statistics, Java",143957,150516,Health Data & Bioinformatics
Mid-level EHR Integration Engineer,Redwood Bio Systems,Remote,Part-time,"Telehealth Systems, HIPAA Security Rule, C#, PostgreSQL, Jira",91359,110480,Health Data & Bioinformatics
Principal Director of Health Informatics,Vitalis Digital,"Minneapolis, MN",Internship,"Population Health Analytics, Healthcare Interoperability, Telehealth Systems, NumPy",157308,185645,Health Data & Bioinformatics
Senior Medical Coding Data Specialist,Pinecrest Bridge Tech,"Washington, DC",Full-time,"Epic Systems, Telehealth Systems, Health Informatics, PyTorch",126652,147736,Health Data & Bioinformatics
Health Analytics Manager,Vitalis Care Analytics,"Atlanta, GA",Full-time,"SQL, Natural Language Processing, A/B Testing, Population Health Analytics, FHIR Standards, Cerner, Project Management",154892,159524,Health Data & Bioinformatics
Junior Population Health Analyst,Harborlight Wellness Systems,"Raleigh, NC",Full-time,"HIPAA Compliance, HIPAA Security Rule, HL7, Apache Spark, Natural Language Processing, Data Visualization",65482,79953,Health Data & Bioinformatics
Lead Health Analytics Manager,Iris Informatics,"Berlin, Germany",Part-time,"R, Statistics, TensorFlow, Data Analysis, HL7, Population Health Analytics, Telehealth Systems",133429,163060,Health Data & Bioinformatics
Staff HIPAA Compliance Engineer,Halcyon Bridge Tech,Remote,Full-time,"Electronic Health Records (EHR), Medical Coding (ICD-10), HL7, Telehealth Systems, Epic Systems, REST API Design, Docker, Communication",146338,170011,Health Data & Bioinformatics
Lead Clinical Data Management Lead,Bluepeak HealthTech,"Austin, TX",Internship,"FHIR Standards, HL7, Population Health Analytics, HIPAA Security Rule, Medical Coding (ICD-10), ETL Pipelines, PyTorch, Natural Language Processing",153317,159902,Health Data & Bioinformatics
Mid-level Health IT Project Manager,Ridgeline Bridge Tech,"Pittsburgh, PA",Internship,"Electronic Health Records (EHR), Cerner, Telehealth Systems, Healthcare Interoperability, Confluence, Jira",81044,109900,Health Data & Bioinformatics
Junior Clinical Data Analyst,Crestline Bio Systems,"San Diego, CA",Full-time,"HL7, Clinical Data Management, Health Informatics, Medical Coding (ICD-10), Electronic Health Records (EHR), Machine Learning, Apache Spark, Project Management",60562,65226,Health Data & Bioinformatics
Intern Clinical Data Analyst,Cascadia Medical Systems,"Washington, DC",Full-time,"Healthcare Interoperability, Telehealth Systems, Clinical Data Management, Cerner, HIPAA Security Rule, Machine Learning, Deep Learning, TensorFlow",30736,38474,Health Data & Bioinformatics
Senior EHR Integration Engineer,Sable Data Health,"Raleigh, NC",Full-time,"Epic Systems, Healthcare Interoperability, Clinical Data Management, HIPAA Security Rule, REST API Design",139201,147088,Health Data & Bioinformatics
Staff Clinical Systems Engineer,Nightingale Informatics,Remote,Full-time,"Population Health Analytics, FHIR Standards, Java, Amazon Web Services, REST API Design",141194,162382,Health Data & Bioinformatics
Staff HIPAA Compliance Engineer,Lumen Health Networks,"Minneapolis, MN",Full-time,"Health Informatics, Medical Coding (ICD-10), EHR, REST API Design, Docker, Git",153398,173956,Health Data & Bioinformatics
Junior EHR Systems Analyst,Ironwood Care Technologies,"Boston, MA",Full-time,"Epic Systems, Clinical Data Management, Medical Coding (ICD-10), REST API Design, Git",58594,72318,Health Data & Bioinformatics
Mid-level Health Data Scientist,Granite Precision Health,Remote,Part-time,"SQL, NumPy, NLP, PyTorch, HL7",104377,107997,Health Data & Bioinformatics
Senior Health Informatics Analyst,Cobalt Cloud Labs,"London, UK",Full-time,"Epic Systems, Population Health Analytics, Telehealth Systems, SQL, ETL Pipelines, Git",119124,143829,Health Data & Bioinformatics
Senior Genomics Data Analyst,Crestline Bio Systems,"Toronto, Canada",Part-time,"Data Visualization, TensorFlow, Epic Systems, Population Health Analytics",131211,151160,Health Data & Bioinformatics
Senior Healthcare Software Engineer,Crestline Bio Systems,"Chicago, IL",Full-time,"MongoDB, Java, System Design, Kubernetes, Population Health Analytics, Healthcare Interoperability, Agile Methodology",125812,142035,Health Data & Bioinformatics
Mid-level Clinical Systems Engineer,Larkspur Health Networks,"Boston, MA",Full-time,"Cerner, HIPAA Security Rule, Healthcare Interoperability, Docker",88517,106741,Health Data & Bioinformatics
Junior Healthcare Software Engineer,Aequus Health Solutions,Remote,Internship,"Kubernetes, Amazon Web Services, Medical Coding (ICD-10), Population Health Analytics",58265,66733,Health Data & Bioinformatics
Mid-level Healthcare Interoperability Engineer,Ridgeline Bridge Tech,Remote,Contract,"Population Health Analytics, Healthcare Interoperability, HIPAA Compliance, Cerner, Telehealth Systems, Amazon Web Services, Communication",86953,109596,Health Data & Bioinformatics
Health Analytics Manager,Optum Bio Systems,"Pittsburgh, PA",Full-time,"Tableau, Python, Data Warehousing, Data Analysis, FHIR Standards, Population Health Analytics, Health Informatics, Git",147113,159074,Health Data & Bioinformatics
Principal Health Data Scientist,Onyx Diagnostics,"Dublin, Ireland",Part-time,"Data Analysis, Tableau, SQL, HL7, Healthcare Interoperability, Epic Systems, Git",157591,177562,Health Data & Bioinformatics
Mid-level Health IT Project Manager,Vitalis Care Analytics,"Sydney, Australia",Full-time,"FHIR Standards, Healthcare Interoperability, Medical Coding (ICD-10), HIPAA Compliance, HL7, Confluence, Communication, Project Management",104000,107811,Health Data & Bioinformatics
Mid-level Medical Coding Data Specialist,Larkspur Informatics,"Sydney, Australia",Full-time,"FHIR Standards, HIPAA Security Rule, Natural Language Processing, Confluence",97105,105678,Health Data & Bioinformatics
Mid-level Health IT Project Manager,Lumen Health Networks,"Nashville, TN",Internship,"Cerner, Telehealth Systems, Conflence",97926,108391,Health Data & Bioinformatics
Junior Clinical Data Analyst,Basecamp Clinical Data,"Seattle, WA",Full-time,"Healthcare Interoperability, Electronic Health Records (EHR), Telehealth Systems, HL7, Cerner, Python, SQL, Data Visualization",61749,73098,Health Data & Bioinformatics
Senior Clinical Data Management Lead,Pulseline Genomics,"Toronto, Canada",Full-time,"Clinical Data Management, Cerner, Epic Systems, Health Informatics, Deep Learning, R, Confluence",116198,143502,Health Data & Bioinformatics
Senior Health Data Engineer,Cortex Diagnostics,"Denver, CO",Full-time,"Pandas, Tableau, Docker, REST API Design, MongoDB",127805,139439,Health Data & Bioinformatics
Mid-level Bioinformatics Engineer,Granite Precision Health,"Toronto, Canada",Full-time,"SQL, Pandas, Amazon Web Services",104894,109057,Health Data & Bioinformatics
Staff Clinical Systems Engineer,Everstone Wellness Systems,"Atlanta, GA",Full-time,"Healthcare Interoperability, Clinical Data Management, Docker",164253,170679,Health Data & Bioinformatics
Senior HIPAA Compliance Engineer,Genoma Health Solutions,"London, UK",Full-time,"Population Health Analytics, HIPAA Security Rule, REST API Design, MongoDB, Agile Methodology",116487,133979,Health Data & Bioinformatics
Senior Population Health Analyst,Harborlight Wellness Systems,"Austin, TX",Full-time,"Population Health Analytics, Medical Coding (ICD-10), Health Informatics, A/B Testing",113355,140637,Health Data & Bioinformatics
Senior Health IT Project Manager,Pinecrest Bridge Tech,Remote,Full-time,"Healthcare Interoperability, HIPAA Security Rule, Telehealth Systems, Electronic Health Records (EHR), Agile Methodology, Project Management",132522,141269,Health Data & Bioinformatics
Lead Bioinformatics Engineer,Halcyon Bridge Tech,"Nashville, TN",Full-time,"Scikit-learn, ETL Pipelines, Deep Learning, PostgreSQL, Amazon Web Services, Communication",167707,173876,Health Data & Bioinformatics
Lead Healthcare Interoperability Engineer,Auralis Digital,"Seattle, WA",Full-time,"Telehealth Systems, FHIR Standards, MySQL, Kubernetes, Microservices Architecture",141885,155147,Health Data & Bioinformatics
Mid-level Genomics Data Analyst,Helio Genomics,"Minneapolis, MN",Full-time,"Data Warehousing, Natural Language Processing, TensorFlow, SQL, Medical Coding (ICD-10), HIPAA Security Rule",97311,101590,Health Data & Bioinformatics
Lead Clinical Systems Engineer,Granite Precision Health,"Seattle, WA",Contract,"Medical Coding (ICD-10), FHIR Standards, REST API Design, C#, Confluence",139001,151355,Health Data & Bioinformatics
Junior Health Informatics Analyst,Basecamp Genomics,"Sydney, Australia",Full-time,"Epic Systems, FHIR Standards, Python, R, Tableau, Team Leadership",66349,79434,Health Data & Bioinformatics
Senior Health Analytics Manager,Brightwell Health Analytics,Remote,Full-time,"TensorFlow, Deep Learning, HIPAA Security Rule, Electronic Health Records (EHR), Telehealth Systems",128408,151320,Health Data & Bioinformatics
Senior Health Informatics Analyst,Pinecrest Bridge Tech,"Chicago, IL",Full-time,"HIPAA Security Rule, Healthcare Interoperability, Data Visualization, SQL, Python",127205,148490,Health Data & Bioinformatics
Mid-level Health IT Project Manager,Ridgeline Cloud Labs,"Philadelphia, PA",Full-time,"HL7, Clinical Data Management, HIPAA Compliance, Telehealth Systems, Health Informatics, Team Leadership, Communication, Confluence",87796,100847,Health Data & Bioinformatics
Senior HIPAA Compliance Engineer,Auralis Digital,Remote,Internship,"Cerner, Electronic Health Records (EHR), HL7, REST API Design",122238,149984,Health Data & Bioinformatics
Intern Clinical Data Analyst,Ridgeline Cloud Labs,"Toronto, Canada",Full-time,"Telehealth Systems, Electronic Health Records (EHR), R, Project Management",26750,33551,Health Data & Bioinformatics
Junior EHR Systems Analyst,Sable Data Health,"London, UK",Full-time,"Health Informatics, Electronic Health Records (EHR), HL7, Telehealth Systems, C#, Team Leadership",59064,68511,Health Data & Bioinformatics
Senior Bioinformatics Scientist,Brookfield Precision Health,"San Diego, CA",Full-time,"Tableau, A/B Testing, Scikit-learn, Healthcare Interoperability, Health Informatics, HL7",124163,140674,Health Data & Bioinformatics
Senior Health Data Scientist,Lumen Health Networks,"Chicago, IL",Full-time,"Pandas, Data Analysis, TensorFlow, Scikit-learn, HIPAA Security Rule",140664,146729,Health Data & Bioinformatics
Senior Clinical Systems Engineer,Helio Genomics,Remote,Part-time,"Medical Coding (ICD-10), HIPAA Security Rule, Clinical Data Management, Health Informatics, Telehealth Systems, C#, Java",132395,146323,Health Data & Bioinformatics
Junior Health Data Engineer,Copperline Care Analytics,Remote,Full-time,"Scikit-learn, TensorFlow, Data Analysis, Data Visualization, Power BI, Java, Project Management",72146,76904,Health Data & Bioinformatics
Lead Health Analytics Manager,Vitalis Care Analytics,"Sydney, Australia",Full-time,"Deep Learning, Pandas, Health Informatics",135077,151206,Health Data & Bioinformatics
Mid-level Bioinformatics Scientist,Optum HealthTech,"Washington, DC",Contract,"Data Analysis, Apache Spark, Medical Coding (ICD-10), HIPAA Compliance",96774,102860,Health Data & Bioinformatics
Clinical Data Management Lead Manager,Northgate Wellness Systems,"Pittsburgh, PA",Full-time,"Clinical Data Management, Medical Coding (ICD-10), Deep Learning, Communication",157378,162758,Health Data & Bioinformatics
Junior Telehealth Platform Engineer,Lumen Health Networks,"Nashville, TN",Internship,"Electronic Health Records (EHR), Healthcare Interoperability, Kubernetes, REST API Design",68838,76567,Health Data & Bioinformatics
Mid-level Medical Coding Data Specialist,Kernel Precision Health,"Boston, MA",Internship,"Healthcare Interoperability, FHIR Standards, Telehealth Systems, SQL, Agile Methodology",92070,97924,Health Data & Bioinformatics
Junior EHR Systems Analyst,Granite Care Technologies,"Pittsburgh, PA",Full-time,"Cerner, Electronic Health Records (EHR), Clinical Data Management, FHIR Standards, C#",71240,75905,Health Data & Bioinformatics
Staff HIPAA Compliance Engineer,Basecamp Genomics,"Boston, MA",Full-time,"HIPAA Compliance, Medical Coding (ICD-10), Population Health Analytics, HL7, Clinical Data Management, MongoDB, PostgreSQL, Git",167443,180367,Health Data & Bioinformatics
Senior Bioinformatics Scientist,Cobalt Cloud Labs,"Washington, DC",Full-time,"Deep Learning, NumPy, ETL Pipelines, Apache Spark, A/B Testing, Telehealth Systems, Population Health Analytics",107676,142763,Health Data & Bioinformatics
Senior Bioinformatics Engineer,Clearwater Digital,"Dublin, Ireland",Part-time,"Apache Spark, Python, Java, MongoDB",132613,135618,Health Data & Bioinformatics
Staff EHR Integration Engineer,Bluepeak HealthTech,"Austin, TX",Internship,"Population Health Analytics, HL7, Medical Coding (ICD-10), Health Informatics, Telehealth Systems, Amazon Web Services, Jira",156074,175873,Health Data & Bioinformatics
Mid-level Medical Coding Data Specialist,Iris Systems,"Philadelphia, PA",Internship,"HIPAA Security Rule, Clinical Data Management, TensorFlow",83630,92958,Health Data & Bioinformatics
Senior Health IT Project Manager,Cortex Clinical Data,Remote,Full-time,"Electronic Health Records (EHR), Clinical Data Management, Project Management, Confluence",109118,146032,Health Data & Bioinformatics
Mid-level Health Data Engineer,Juno Genomics,"Boston, MA",Full-time,"Pandas, Deep Learning, Microservices Architecture, REST API Design, Java, Communication",80651,97898,Health Data & Bioinformatics
Staff Clinical Systems Engineer,Lucid Clinical Data,"Nashville, TN",Full-time,"FHIR Standards, HIPAA Compliance, REST API Design, Git",157552,172890,Health Data & Bioinformatics
Senior Clinical Systems Engineer,Lumen Health Networks,Remote,Full-time,"HIPAA Compliance, Medical Coding (ICD-10), HIPAA Security Rule, Cerner, Electronic Health Records (EHR), Kubernetes, C#, REST API Design",128279,151380,Health Data & Bioinformatics
Junior Telehealth Platform Engineer,Cortex Diagnostics,"San Francisco, CA",Full-time,"Population Health Analytics, Health Informatics, Medical Coding (ICD-10), PostgreSQL",67945,78130,Health Data & Bioinformatics
Intern Genomics Data Analyst,Meridian Informatics,"Austin, TX",Full-time,"Machine Learning, Data Analysis, SQL, Statistics, FHIR Standards",23453,26830,Health Data & Bioinformatics
Staff Healthcare Interoperability Engineer,Brightwell Health Analytics,"Minneapolis, MN",Part-time,"Cerner, Healthcare Interoperability, Population Health Analytics, FHIR Standards, Microservices Architecture, MongoDB, Confluence",143220,167415,Health Data & Bioinformatics
Mid-level EHR Systems Analyst,Quill Life Sciences,Remote,Full-time,"Cerner, HIPAA Compliance, Clinical Data Management, Microservices Architecture, C#, Communication",79197,84115,Health Data & Bioinformatics
Senior Bioinformatics Engineer,Redwood Health Analytics,"Pittsburgh, PA",Contract,"PyTorch, Data Analysis, Data Visualization, ETL Pipelines, Data Warehousing, Amazon Web Services, Kubernetes, Microservices Architecture",106060,133792,Health Data & Bioinformatics
Mid-level Health IT Project Manager,Iris Informatics,"Philadelphia, PA",Full-time,"HIPAA Compliance, Epic Systems, FHIR Standards, Population Health Analytics, Git, Agile Methodology, Communication",96739,106026,Health Data & Bioinformatics
Lead Clinical Data Management Lead,Nightingale Systems,"Raleigh, NC",Full-time,"FHIR STANDARDS, Epic Systems, Medical Coding (ICD-10), Natural Language Processing, Confluence",145136,157218,Health Data & Bioinformatics
Intern Genomics Data Analyst,Larkspur Informatics,"Chicago, IL",Full-time,"Tableau, A/B Testing, SQL, TensorFlow, Deep Learning, Health Informatics",23781,36981,Health Data & Bioinformatics
Mid-level EHR Systems Analyst,Pinecrest Bridge Tech,Singapore,Internship,"HIPAA Compliance, Health Informatics, HIPAA Security Rule, Medical Coding (ICD-10), C#, REST API Design, Java, Agile Methodology",96237,104705,Health Data & Bioinformatics
Principal Healthcare Interoperability Engineer,Beacon Life Sciences,Singapore,Part-time,"Epic Systems, HL7, Medical Coding (ICD-10), Amazon Web Services",156028,178610,Health Data & Bioinformatics
Intern Genomics Data Analyst,Lucid Genomics,"Pittsburgh, PA",Full-time,"SQL, ETL Pipelines, Tableau, Natural Language Processing, Data Warehousing, Medical Coding (ICD-10)",21073,30386,Health Data & Bioinformatics
Mid-level Healthcare Interoperability Engineer,Optum HealthTech,Remote,Full-time,"Epic Systems, Health Informatics, Medical Coding (ICD-10), Population Health Analytics, Clinical Data Management, Kubernetes, MySQL",85299,102606,Health Data & Bioinformatics
Senior Clinical Systems Engineer,Amberfield Systems,"Toronto, Canada",Part-time,"Clinical Data Management, HL7, Docker, MySQL, Project Management",138072,149009,Health Data & Bioinformatics
Senior EHR Integration Engineer,Granite Care Technologies,Remote,Full-time,"Telehealth Systems, HIPAA Compliance, Health Informatics, Epic Systems, Java",145627,150252,Health Data & Bioinformatics
Senior Telehealth Platform Engineer,Beacon Life Sciences,Remote,Full-time,"Cerner, Health Informatics, Clinical Data Management, Population Health Analytics, C#, Amazon Web Services, Microservices Architecture, Confluence",126842,138671,Health Data & Bioinformatics
Junior Medical Coding Data Specialist,Halcyon Data Health,"Philadelphia, PA",Full-time,"HIPAA Security Rule, Electronic Health Records (EHR), A/B Testing, Jira",65102,72783,Health Data & Bioinformatics
Intern Health Informatics Analyst,Juno Genomics,Singapore,Full-time,"Health Informatics, HIPAA Compliance, HIPAA Security Rule, HL7, Healthcare Interoperability, Natural Language Processing, SQL",29510,37725,Health Data & Bioinformatics
Senior Genomics Data Analyst,Granite Precision Health,"Austin, TX",Full-time,"Pandas, Machine Learning, Data Analysis, NumPy, PyTorch, Telehealth Systems, Team Leadership",146065,150206,Health Data & Bioinformatics
Lead Clinical Systems Engineer,Halcyon Data Health,Remote,Part-time,"Telehealth Systems, Healthcare Interoperability, FHIR Standards, Medical Coding (ICD-10), MongoDB, Confluence",142197,151073,Health Data & Bioinformatics
Intern Clinical Data Analyst,Amberfield Systems,"Dublin, Ireland",Full-time,"Medical Coding (ICD-10), FHIR Standards, Healthcare Interoperability, Telehealth Systems, HIPAA Security Rule, Tableau, Team Leadership",24338,35243,Health Data & Bioinformatics
Lead Clinical Systems Engineer,Optum HealthTech,"Chicago, IL",Internship,"Population Health Analytics, Healthcare Interoperability, Health Informatics, Epic Systems, Kubernetes, Docker, Microservices Architecture, Confluence",148388,153549,Health Data & Bioinformatics
Lead Bioinformatics Engineer,Cascadia Health Networks,"Berlin, Germany",Full-time,"TensorFlow, Python, Data Warehousing, PyTorch, Machine Learning, REST API Design, Docker, Kubernetes",169463,172861,Health Data & Bioinformatics
Lead Director of Health Informatics,Brookfield Precision Health,Remote,Contract,"HIPAA Compliance, Healthcare Interoperability, Clinical Data Management, Medical Coding (ICD-10), Statistics, Data Visualization, R, Communication",168278,176844,Health Data & Bioinformatics
Junior Bioinformatics Scientist,Vertex Systems,"Pittsburgh, PA",Full-time,"Statistics, TensorFlow, Power BI, SQL, Healthcare Interoperability, HL7",73701,78896,Health Data & Bioinformatics
Junior Healthcare Software Engineer,Harborlight Wellness Systems,"Washington, DC",Full-time,"Java, Docker, MongoDB, MySQL, Health Informatics, Jira",73026,78496,Health Data & Bioinformatics
Mid-level Bioinformatics Engineer,Aequus Cloud Labs,"San Francisco, CA",Full-time,"Data Warehousing, A/B Testing, Power BI, Data Analysis, R, Docker, Kubernetes, Team Leadership",94688,104817,Health Data & Bioinformatics
Staff Health Data Scientist,Pinecrest Data Health,"Seattle, WA",Internship,"Scikit-learn, Tableau, Data Warehousing, NumPy, Telehealth Systems",155235,171292,Health Data & Bioinformatics
Mid-level Healthcare Interoperability Engineer,Halcyon Bridge Tech,"Pittsburgh, PA",Full-time,"Epic Systems, Medical Coding (ICD-10), Docker, MySQL",79114,102142,Health Data & Bioinformatics
Staff Health Data Engineer,Lucid Genomics,Remote,Full-time,"Deep Learning, TensorFlow, Statistics, R, Natural Language Processing, Amazon Web Services, REST API Design, Jira",147686,165635,Health Data & Bioinformatics
Mid-level Health Data Engineer,Ashgrove Diagnostics,"New York, NY",Full-time,"R, Deep Learning, SQL, C#, MySQL",93649,103119,Health Data & Bioinformatics
Senior Bioinformatics Engineer,Cardialis Life Sciences,"Pittsburgh, PA",Full-time,"ETL Pipelines, Scikit-learn, Data Analysis, Machine Learning, Docker, Microservices Architecture, C#, Confluence",121917,129408,Health Data & Bioinformatics
Senior Telehealth Platform Engineer,Iris Systems,"Minneapolis, MN",Full-time,"HIPAA Security Rule, Epic Systems, C#",144348,150993,Health Data & Bioinformatics
Junior Bioinformatics Scientist,Windmere Cloud Labs,"San Diego, CA",Full-time,"Tableau, NumPy,  Data Visualization , Data Warehousing, Clinical Data Management, Telehealth Systems, Population Health Analytics",61721,74332,Health Data & Bioinformatics
Lead Health Data Engineer,Silversage Life Sciences,"Berlin, Germany",Internship,"Data Analysis, PyTorch, Deep Learning, Amazon Web Services, MySQL, PostgreSQL, Jira",161307,167808,Health Data & Bioinformatics
Lead HIPAA Compliance Engineer,Solace Precision Health,"Bengaluru, India",Full-time,"Clinical Data Management, HL7, System Design, Git",171557,177480,Health Data & Bioinformatics
Lead EHR Integration Engineer,Nightingale Systems,"Chicago, IL",Full-time,"Epic Systems, HIPAA Compliance, FHIR Standards, Health Informatics, HIPAA Security Rule, REST API Design",166329,176262,Health Data & Bioinformatics
Mid-level Medical Coding Data Specialist,Ironwood Wellness Systems,Remote,Full-time,"HIPAA Compliance, Cerner, Clinical Data Management, Power BI, Tableau, Apache Spark, Agile Methodology",86729,107917,Health Data & Bioinformatics
Senior EHR Integration Engineer,Cortex Diagnostics,Remote,Full-time,"Population Health Analytics, Cerner, Health Informatics, FHIR Standards, MySQL, Communication",110083,121078,Health Data & Bioinformatics
Principal Director of Health Informatics,Vitalis Care Analytics,"Sydney, Australia",Full-time,"Telehealth Systems, Clinical Data Management, Epic Systems, Medical Coding (ICD-10), FHIR Standards, ETL Pipelines, Scikit-learn, A/B Testing",173078,178597,Health Data & Bioinformatics
Principal Director of Health Informatics,Ashgrove Diagnostics,"Chicago, IL",Contract,"Population Health Analytics, Medical Coding (ICD-10), Machine Learning, Communication",163735,182273,Health Data & Bioinformatics
Lead Health Analytics Manager,Brightwell Health Analytics,Singapore,Internship,"Statistics, Apache Spark, SQL, Scikit-learn, Telehealth Systems",166430,173101,Health Data & Bioinformatics
Mid-level Telehealth Platform Engineer,Vitalis Digital,Remote,Full-time,"Healthcare Interoperability, Population Health Analytics, Telehealth Systems, HIPAA Security Rule, Amazon Web Services, MongoDB, C#, Team Leadership",94326,109466,Health Data & Bioinformatics
Senior Health Informatics Analyst,Amberfield Systems,"Berlin, Germany",Full-time,"Epic Systems, Medical Coding (ICD-10), FHIR Standards, Machine Learning, Natural Language Processing, Data Analysis, Communication",125878,145293,Health Data & Bioinformatics
Senior Population Health Analyst,Lucid Clinical Data,"Pittsburgh, PA",Full-time,"Population Health Analytics, FHIR Standards, HIPAA Compliance, HL7, Clinical Data Management, Python",118729,145791,Health Data & Bioinformatics
Intern Genomics Data Analyst,Pinecrest Bridge Tech,"Philadelphia, PA",Full-time,"Statistics, Scikit-learn, Apache Spark, Deep Learning, HIPAA Compliance",27893,36656,Health Data & Bioinformatics
Staff Healthcare Software Engineer,Sable Data Health,"London, UK",Part-time,"Amazon Web Services, Kubernetes, Docker, Population Health Analytics, Epic Systems, Git",135038,164188,Health Data & Bioinformatics
Lead HIPAA Compliance Engineer,Larkspur Health Networks,"Seattle, WA",Full-time,"Population Health Analytics, Healthcare Interoperability, Telehealth Systems, Java, Kubernetes",147060,174277,Health Data & Bioinformatics
Senior Medical Coding Data Specialist,Auralis Systems,"Boston, MA",Part-time,"FHIR Standards, HIPAA Compliance, Epic Systems, HL7, health informatics, Pandas, Project Management",144523,149453,Health Data & Bioinformatics
Mid-level Health Data Scientist,Ironwood Care Technologies,Remote,Full-time,"R, PyTorch, Electronic Health Records (EHR), Cerner, Telehealth Systems, Communication",84819,98481,Health Data & Bioinformatics
Health IT Project Manager,Cobalt Cloud Labs,"New York, NY",Part-time,"Medical Coding (ICD-10), Healthcare Interoperability, Epic Systems, HL7, HIPAA Compliance, Team Leadership, Git, Communication",162356,167104,Health Data & Bioinformatics
Health IT Project Manager,Ironwood Care Technologies,Remote,Full-time,"Cerner, Health Informatics, Agile Methodology, Confluence, project management",150377,156605,Health Data & Bioinformatics
Senior Bioinformatics Engineer,Windmere Cloud Labs,"Berlin, Germany",Full-time,"Data Visualization, Scikit-learn, Machine Learning, ETL Pipelines, R, MySQL, Confluence",137680,146820,Health Data & Bioinformatics
Senior Clinical Systems Engineer,Redwood Bio Systems,Remote,Full-time,"Telehealth Systems, Clinical Data Management, Epic Systems, PostgreSQL, System Design, Amazon Web Services, Project Management",111528,151230,Health Data & Bioinformatics
Senior Clinical Data Analyst,Nightingale Informatics,Remote,Full-time,"HIPAA Security Rule, Healthcare Interoperability, Epic Systems, HL7, PyTorch, Data Warehousing, Data Visualization",113791,149715,Health Data & Bioinformatics
Senior Health IT Project Manager,Helio Genomics,"Denver, CO",Contract,"Telehealth Systems, Epic Systems, Healthcare Interoperability, Communication, Jira",106307,116855,Health Data & Bioinformatics
Principal Healthcare Interoperability Engineer,Wavecrest Bio Systems,Remote,Internship,"HIPAA Compliance, Epic Systems, Docker, Team Leadership",177324,187303,Health Data & Bioinformatics
Mid-level EHR Integration Engineer,Silversage Life Sciences,"Philadelphia, PA",Part-time,"Clinical Data Management, FHIR Standards, Electronic Health Records (EHR), HIPAA Security Rule, Medical Coding (ICD-10), Docker, System Design, Confluence",92678,107344,Health Data & Bioinformatics
Director of Health Informatics,Redwood Health Analytics,Remote,Full-time,"Population Health Analytics, HIPAA Compliance, Telehealth Systems, Cerner, R, Deep Learning, Communication",149686,170125,Health Data & Bioinformatics
Junior EHR Systems Analyst,Beacon Health Analytics,Remote,Part-time,"FHIR Standards, HIPAA Compliance, Healthcare Interoperability, HL7, Cerner, REST API Design, Amazon Web Services",71095,74765,Health Data & Bioinformatics
Mid-level Health Informatics Analyst,Quill Data Health,"Philadelphia, PA",Part-time,"HIPAA Compliance, Electronic Health Records (EHR), Pandas",84853,109951,Health Data & Bioinformatics
Staff EHR Integration Engineer,Optum HealthTech,"Raleigh, NC",Full-time,"Medical Coding (ICD-10), Healthcare Interoperability, Cerner, Amazon Web Services, CERNER",143687,167201,Health Data & Bioinformatics
Senior Health Analytics Manager,Cascadia Health Networks,"Pittsburgh, PA",Full-time,"TensorFlow, Apache Spark, Data Analysis, ETL Pipelines, Machine Learning, Healthcare Interoperability, HL7",109576,126635,Health Data & Bioinformatics
Intern Genomics Data Analyst,Crestline HealthTech,"San Francisco, CA",Full-time,"R, PyTorch, ETL Pipelines, Power BI, Apache Spark, HIPAA Security Rule, Medical Coding (ICD-10), Agile Methodology",20342,33800,Health Data & Bioinformatics
Senior Telehealth Platform Engineer,Foxglove Medical Systems,Singapore,Contract,"Medical Coding (ICD-10), Population Health Analytics, C#, PostgreSQL",122252,140033,Health Data & Bioinformatics
Principal Director of Health Informatics,Vitalis Care Analytics,"Atlanta, GA",Full-time,"HIPAA Security Rule, HIPAA Compliance, Cerner, Data Visualization, Natural Language Processing, TensorFlow, Git",186018,190828,Health Data & Bioinformatics
Mid-level Genomics Data Analyst,Halcyon Bridge Tech,"Minneapolis, MN",Full-time,"SQL, TensorFlow, Health Informatics, Clinical Data Management, Healthcare Interoperability, Team Leadership",87374,99849,Health Data & Bioinformatics
Mid-level Genomics Data Analyst,Everstone Wellness Systems,"San Diego, CA",Full-time,"ETL Pipelines, Natural Language Processing, NumPy, HL7, Healthcare Interoperability, Health Informatics, Git",99386,108188,Health Data & Bioinformatics
Lead Health Data Engineer,Aequus Health Solutions,"Bengaluru, India",Contract,"Statistics, Apache Spark, NumPy, C#, Kubernetes, MongoDB, Agile Methodology",136403,157099,Health Data & Bioinformatics
Senior Health Data Engineer,Sable Data Health,"London, UK",Full-time,"ETL Pipelines, Machine Learning, SQL, Pandas, PostgreSQL, MySQL",115813,141577,Health Data & Bioinformatics
Health Analytics Manager,Bluepeak Diagnostics,Remote,Internship,"A/B Testing, NumPy, Scikit-learn, Deep Learning, Electronic Health Records (EHR), Healthcare Interoperability, Project Management",146537,155505,Health Data & Bioinformatics
Mid-level EHR Integration Engineer,Onyx Diagnostics,Remote,Contract,"FHIR Standards, Health Informatics, Kubernetes, Docker, Team Leadership",103804,106822,Health Data & Bioinformatics
Senior Health Analytics Manager,Onyx Diagnostics,Remote,Internship,"Natural Language Processing, Apache Spark, Health Informatics",109198,113981,Health Data & Bioinformatics
Clinical Data Management Lead Manager,Beacon Health Analytics,"Sydney, Australia",Full-time,"Cerner, Electronic Health Records (EHR), NumPy, Scikit-learn, Power BI, Agile Methodology",157599,167803,Health Data & Bioinformatics
Lead Health Analytics Manager,Windmere Cloud Labs,Remote,Internship,"Data Visualization, PyTorch, R, Data Warehousing, NumPy, Telehealth Systems",133350,141050,Health Data & Bioinformatics
Mid-level Health IT Project Manager,Auralis Systems,"Seattle, WA",Full-time,"HL7, Telehealth Systems, Git",80347,105299,Health Data & Bioinformatics
Senior Healthcare Interoperability Engineer,Helio Genomics,Remote,Full-time,"HIPAA Security Rule, HL7, Electronic Health Records (EHR), HIPAA Compliance, Clinical Data Management, MongoDB, Agile Methodology",105138,144748,Health Data & Bioinformatics
Mid-level EHR Integration Engineer,Kernel Care Technologies,"New York, NY",Internship,"Health Informatics, Epic Systems, Amazon Web Services, C#, System Design",82994,111066,Health Data & Bioinformatics
Lead EHR Integration Engineer,Quill Data Health,"Dublin, Ireland",Full-time,"HL7, Clinical Data Management, Healthcare Interoperability, Amazon Web Services, Kubernetes",163662,170120,Health Data & Bioinformatics
Lead Director of Health Informatics,Crestline HealthTech,"Pittsburgh, PA",Full-time,"Medical Coding (ICD-10), Population Health Analytics, HIPAA Security Rule, Cerner, Telehealth Systems, Data Warehousing",144539,149850,Health Data & Bioinformatics
Mid-level Medical Coding Data Specialist,Basecamp Clinical Data,"Dublin, Ireland",Full-time,"Health Informatics, Cerner, Medical Coding (ICD-10), HIPAA Security Rule, Epic Systems, Natural Language Processing, Pandas",103085,111313,Health Data & Bioinformatics
Mid-level Telehealth Platform Engineer,Nightingale Informatics,Remote,Full-time,"Telehealth Systems, Cerner, HIPAA Compliance,  REST API Design , C#, Docker",104384,110542,Health Data & Bioinformatics
Senior EHR Systems Analyst,Beacon Life Sciences,"London, UK",Full-time,"Medical Coding (ICD-10), HL7, Telehealth Systems, Healthcare Interoperability, System Design, MongoDB, Microservices Architecture",136471,139537,Health Data & Bioinformatics
Lead Clinical Systems Engineer,Vitalis Digital,"Nashville, TN",Full-time,"HIPAA Security Rule, Medical Coding (ICD-10), Epic Systems, Healthcare Interoperability, Electronic Health Records (EHR), System Design, Amazon Web Services, Kubernetes",147520,176543,Health Data & Bioinformatics
Staff EHR Integration Engineer,Vertex Systems,"San Francisco, CA",Contract,"Medical Coding (ICD-10), Electronic Health Records (EHR), HIPAA Security Rule, HL7, Docker",137230,147994,Health Data & Bioinformatics
Lead Healthcare Interoperability Engineer,Basecamp Clinical Data,"Sydney, Australia",Full-time,"HIPAA Security Rule, Cerner, Clinical Data Management, Telehealth Systems, Java, C#, Microservices Architecture, Confluence",164477,177687,Health Data & Bioinformatics
Lead Clinical Systems Engineer,Lumen Health Networks,Remote,Full-time,"Healthcare Interoperability, Medical Coding (ICD-10), Electronic Health Records (EHR), Cerner, Epic Systems, Kubernetes, Amazon Web Services, REST API Design",166504,171061,Health Data & Bioinformatics
Director of Health Informatics,Solace Health Solutions,"Chicago, IL",Full-time,"Epic Systems, HL7, HIPAA Compliance, Healthcare Interoperability, Machine Learning, Git",123449,151442,Health Data & Bioinformatics
Junior Clinical Data Analyst,Aequus Health Solutions,"Pittsburgh, PA",Full-time,"Clinical Data Management, Telehealth Systems, Epic Systems, Power BI, NumPy, Python, Confluence",72822,77403,Health Data & Bioinformatics
Senior Health Data Scientist,Foxglove Medical Systems,Remote,Internship,"NumPy, Python, Data Visualization, Apache Spark, Deep Learning, Healthcare Interoperability, HIPAA Compliance, Project Management",111075,134970,Health Data & Bioinformatics
Director of Health Informatics,Quill Life Sciences,"Minneapolis, MN",Full-time,"Epic Systems, Cerner, Telehealth Systems, Medical Coding (ICD-10), Electronic Health Records (EHR), Tableau, Pandas, ETL Pipelines",119471,139581,Health Data & Bioinformatics
Mid-level EHR Integration Engineer,Juno Care Analytics,"Toronto, Canada",Contract,"Health Informatics, Electronic Health Records (EHR), HL7, Medical Coding (ICD-10), Kubernetes",86115,96082,Health Data & Bioinformatics
Mid-level EHR Integration Engineer,Windmere Bridge Tech,"San Francisco, CA",Full-time,"HL7, FHIR Standards, Healthcare Interoperability, HIPAA Compliance, PostgreSQL",81004,92842,Health Data & Bioinformatics
Mid-level Health Data Scientist,Redwood Bio Systems,"Berlin, Germany",Full-time,"TensorFlow, Deep Learning, Machine Learning, HL7, Telehealth Systems, Project Management",80333,89082,Health Data & Bioinformatics
Mid-level EHR Systems Analyst,Crestline HealthTech,"Toronto, Canada",Contract,"Telehealth Systems, Health Informatics, Healthcare Interoperability, C#, MongoDB, System Design, Agile Methodology",80645,98036,Health Data & Bioinformatics
Senior Bioinformatics Scientist,Quill Data Health,Singapore,Full-time,"Machine Learning, Scikit-learn, Data Analysis, Clinical Data Management",135449,142246,Health Data & Bioinformatics
Senior Clinical Data Management Lead,Cascadia Health Networks,Remote,Internship,"Medical Coding (ICD-10), Epic Systems, Cerner, Telehealth Systems, Clinical Data Management, Data Visualization",144565,151831,Health Data & Bioinformatics
Junior Genomics Data Analyst,Brightwell Health Analytics,"Denver, CO",Full-time,"ETL Pipelines, R, Deep Learning, Power BI, Healthcare Interoperability, HL7, HIPAA Security Rule, Communication",64866,77352,Health Data & Bioinformatics
Lead Bioinformatics Engineer,Beacon Health Analytics,"Raleigh, NC",Full-time,"Deep Learning, Machine Learning, Pandas, Python, Tableau, Kubernetes",140611,165534,Health Data & Bioinformatics
Junior Clinical Data Analyst,Brightwell Health Analytics,Remote,Contract,"Medical Coding (ICD-10), Electronic Health Records (EHR), Data Analysis, R, Confluence",74318,79137,Health Data & Bioinformatics
Mid-level Health IT Project Manager,Ridgeline Bridge Tech,"Boston, MA",Internship,"ICD-10, Electronic Health Records (EHR), Confluence, Git, Agile Methodology, ICD-10",94118,106175,Health Data & Bioinformatics
Senior Health Informatics Analyst,Redwood Health Analytics,"Dublin, Ireland",Full-time,"FHIR Standards, HIPAA Compliance, Clinical Data Management, Cerner, Epic Systems, Machine Learning",114771,146530,Health Data & Bioinformatics
Lead Telehealth Platform Engineer,Crestline Bio Systems,"Washington, DC",Full-time,"Epic Systems, Electronic Health Records (EHR), MongoDB, Jira",132712,164222,Health Data & Bioinformatics
Senior Clinical Systems Engineer,Larkspur Informatics,"Boston, MA",Internship,"FHIR Standards, Healthcare Interoperability, Medical Coding (ICD-10), MySQL, PostgreSQL, Docker",138744,150873,Health Data & Bioinformatics
Intern Genomics Data Analyst,Auralis Digital,"Atlanta, GA",Full-time,"SQL, Scikit-learn, Python, Tableau, Health Informatics, Telehealth Systems, Healthcare Interoperability, Project Management",22224,29727,Health Data & Bioinformatics
Mid-level Clinical Data Analyst,Aequus Health Solutions,Remote,Full-time,"Health Informatics, Clinical Data Management, NumPy, TensorFlow",105223,109740,Health Data & Bioinformatics
Staff Clinical Systems Engineer,Meridian Health Networks,Remote,Full-time,"HIPAA Compliance, FHIR Standards, Amazon Web Services, PostgreSQL, Docker, Project Management",144964,171091,Health Data & Bioinformatics
Senior Genomics Data Analyst,Lucid Genomics,"Austin, TX",Full-time,"NumPy, Power BI, Python, Epic Systems, Git",131097,144246,Health Data & Bioinformatics
Senior EHR Integration Engineer,Ironwood Wellness Systems,"San Diego, CA",Internship,"Healthcare Interoperability, HL7, REST API Design, Docker, MySQL, Communication",120760,132397,Health Data & Bioinformatics
Mid-level EHR Systems Analyst,Lumen Medical Systems,"Dublin, Ireland",Part-time,"Health Informatics, HL7, HIPAA Security Rule, Clinical Data Management, MySQL, Kubernetes, System Design, Communication",85868,103852,Health Data & Bioinformatics
Mid-level Healthcare Software Engineer,Pinecrest Bridge Tech,"San Diego, CA",Full-time,"Microservices Architecture, System Design, Amazon Web Services, REST API Design, Kubernetes, Electronic Health Records (EHR), Population Health Analytics, Project Management",92185,108876,Health Data & Bioinformatics
Staff Clinical Systems Engineer,Bluepeak Diagnostics,"Atlanta, GA",Full-time,"Clinical Data Management, HL7, Electronic Health Records (EHR), Cerner, System Design, C#, Docker",150438,158530,Health Data & Bioinformatics
Lead Director of Health Informatics,Ashgrove Diagnostics,"Minneapolis, MN",Part-time,"Clinical Data Management, Healthcare Interoperability, Apache Spark, Confluence",157490,162757,Health Data & Bioinformatics
Senior Healthcare Interoperability Engineer,Northgate Wellness Systems,"Austin, TX",Full-time,"HIPAA Compliance, Epic Systems, Healthcare Interoperability, Java",139218,142375,Health Data & Bioinformatics
Mid-level Clinical Data Analyst,Windmere Bridge Tech,"Pittsburgh, PA",Full-time,"Cerner, Population Health Analytics, Healthcare Interoperability, Electronic Health Records (EHR), Medical Coding (ICD-10), A/B Testing, SQL, NumPy",81136,103466,Health Data & Bioinformatics
Senior Medical Coding Data Specialist,Cascadia Health Networks,"Raleigh, NC",Internship,"HIPAA Security Rule, Electronic Health Records (EHR), HL7, Tableau, Python, Confluence",119094,145861,Health Data & Bioinformatics
Senior EHR Integration Engineer,Bluepeak Diagnostics,"Chicago, IL",Full-time,"Telehealth Systems, Healthcare Interoperability, HIPAA Compliance, Epic Systems, Java",109988,132182,Health Data & Bioinformatics
Lead Director of Health Informatics,Beacon Health Analytics,Remote,Internship,"FHIR Standards, Electronic Health Records (EHR), HL7, Cerner, Scikit-learn, Python, Communication",170329,176720,Health Data & Bioinformatics
Mid-level Clinical Systems Engineer,Palisade Precision Health,"Toronto, Canada",Full-time,"Health Informatics, Clinical Data Management, Epic Systems, C#, Kubernetes, Docker, project management",100061,105449,Health Data & Bioinformatics
Mid-level Health Data Engineer,Aequus Cloud Labs,Remote,Full-time,"PyTorch, A/B Testing, NumPy, Scikit-learn, Docker, MySQL, Agile Methodology",83801,94581,Health Data & Bioinformatics
Intern Population Health Analyst,Solace Health Solutions,Remote,Part-time,"HIPAA Security Rule, FHIR Standards, Epic Systems, Clinical Data Management, Healthcare Interoperability, Apache Spark, Team Leadership",23680,39687,Health Data & Bioinformatics
Lead EHR Integration Engineer,Redwood Bio Systems,"Dublin, Ireland",Full-time,"FHIR Standards, Cerner, Health Informatics, Amazon Web Services",141305,158082,Health Data & Bioinformatics
Staff HIPAA Compliance Engineer,Halcyon Bridge Tech,"London, UK",Internship,"Telehealth Systems, Healthcare Interoperability, FHIR Standards, HIPAA Security Rule, Kubernetes, MySQL",155190,165141,Health Data & Bioinformatics
Senior Medical Coding Data Specialist,Kernel Precision Health,"Pittsburgh, PA",Internship,"HIPAA Compliance, HIPAA Security Rule, Medical Coding (ICD-10), Cerner, Telehealth Systems, NumPy",144881,148074,Health Data & Bioinformatics
Lead Clinical Data Analyst,Medix Health Networks,"New York, NY",Internship,"HIPAA Compliance, Cerner, Epic Systems, Data Visualization, Scikit-learn, Natural Language Processing",162230,167252,Health Data & Bioinformatics
Intern Population Health Analyst,Auralis Systems,"Seattle, WA",Full-time,"Clinical Data Management, Cerner, FHIR Standards, Epic Systems, A/B Testing, ETL Pipelines, PyTorch",23950,34356,Health Data & Bioinformatics
Mid-level Clinical Data Analyst,Halcyon Data Health,"Atlanta, GA",Full-time,"Health Informatics, Clinical Data Management, HL7, Pandas, Statistics",102479,110476,Health Data & Bioinformatics
Lead Healthcare Software Engineer,Vitalis Digital,"Pittsburgh, PA",Full-time,"Microservices Architecture, System Design, Cerner",141640,156394,Health Data & Bioinformatics
Senior Clinical Data Analyst,Copperline Care Analytics,"Berlin, Germany",Full-time,"FHIR Standards, Electronic Health Records (EHR), Telehealth Systems, HIPAA Security Rule, Health Informatics, Data Visualization",109834,150217,Health Data & Bioinformatics
